Date,Open,High,Low,close split,Close splits and dividend,Volume
1980-12-12,0.13,0.13,0.13,0.13,0.1,469033600.0
1980-12-15,0.12,0.12,0.12,0.12,0.09,175884800.0
1980-12-16,0.11,0.11,0.11,0.11,0.09,105728000.0
1980-12-17,0.12,0.12,0.12,0.12,0.09,86441600.0
1980-12-18,0.12,0.12,0.12,0.12,0.09,73449600.0
1980-12-19,0.13,0.13,0.13,0.13,0.1,48630400.0
1980-12-22,0.13,0.13,0.13,0.13,0.1,37363200.0
1980-12-23,0.14,0.14,0.14,0.14,0.11,46950400.0
1980-12-24,0.15,0.15,0.15,0.15,0.11,48003200.0
1980-12-26,0.16,0.16,0.16,0.16,0.12,55574400.0
1980-12-29,0.16,0.16,0.16,0.16,0.12,93161600.0
1980-12-30,0.16,0.16,0.16,0.16,0.12,68880000.0
1980-12-31,0.15,0.15,0.15,0.15,0.12,35750400.0
1981-01-02,0.15,0.16,0.15,0.15,0.12,21660800.0
1981-01-05,0.15,0.15,0.15,0.15,0.12,35728000.0
1981-01-06,0.14,0.14,0.14,0.14,0.11,45158400.0
1981-01-07,0.14,0.14,0.14,0.14,0.11,55686400.0
1981-01-08,0.14,0.14,0.14,0.14,0.1,39827200.0
1981-01-09,0.14,0.14,0.14,0.14,0.11,21504000.0
1981-01-12,0.14,0.14,0.14,0.14,0.11,23699200.0
1981-01-13,0.14,0.14,0.14,0.14,0.1,23049600.0
1981-01-14,0.14,0.14,0.14,0.14,0.1,14291200.0
1981-01-15,0.14,0.14,0.14,0.14,0.11,14067200.0
1981-01-16,0.14,0.14,0.14,0.14,0.11,13395200.0
1981-01-19,0.15,0.15,0.15,0.15,0.11,41574400.0
1981-01-20,0.14,0.14,0.14,0.14,0.11,30083200.0
1981-01-21,0.15,0.15,0.15,0.15,0.11,15904000.0
1981-01-22,0.15,0.15,0.15,0.15,0.11,35548800.0
1981-01-23,0.15,0.15,0.15,0.15,0.11,11222400.0
1981-01-26,0.14,0.14,0.14,0.14,0.11,24640000.0
1981-01-27,0.14,0.14,0.14,0.14,0.11,23699200.0
1981-01-28,0.14,0.14,0.14,0.14,0.11,28156800.0
1981-01-29,0.13,0.13,0.13,0.13,0.1,43904000.0
1981-01-30,0.13,0.13,0.13,0.13,0.1,46188800.0
1981-02-02,0.12,0.12,0.12,0.12,0.09,23766400.0
1981-02-03,0.12,0.12,0.12,0.12,0.09,19152000.0
1981-02-04,0.13,0.13,0.13,0.13,0.1,27865600.0
1981-02-05,0.13,0.13,0.13,0.13,0.1,7929600.0
1981-02-06,0.13,0.13,0.13,0.13,0.1,13865600.0
1981-02-09,0.12,0.12,0.12,0.12,0.09,16755200.0
1981-02-10,0.12,0.12,0.12,0.12,0.09,18345600.0
1981-02-11,0.12,0.12,0.12,0.12,0.09,13843200.0
1981-02-12,0.12,0.12,0.12,0.12,0.09,14560000.0
1981-02-13,0.11,0.11,0.11,0.11,0.09,11155200.0
1981-02-17,0.12,0.12,0.12,0.12,0.09,12275200.0
1981-02-18,0.12,0.12,0.12,0.12,0.09,19241600.0
1981-02-19,0.11,0.11,0.11,0.11,0.09,22310400.0
1981-02-20,0.11,0.11,0.11,0.11,0.08,24371200.0
1981-02-23,0.11,0.11,0.11,0.11,0.08,14112000.0
1981-02-24,0.11,0.11,0.11,0.11,0.08,16979200.0
1981-02-25,0.11,0.11,0.11,0.11,0.09,19488000.0
1981-02-26,0.11,0.11,0.11,0.11,0.09,10841600.0
1981-02-27,0.12,0.12,0.12,0.12,0.09,14761600.0
1981-03-02,0.12,0.12,0.12,0.12,0.09,11760000.0
1981-03-03,0.12,0.12,0.12,0.12,0.09,16172800.0
1981-03-04,0.12,0.12,0.12,0.12,0.09,13708800.0
1981-03-05,0.12,0.12,0.12,0.12,0.09,5376000.0
1981-03-06,0.12,0.12,0.11,0.11,0.09,11603200.0
1981-03-09,0.11,0.11,0.11,0.11,0.08,15321600.0
1981-03-10,0.1,0.1,0.1,0.1,0.08,28380800.0
1981-03-11,0.1,0.1,0.1,0.1,0.07,29859200.0
1981-03-12,0.1,0.1,0.1,0.1,0.08,59248000.0
1981-03-13,0.1,0.1,0.1,0.1,0.08,231302400.0
1981-03-16,0.1,0.1,0.1,0.1,0.08,37228800.0
1981-03-17,0.11,0.11,0.11,0.11,0.08,43747200.0
1981-03-18,0.11,0.12,0.11,0.11,0.09,36937600.0
1981-03-19,0.11,0.11,0.11,0.11,0.09,37811200.0
1981-03-20,0.11,0.12,0.11,0.11,0.09,14604800.0
1981-03-23,0.12,0.12,0.12,0.12,0.09,22019200.0
1981-03-24,0.12,0.12,0.12,0.12,0.09,28156800.0
1981-03-25,0.12,0.12,0.12,0.12,0.09,7056000.0
1981-03-26,0.11,0.11,0.11,0.11,0.09,12275200.0
1981-03-27,0.11,0.11,0.11,0.11,0.08,12252800.0
1981-03-30,0.11,0.11,0.11,0.11,0.08,9900800.0
1981-03-31,0.11,0.11,0.11,0.11,0.08,15993600.0
1981-04-01,0.11,0.11,0.11,0.11,0.08,34070400.0
1981-04-02,0.12,0.12,0.12,0.12,0.09,31404800.0
1981-04-03,0.12,0.12,0.12,0.12,0.09,16486400.0
1981-04-06,0.12,0.12,0.12,0.12,0.09,22803200.0
1981-04-07,0.12,0.12,0.11,0.11,0.09,10684800.0
1981-04-08,0.12,0.12,0.12,0.12,0.09,21952000.0
1981-04-09,0.12,0.12,0.12,0.12,0.09,12499200.0
1981-04-10,0.12,0.13,0.12,0.12,0.1,33465600.0
1981-04-13,0.12,0.13,0.12,0.12,0.1,16060800.0
1981-04-14,0.12,0.13,0.12,0.12,0.1,6652800.0
1981-04-15,0.12,0.12,0.12,0.12,0.09,34048000.0
1981-04-16,0.11,0.11,0.11,0.11,0.09,23878400.0
1981-04-20,0.11,0.12,0.11,0.11,0.09,35347200.0
1981-04-21,0.12,0.12,0.12,0.12,0.09,28537600.0
1981-04-22,0.13,0.13,0.13,0.13,0.1,18995200.0
1981-04-23,0.13,0.13,0.13,0.13,0.1,58016000.0
1981-04-24,0.13,0.13,0.13,0.13,0.1,35056000.0
1981-04-27,0.13,0.13,0.13,0.13,0.1,38528000.0
1981-04-28,0.13,0.13,0.13,0.13,0.1,32188800.0
1981-04-29,0.13,0.13,0.12,0.12,0.1,13641600.0
1981-04-30,0.13,0.13,0.13,0.13,0.1,12611200.0
1981-05-01,0.13,0.13,0.13,0.13,0.1,16553600.0
1981-05-04,0.13,0.13,0.13,0.13,0.1,14448000.0
1981-05-05,0.13,0.13,0.13,0.13,0.1,17539200.0
1981-05-06,0.12,0.12,0.12,0.12,0.09,18950400.0
1981-05-07,0.12,0.12,0.12,0.12,0.1,9363200.0
1981-05-08,0.13,0.13,0.13,0.13,0.1,7907200.0
1981-05-11,0.12,0.12,0.12,0.12,0.09,11939200.0
1981-05-12,0.12,0.12,0.12,0.12,0.09,4256000.0
1981-05-13,0.12,0.12,0.12,0.12,0.09,4905600.0
1981-05-14,0.12,0.12,0.12,0.12,0.09,4928000.0
1981-05-15,0.12,0.12,0.12,0.12,0.09,4905600.0
1981-05-18,0.13,0.13,0.13,0.13,0.1,4166400.0
1981-05-19,0.12,0.12,0.12,0.12,0.09,25424000.0
1981-05-20,0.13,0.13,0.13,0.13,0.1,13283200.0
1981-05-21,0.13,0.13,0.13,0.13,0.1,32211200.0
1981-05-22,0.14,0.14,0.14,0.14,0.11,31427200.0
1981-05-26,0.14,0.14,0.14,0.14,0.11,85344000.0
1981-05-27,0.15,0.15,0.15,0.15,0.11,149497600.0
1981-05-28,0.15,0.15,0.15,0.15,0.11,73987200.0
1981-05-29,0.15,0.15,0.15,0.15,0.11,59382400.0
1981-06-01,0.15,0.15,0.15,0.15,0.11,51251200.0
1981-06-02,0.14,0.14,0.14,0.14,0.11,40432000.0
1981-06-03,0.14,0.14,0.14,0.14,0.11,39446400.0
1981-06-04,0.14,0.14,0.14,0.14,0.11,56067200.0
1981-06-05,0.14,0.14,0.14,0.14,0.11,57680000.0
1981-06-08,0.14,0.14,0.14,0.14,0.1,93497600.0
1981-06-09,0.14,0.14,0.14,0.14,0.11,119593600.0
1981-06-10,0.14,0.14,0.14,0.14,0.11,25222400.0
1981-06-11,0.15,0.15,0.15,0.15,0.11,38976000.0
1981-06-12,0.15,0.15,0.15,0.15,0.11,25804800.0
1981-06-15,0.15,0.15,0.14,0.14,0.11,143763200.0
1981-06-16,0.14,0.14,0.14,0.14,0.11,37251200.0
1981-06-17,0.14,0.14,0.14,0.14,0.11,27574400.0
1981-06-18,0.14,0.14,0.14,0.14,0.11,23049600.0
1981-06-19,0.14,0.14,0.14,0.14,0.1,27507200.0
1981-06-22,0.13,0.13,0.13,0.13,0.1,10841600.0
1981-06-23,0.13,0.13,0.13,0.13,0.1,15030400.0
1981-06-24,0.13,0.13,0.13,0.13,0.1,23027200.0
1981-06-25,0.13,0.13,0.13,0.13,0.1,24259200.0
1981-06-26,0.13,0.13,0.13,0.13,0.1,23788800.0
1981-06-29,0.13,0.13,0.13,0.13,0.1,10595200.0
1981-06-30,0.12,0.12,0.12,0.12,0.09,35907200.0
1981-07-01,0.12,0.12,0.11,0.11,0.09,170464000.0
1981-07-02,0.11,0.12,0.11,0.11,0.09,30284800.0
1981-07-06,0.11,0.11,0.11,0.11,0.09,16531200.0
1981-07-07,0.11,0.11,0.11,0.11,0.09,15836800.0
1981-07-08,0.12,0.12,0.12,0.12,0.09,16620800.0
1981-07-09,0.11,0.11,0.11,0.11,0.08,32883200.0
1981-07-10,0.1,0.1,0.1,0.1,0.08,55171200.0
1981-07-13,0.1,0.1,0.1,0.1,0.08,45740800.0
1981-07-14,0.11,0.11,0.11,0.11,0.08,19779200.0
1981-07-15,0.11,0.11,0.11,0.11,0.08,10953600.0
1981-07-16,0.11,0.11,0.11,0.11,0.09,15232000.0
1981-07-17,0.12,0.12,0.12,0.12,0.09,19824000.0
1981-07-20,0.11,0.11,0.11,0.11,0.08,23654400.0
1981-07-21,0.11,0.11,0.11,0.11,0.08,31942400.0
1981-07-22,0.1,0.1,0.1,0.1,0.08,22668800.0
1981-07-23,0.1,0.1,0.1,0.1,0.08,34451200.0
1981-07-24,0.11,0.11,0.11,0.11,0.08,28851200.0
1981-07-27,0.11,0.11,0.11,0.11,0.09,17337600.0
1981-07-28,0.11,0.11,0.11,0.11,0.08,22848000.0
1981-07-29,0.11,0.11,0.11,0.11,0.08,15500800.0
1981-07-30,0.11,0.11,0.11,0.11,0.08,9900800.0
1981-07-31,0.11,0.11,0.11,0.11,0.09,10953600.0
1981-08-03,0.11,0.11,0.11,0.11,0.08,12432000.0
1981-08-04,0.11,0.11,0.11,0.11,0.09,31673600.0
1981-08-05,0.12,0.12,0.12,0.12,0.09,17494400.0
1981-08-06,0.11,0.11,0.11,0.11,0.09,10528000.0
1981-08-07,0.11,0.11,0.11,0.11,0.09,9206400.0
1981-08-10,0.11,0.11,0.11,0.11,0.09,
1981-08-11,0.11,0.11,0.11,0.11,0.08,71456000.0
1981-08-12,0.11,0.11,0.11,0.11,0.08,26275200.0
1981-08-13,0.1,0.1,0.1,0.1,0.08,27484800.0
1981-08-14,0.1,0.1,0.1,0.1,0.08,24192000.0
1981-08-17,0.1,0.1,0.1,0.1,0.08,18905600.0
1981-08-18,0.1,0.1,0.1,0.1,0.07,17001600.0
1981-08-19,0.1,0.1,0.1,0.1,0.07,20675200.0
1981-08-20,0.1,0.1,0.1,0.1,0.07,17113600.0
1981-08-21,0.09,0.09,0.09,0.09,0.07,41910400.0
1981-08-24,0.08,0.08,0.08,0.08,0.06,23072000.0
1981-08-25,0.09,0.09,0.09,0.09,0.07,40700800.0
1981-08-26,0.09,0.09,0.08,0.08,0.07,33600000.0
1981-08-27,0.09,0.09,0.09,0.09,0.07,25916800.0
1981-08-28,0.09,0.09,0.09,0.09,0.07,38035200.0
1981-08-31,0.09,0.09,0.09,0.09,0.07,40947200.0
1981-09-01,0.1,0.1,0.1,0.1,0.07,37027200.0
1981-09-02,0.1,0.1,0.1,0.1,0.07,19376000.0
1981-09-03,0.09,0.09,0.09,0.09,0.07,37475200.0
1981-09-04,0.09,0.09,0.09,0.09,0.07,15254400.0
1981-09-08,0.09,0.09,0.09,0.09,0.07,25446400.0
1981-09-09,0.09,0.09,0.09,0.09,0.07,30531200.0
1981-09-10,0.09,0.09,0.09,0.09,0.07,34809600.0
1981-09-11,0.09,0.09,0.09,0.09,0.07,17539200.0
1981-09-14,0.09,0.09,0.08,0.08,0.07,27686400.0
1981-09-15,0.08,0.08,0.08,0.08,0.06,19510400.0
1981-09-16,0.08,0.08,0.08,0.08,0.06,19353600.0
1981-09-17,0.08,0.08,0.08,0.08,0.06,19376000.0
1981-09-18,0.08,0.08,0.08,0.08,0.06,26320000.0
1981-09-21,0.08,0.08,0.08,0.08,0.06,49033600.0
1981-09-22,0.08,0.08,0.08,0.08,0.06,47420800.0
1981-09-23,0.07,0.07,0.07,0.07,0.06,28201600.0
1981-09-24,0.07,0.07,0.07,0.07,0.06,18300800.0
1981-09-25,0.06,0.06,0.06,0.06,0.05,34608000.0
1981-09-28,0.06,0.06,0.06,0.06,0.05,91728000.0
1981-09-29,0.07,0.07,0.07,0.07,0.05,94684800.0
1981-09-30,0.07,0.07,0.07,0.07,0.05,49996800.0
1981-10-01,0.07,0.07,0.07,0.07,0.05,61129600.0
1981-10-02,0.07,0.07,0.07,0.07,0.06,45046400.0
1981-10-05,0.08,0.08,0.08,0.08,0.06,43097600.0
1981-10-06,0.08,0.08,0.08,0.08,0.06,28358400.0
1981-10-07,0.08,0.08,0.08,0.08,0.06,38841600.0
1981-10-08,0.08,0.08,0.08,0.08,0.06,31091200.0
1981-10-09,0.08,0.08,0.08,0.08,0.06,54521600.0
1981-10-12,0.09,0.09,0.09,0.09,0.07,27350400.0
1981-10-13,0.09,0.09,0.09,0.09,0.07,44195200.0
1981-10-14,0.08,0.08,0.08,0.08,0.06,30979200.0
1981-10-15,0.08,0.08,0.08,0.08,0.06,29433600.0
1981-10-16,0.08,0.08,0.08,0.08,0.06,36467200.0
1981-10-19,0.08,0.08,0.08,0.08,0.06,20585600.0
1981-10-20,0.09,0.09,0.09,0.09,0.07,35728000.0
1981-10-21,0.09,0.09,0.09,0.09,0.07,76899200.0
1981-10-22,0.09,0.09,0.09,0.09,0.07,32278400.0
1981-10-23,0.09,0.09,0.08,0.08,0.07,27910400.0
1981-10-26,0.08,0.09,0.08,0.08,0.07,27283200.0
1981-10-27,0.09,0.09,0.09,0.09,0.07,85590400.0
1981-10-28,0.09,0.09,0.09,0.09,0.07,44172800.0
1981-10-29,0.09,0.09,0.09,0.09,0.07,30486400.0
1981-10-30,0.09,0.09,0.09,0.09,0.07,52729600.0
1981-11-02,0.09,0.09,0.09,0.09,0.07,36915200.0
1981-11-03,0.09,0.09,0.09,0.09,0.07,28380800.0
1981-11-04,0.09,0.09,0.09,0.09,0.07,23811200.0
1981-11-05,0.08,0.08,0.08,0.08,0.06,23363200.0
1981-11-06,0.08,0.08,0.08,0.08,0.06,24595200.0
1981-11-09,0.08,0.08,0.08,0.08,0.06,20384000.0
1981-11-10,0.08,0.08,0.08,0.08,0.06,16755200.0
1981-11-11,0.08,0.08,0.08,0.08,0.06,27440000.0
1981-11-12,0.09,0.09,0.09,0.09,0.07,39916800.0
1981-11-13,0.08,0.08,0.08,0.08,0.06,21011200.0
1981-11-16,0.08,0.08,0.08,0.08,0.06,22556800.0
1981-11-17,0.08,0.08,0.08,0.08,0.06,35414400.0
1981-11-18,0.08,0.08,0.08,0.08,0.06,29142400.0
1981-11-19,0.08,0.08,0.08,0.08,0.06,40006400.0
1981-11-20,0.08,0.09,0.08,0.08,0.07,38102400.0
1981-11-23,0.08,0.08,0.08,0.08,0.06,22960000.0
1981-11-24,0.08,0.08,0.08,0.08,0.06,22153600.0
1981-11-25,0.08,0.08,0.08,0.08,0.06,52550400.0
1981-11-27,0.08,0.08,0.08,0.08,0.06,37251200.0
1981-11-30,0.08,0.08,0.08,0.08,0.06,23968000.0
1981-12-01,0.08,0.08,0.08,0.08,0.06,23385600.0
1981-12-02,0.08,0.08,0.08,0.08,0.06,37564800.0
1981-12-03,0.08,0.08,0.08,0.08,0.06,20428800.0
1981-12-04,0.08,0.09,0.08,0.08,0.07,137155200.0
1981-12-07,0.09,0.09,0.09,0.09,0.07,59292800.0
1981-12-08,0.08,0.08,0.08,0.08,0.06,50624000.0
1981-12-09,0.08,0.08,0.08,0.08,0.06,34272000.0
1981-12-10,0.08,0.08,0.08,0.08,0.06,37408000.0
1981-12-11,0.08,0.08,0.08,0.08,0.06,76092800.0
1981-12-14,0.08,0.08,0.08,0.08,0.06,25244800.0
1981-12-15,0.08,0.08,0.08,0.08,0.06,31315200.0
1981-12-16,0.09,0.09,0.09,0.09,0.07,65452800.0
1981-12-17,0.09,0.09,0.09,0.09,0.07,51452800.0
1981-12-18,0.1,0.1,0.1,0.1,0.08,71724800.0
1981-12-21,0.1,0.1,0.1,0.1,0.07,56403200.0
1981-12-22,0.1,0.1,0.1,0.1,0.08,53827200.0
1981-12-23,0.1,0.1,0.1,0.1,0.07,28896000.0
1981-12-24,0.1,0.1,0.1,0.1,0.07,28918400.0
1981-12-28,0.09,0.09,0.09,0.09,0.07,36579200.0
1981-12-29,0.09,0.1,0.09,0.09,0.07,24236800.0
1981-12-30,0.1,0.1,0.1,0.1,0.08,32188800.0
1981-12-31,0.1,0.1,0.1,0.1,0.08,54656000.0
1982-01-04,0.1,0.1,0.1,0.1,0.08,71254400.0
1982-01-05,0.09,0.09,0.09,0.09,0.07,35840000.0
1982-01-06,0.09,0.09,0.09,0.09,0.07,66080000.0
1982-01-07,0.09,0.09,0.08,0.08,0.07,70044800.0
1982-01-08,0.09,0.09,0.09,0.09,0.07,56604800.0
1982-01-11,0.08,0.08,0.08,0.08,0.06,33331200.0
1982-01-12,0.08,0.08,0.08,0.08,0.06,59920000.0
1982-01-13,0.08,0.08,0.08,0.08,0.06,41753600.0
1982-01-14,0.08,0.08,0.08,0.08,0.06,25715200.0
1982-01-15,0.09,0.09,0.09,0.09,0.07,46704000.0
1982-01-18,0.09,0.09,0.09,0.09,0.07,28000000.0
1982-01-19,0.09,0.09,0.09,0.09,0.07,55507200.0
1982-01-20,0.09,0.09,0.09,0.09,0.07,25827200.0
1982-01-21,0.09,0.09,0.09,0.09,0.07,33331200.0
1982-01-22,0.09,0.09,0.09,0.09,0.07,24259200.0
1982-01-25,0.09,0.09,0.09,0.09,0.07,44710400.0
1982-01-26,0.09,0.09,0.09,0.09,0.07,21212800.0
1982-01-27,0.09,0.09,0.09,0.09,0.07,31360000.0
1982-01-28,0.09,0.09,0.09,0.09,0.07,39603200.0
1982-01-29,0.09,0.09,0.09,0.09,0.07,53155200.0
1982-02-01,0.09,0.09,0.09,0.09,0.07,38528000.0
1982-02-02,0.09,0.09,0.09,0.09,0.07,54275200.0
1982-02-03,0.09,0.09,0.09,0.09,0.07,31472000.0
1982-02-04,0.09,0.09,0.09,0.09,0.07,22041600.0
1982-02-05,0.09,0.09,0.09,0.09,0.07,40297600.0
1982-02-08,0.08,0.08,0.08,0.08,0.06,31696000.0
1982-02-09,0.08,0.08,0.08,0.08,0.06,57904000.0
1982-02-10,0.08,0.08,0.08,0.08,0.06,38796800.0
1982-02-11,0.08,0.08,0.08,0.08,0.06,24528000.0
1982-02-12,0.08,0.08,0.08,0.08,0.06,19644800.0
1982-02-16,0.08,0.08,0.08,0.08,0.06,34316800.0
1982-02-17,0.08,0.08,0.08,0.08,0.06,25580800.0
1982-02-18,0.08,0.08,0.08,0.08,0.06,28380800.0
1982-02-19,0.08,0.08,0.08,0.08,0.06,13596800.0
1982-02-22,0.08,0.08,0.08,0.08,0.06,26633600.0
1982-02-23,0.08,0.08,0.08,0.08,0.06,34540800.0
1982-02-24,0.08,0.08,0.08,0.08,0.06,37945600.0
1982-02-25,0.08,0.08,0.08,0.08,0.06,30800000.0
1982-02-26,0.08,0.08,0.08,0.08,0.06,17427200.0
1982-03-01,0.08,0.08,0.08,0.08,0.06,35302400.0
1982-03-02,0.08,0.08,0.08,0.08,0.06,34809600.0
1982-03-03,0.08,0.08,0.08,0.08,0.06,23654400.0
1982-03-04,0.08,0.08,0.08,0.08,0.06,38371200.0
1982-03-05,0.07,0.07,0.07,0.07,0.06,45315200.0
1982-03-08,0.07,0.07,0.07,0.07,0.06,35145600.0
1982-03-09,0.07,0.07,0.07,0.07,0.06,52505600.0
1982-03-10,0.07,0.07,0.07,0.07,0.06,86934400.0
1982-03-11,0.07,0.07,0.07,0.07,0.06,22579200.0
1982-03-12,0.07,0.07,0.07,0.07,0.05,46547200.0
1982-03-15,0.07,0.07,0.07,0.07,0.05,51363200.0
1982-03-16,0.07,0.07,0.07,0.07,0.05,47152000.0
1982-03-17,0.06,0.06,0.06,0.06,0.05,50489600.0
1982-03-18,0.07,0.07,0.07,0.07,0.05,56336000.0
1982-03-19,0.07,0.07,0.07,0.07,0.06,65811200.0
1982-03-22,0.08,0.08,0.08,0.08,0.06,69193600.0
1982-03-23,0.08,0.08,0.08,0.08,0.06,55955200.0
1982-03-24,0.07,0.07,0.07,0.07,0.06,51609600.0
1982-03-25,0.07,0.07,0.07,0.07,0.06,84112000.0
1982-03-26,0.07,0.07,0.07,0.07,0.06,50780800.0
1982-03-29,0.07,0.07,0.07,0.07,0.06,67603200.0
1982-03-30,0.08,0.08,0.08,0.08,0.06,77952000.0
1982-03-31,0.08,0.08,0.08,0.08,0.06,50153600.0
1982-04-01,0.08,0.08,0.08,0.08,0.06,59136000.0
1982-04-02,0.08,0.08,0.08,0.08,0.06,84806400.0
1982-04-05,0.08,0.08,0.08,0.08,0.06,86643200.0
1982-04-06,0.08,0.08,0.08,0.08,0.06,71590400.0
1982-04-07,0.08,0.08,0.08,0.08,0.06,29097600.0
1982-04-08,0.08,0.08,0.08,0.08,0.06,23990400.0
1982-04-12,0.08,0.08,0.08,0.08,0.06,44307200.0
1982-04-13,0.07,0.07,0.07,0.07,0.05,85299200.0
1982-04-14,0.07,0.07,0.07,0.07,0.06,113590400.0
1982-04-15,0.07,0.07,0.07,0.07,0.06,164281600.0
1982-04-16,0.08,0.08,0.08,0.08,0.06,104048000.0
1982-04-19,0.07,0.07,0.07,0.07,0.06,41283200.0
1982-04-20,0.07,0.07,0.07,0.07,0.05,80550400.0
1982-04-21,0.07,0.07,0.07,0.07,0.05,73024000.0
1982-04-22,0.07,0.07,0.07,0.07,0.05,52595200.0
1982-04-23,0.07,0.07,0.07,0.07,0.05,48294400.0
1982-04-26,0.07,0.07,0.07,0.07,0.05,57926400.0
1982-04-27,0.07,0.07,0.07,0.07,0.05,70268800.0
1982-04-28,0.07,0.07,0.07,0.07,0.05,99232000.0
1982-04-29,0.07,0.07,0.07,0.07,0.05,82230400.0
1982-04-30,0.07,0.07,0.07,0.07,0.05,277401600.0
1982-05-03,0.07,0.07,0.07,0.07,0.05,82700800.0
1982-05-04,0.07,0.07,0.07,0.07,0.05,73987200.0
1982-05-05,0.07,0.07,0.07,0.07,0.05,53939200.0
1982-05-06,0.07,0.07,0.07,0.07,0.05,75465600.0
1982-05-07,0.07,0.07,0.07,0.07,0.06,84716800.0
1982-05-10,0.07,0.07,0.07,0.07,0.05,31606400.0
1982-05-11,0.07,0.07,0.07,0.07,0.05,103017600.0
1982-05-12,0.07,0.07,0.07,0.07,0.05,71008000.0
1982-05-13,0.07,0.07,0.07,0.07,0.05,54454400.0
1982-05-14,0.07,0.07,0.07,0.07,0.05,95737600.0
1982-05-17,0.06,0.06,0.06,0.06,0.05,76204800.0
1982-05-18,0.06,0.06,0.06,0.06,0.05,122035200.0
1982-05-19,0.06,0.06,0.06,0.06,0.05,75286400.0
1982-05-20,0.06,0.06,0.06,0.06,0.05,27619200.0
1982-05-21,0.06,0.06,0.06,0.06,0.05,38841600.0
1982-05-24,0.06,0.06,0.06,0.06,0.05,31987200.0
1982-05-25,0.06,0.06,0.06,0.06,0.05,51564800.0
1982-05-26,0.06,0.06,0.06,0.06,0.05,43276800.0
1982-05-27,0.06,0.06,0.06,0.06,0.05,31248000.0
1982-05-28,0.06,0.06,0.06,0.06,0.05,19196800.0
1982-06-01,0.06,0.06,0.06,0.06,0.05,47600000.0
1982-06-02,0.06,0.06,0.06,0.06,0.05,32905600.0
1982-06-03,0.06,0.06,0.06,0.06,0.05,39760000.0
1982-06-04,0.06,0.06,0.06,0.06,0.04,37676800.0
1982-06-07,0.06,0.06,0.06,0.06,0.04,37161600.0
1982-06-08,0.06,0.06,0.06,0.06,0.04,31404800.0
1982-06-09,0.06,0.06,0.06,0.06,0.04,33846400.0
1982-06-10,0.06,0.06,0.06,0.06,0.04,34406400.0
1982-06-11,0.06,0.06,0.06,0.06,0.05,54633600.0
1982-06-14,0.06,0.06,0.06,0.06,0.05,29993600.0
1982-06-15,0.06,0.06,0.06,0.06,0.05,35212800.0
1982-06-16,0.06,0.06,0.06,0.06,0.05,41731200.0
1982-06-17,0.06,0.06,0.06,0.06,0.04,29164800.0
1982-06-18,0.06,0.06,0.06,0.06,0.04,19868800.0
1982-06-21,0.06,0.06,0.06,0.06,0.04,28537600.0
1982-06-22,0.06,0.06,0.06,0.06,0.05,17561600.0
1982-06-23,0.06,0.06,0.06,0.06,0.05,52752000.0
1982-06-24,0.06,0.06,0.06,0.06,0.05,44150400.0
1982-06-25,0.06,0.06,0.06,0.06,0.05,26678400.0
1982-06-28,0.06,0.06,0.06,0.06,0.04,25155200.0
1982-06-29,0.06,0.06,0.06,0.06,0.04,35817600.0
1982-06-30,0.06,0.06,0.06,0.06,0.04,67625600.0
1982-07-01,0.06,0.06,0.06,0.06,0.04,55731200.0
1982-07-02,0.05,0.05,0.05,0.05,0.04,58105600.0
1982-07-06,0.05,0.05,0.05,0.05,0.04,87696000.0
1982-07-07,0.05,0.05,0.05,0.05,0.04,30374400.0
1982-07-08,0.05,0.05,0.05,0.05,0.04,164326400.0
1982-07-09,0.05,0.05,0.05,0.05,0.04,128419200.0
1982-07-12,0.05,0.05,0.05,0.05,0.04,63392000.0
1982-07-13,0.06,0.06,0.06,0.06,0.04,114374400.0
1982-07-14,0.06,0.06,0.06,0.06,0.04,71120000.0
1982-07-15,0.06,0.06,0.06,0.06,0.04,65788800.0
1982-07-16,0.06,0.06,0.06,0.06,0.05,77011200.0
1982-07-19,0.06,0.06,0.06,0.06,0.05,83776000.0
1982-07-20,0.06,0.06,0.06,0.06,0.05,49705600.0
1982-07-21,0.06,0.06,0.06,0.06,0.05,71702400.0
1982-07-22,0.06,0.06,0.06,0.06,0.05,35212800.0
1982-07-23,0.06,0.06,0.06,0.06,0.05,18300800.0
1982-07-26,0.06,0.06,0.06,0.06,0.05,56851200.0
1982-07-27,0.06,0.06,0.06,0.06,0.05,32323200.0
1982-07-28,0.06,0.06,0.06,0.06,0.04,53513600.0
1982-07-29,0.06,0.06,0.06,0.06,0.05,61868800.0
1982-07-30,0.06,0.06,0.06,0.06,0.05,38617600.0
1982-08-02,0.06,0.06,0.06,0.06,0.05,94393600.0
1982-08-03,0.06,0.06,0.06,0.06,0.04,89868800.0
1982-08-04,0.06,0.06,0.06,0.06,0.04,83865600.0
1982-08-05,0.06,0.06,0.06,0.06,0.04,69753600.0
1982-08-06,0.06,0.06,0.05,0.05,0.04,96835200.0
1982-08-09,0.06,0.06,0.06,0.06,0.04,56112000.0
1982-08-10,0.06,0.06,0.06,0.06,0.04,112246400.0
1982-08-11,0.06,0.06,0.06,0.06,0.05,69888000.0
1982-08-12,0.06,0.06,0.06,0.06,0.04,30620800.0
1982-08-13,0.06,0.06,0.06,0.06,0.04,25961600.0
1982-08-16,0.06,0.06,0.06,0.06,0.05,38416000.0
1982-08-17,0.06,0.06,0.06,0.06,0.05,47734400.0
1982-08-18,0.06,0.06,0.06,0.06,0.05,125059200.0
1982-08-19,0.06,0.06,0.06,0.06,0.05,47622400.0
1982-08-20,0.07,0.07,0.07,0.07,0.05,54857600.0
1982-08-23,0.07,0.07,0.07,0.07,0.05,69686400.0
1982-08-24,0.07,0.07,0.07,0.07,0.06,155769600.0
1982-08-25,0.08,0.08,0.08,0.08,0.06,357078400.0
1982-08-26,0.08,0.08,0.08,0.08,0.06,210582400.0
1982-08-27,0.08,0.08,0.08,0.08,0.06,98649600.0
1982-08-30,0.08,0.08,0.08,0.08,0.06,80438400.0
1982-08-31,0.08,0.08,0.08,0.08,0.06,140560000.0
1982-09-01,0.08,0.08,0.08,0.08,0.06,82566400.0
1982-09-02,0.08,0.08,0.08,0.08,0.06,75420800.0
1982-09-03,0.08,0.08,0.08,0.08,0.06,104540800.0
1982-09-07,0.08,0.08,0.08,0.08,0.06,81379200.0
1982-09-08,0.08,0.08,0.08,0.08,0.06,72329600.0
1982-09-09,0.08,0.08,0.08,0.08,0.06,63593600.0
1982-09-10,0.08,0.08,0.08,0.08,0.06,56067200.0
1982-09-13,0.08,0.08,0.08,0.08,0.06,58889600.0
1982-09-14,0.08,0.08,0.08,0.08,0.06,101494400.0
1982-09-15,0.08,0.08,0.08,0.08,0.06,71747200.0
1982-09-16,0.08,0.08,0.08,0.08,0.06,80371200.0
1982-09-17,0.08,0.08,0.08,0.08,0.06,54051200.0
1982-09-20,0.08,0.08,0.08,0.08,0.06,39132800.0
1982-09-21,0.08,0.08,0.08,0.08,0.06,36668800.0
1982-09-22,0.08,0.08,0.08,0.08,0.06,103376000.0
1982-09-23,0.08,0.08,0.08,0.08,0.06,139820800.0
1982-09-24,0.08,0.08,0.08,0.08,0.06,178192000.0
1982-09-27,0.08,0.08,0.08,0.08,0.06,38147200.0
1982-09-28,0.08,0.08,0.08,0.08,0.06,85523200.0
1982-09-29,0.08,0.08,0.08,0.08,0.06,65564800.0
1982-09-30,0.08,0.08,0.08,0.08,0.06,74681600.0
1982-10-01,0.08,0.08,0.08,0.08,0.06,46256000.0
1982-10-04,0.08,0.08,0.08,0.08,0.06,69328000.0
1982-10-05,0.08,0.09,0.08,0.08,0.06,80236800.0
1982-10-06,0.08,0.09,0.08,0.09,0.07,173532800.0
1982-10-07,0.09,0.1,0.09,0.1,0.07,311673600.0
1982-10-08,0.1,0.11,0.1,0.1,0.08,275542400.0
1982-10-11,0.1,0.11,0.1,0.11,0.08,313734400.0
1982-10-12,0.11,0.11,0.1,0.1,0.08,258944000.0
1982-10-13,0.1,0.11,0.1,0.1,0.08,198844800.0
1982-10-14,0.1,0.11,0.1,0.11,0.08,178662400.0
1982-10-15,0.1,0.1,0.1,0.1,0.08,144614400.0
1982-10-18,0.1,0.11,0.1,0.1,0.08,94348800.0
1982-10-19,0.1,0.11,0.1,0.11,0.08,122841600.0
1982-10-20,0.11,0.11,0.11,0.11,0.09,242099200.0
1982-10-21,0.11,0.12,0.11,0.12,0.09,227516800.0
1982-10-22,0.12,0.12,0.12,0.12,0.09,161683200.0
1982-10-25,0.12,0.12,0.11,0.11,0.08,184934400.0
1982-10-26,0.11,0.11,0.1,0.11,0.08,167753600.0
1982-10-27,0.11,0.11,0.11,0.11,0.09,191161600.0
1982-10-28,0.11,0.11,0.11,0.11,0.09,217683200.0
1982-10-29,0.11,0.11,0.11,0.11,0.09,118115200.0
1982-11-01,0.11,0.12,0.11,0.12,0.09,104361600.0
1982-11-02,0.12,0.13,0.12,0.13,0.1,310844800.0
1982-11-03,0.13,0.14,0.13,0.14,0.11,235132800.0
1982-11-04,0.14,0.14,0.14,0.14,0.11,329078400.0
1982-11-05,0.14,0.14,0.13,0.13,0.1,141500800.0
1982-11-08,0.13,0.14,0.13,0.13,0.1,119190400.0
1982-11-09,0.13,0.13,0.13,0.13,0.1,179782400.0
1982-11-10,0.13,0.14,0.13,0.14,0.11,202787200.0
1982-11-11,0.14,0.15,0.14,0.15,0.11,123155200.0
1982-11-12,0.15,0.15,0.14,0.14,0.11,131107200.0
1982-11-15,0.14,0.15,0.14,0.14,0.11,124588800.0
1982-11-16,0.14,0.14,0.13,0.13,0.1,182022400.0
1982-11-17,0.13,0.14,0.13,0.14,0.11,144144000.0
1982-11-18,0.14,0.14,0.14,0.14,0.11,152678400.0
1982-11-19,0.14,0.14,0.14,0.14,0.11,97305600.0
1982-11-22,0.14,0.14,0.13,0.13,0.1,101248000.0
1982-11-23,0.13,0.13,0.13,0.13,0.1,88502400.0
1982-11-24,0.13,0.14,0.13,0.13,0.1,73740800.0
1982-11-26,0.13,0.13,0.13,0.13,0.1,101987200.0
1982-11-29,0.13,0.13,0.13,0.13,0.1,49952000.0
1982-11-30,0.13,0.14,0.13,0.14,0.11,159196800.0
1982-12-01,0.14,0.15,0.14,0.15,0.11,206841600.0
1982-12-02,0.15,0.15,0.14,0.15,0.11,164729600.0
1982-12-03,0.14,0.14,0.14,0.14,0.11,47577600.0
1982-12-06,0.14,0.15,0.14,0.15,0.11,146585600.0
1982-12-07,0.15,0.15,0.15,0.15,0.12,167283200.0
1982-12-08,0.15,0.16,0.15,0.15,0.11,112313600.0
1982-12-09,0.15,0.15,0.14,0.14,0.11,194656000.0
1982-12-10,0.14,0.14,0.13,0.13,0.1,167484800.0
1982-12-13,0.13,0.13,0.13,0.13,0.1,95379200.0
1982-12-14,0.13,0.14,0.13,0.13,0.1,270054400.0
1982-12-15,0.13,0.13,0.12,0.13,0.1,130793600.0
1982-12-16,0.13,0.13,0.13,0.13,0.1,141164800.0
1982-12-17,0.13,0.14,0.13,0.13,0.1,80729600.0
1982-12-20,0.13,0.14,0.13,0.13,0.1,69776000.0
1982-12-21,0.13,0.14,0.13,0.14,0.1,79945600.0
1982-12-22,0.14,0.14,0.14,0.14,0.11,101225600.0
1982-12-23,0.14,0.14,0.14,0.14,0.11,86979200.0
1982-12-27,0.14,0.15,0.14,0.15,0.11,61868800.0
1982-12-28,0.15,0.15,0.14,0.15,0.11,113366400.0
1982-12-29,0.15,0.15,0.14,0.14,0.11,80707200.0
1982-12-30,0.14,0.14,0.13,0.13,0.1,156867200.0
1982-12-31,0.13,0.14,0.13,0.13,0.1,49660800.0
1983-01-03,0.13,0.14,0.13,0.13,0.1,112828800.0
1983-01-04,0.13,0.14,0.13,0.13,0.1,223708800.0
1983-01-05,0.13,0.14,0.13,0.14,0.1,141545600.0
1983-01-06,0.14,0.14,0.13,0.13,0.1,97798400.0
1983-01-07,0.13,0.13,0.12,0.12,0.09,172054400.0
1983-01-10,0.12,0.13,0.12,0.13,0.1,275340800.0
1983-01-11,0.13,0.13,0.13,0.13,0.1,1388800.0
1983-01-12,0.13,0.14,0.13,0.14,0.11,176982400.0
1983-01-13,0.14,0.14,0.14,0.14,0.11,82275200.0
1983-01-14,0.14,0.15,0.14,0.15,0.11,184643200.0
1983-01-17,0.15,0.15,0.15,0.15,0.12,234864000.0
1983-01-18,0.15,0.16,0.15,0.15,0.11,219788800.0
1983-01-19,0.15,0.15,0.15,0.15,0.12,169657600.0
1983-01-20,0.15,0.17,0.15,0.17,0.13,707840000.0
1983-01-21,0.17,0.17,0.17,0.17,0.13,402595200.0
1983-01-24,0.17,0.17,0.15,0.16,0.12,315414400.0
1983-01-25,0.16,0.17,0.16,0.16,0.13,167036800.0
1983-01-26,0.17,0.17,0.17,0.17,0.13,203212800.0
1983-01-27,0.17,0.18,0.17,0.18,0.14,104316800.0
1983-01-28,0.18,0.19,0.18,0.18,0.14,397734400.0
1983-01-31,0.18,0.19,0.18,0.18,0.14,188003200.0
1983-02-01,0.18,0.19,0.18,0.19,0.14,210963200.0
1983-02-02,0.19,0.2,0.18,0.19,0.15,267052800.0
1983-02-03,0.19,0.2,0.19,0.2,0.15,252537600.0
1983-02-04,0.2,0.2,0.2,0.2,0.15,214345600.0
1983-02-07,0.2,0.2,0.19,0.19,0.14,142912000.0
1983-02-08,0.19,0.19,0.18,0.19,0.14,168112000.0
1983-02-09,0.19,0.19,0.18,0.19,0.14,180812800.0
1983-02-10,0.19,0.2,0.19,0.2,0.15,236723200.0
1983-02-11,0.2,0.21,0.2,0.21,0.16,203548800.0
1983-02-14,0.21,0.21,0.2,0.21,0.16,126179200.0
1983-02-15,0.21,0.21,0.2,0.2,0.16,115180800.0
1983-02-16,0.2,0.2,0.2,0.2,0.15,116569600.0
1983-02-17,0.2,0.2,0.19,0.2,0.15,136169600.0
1983-02-18,0.2,0.2,0.19,0.2,0.16,114889600.0
1983-02-22,0.2,0.21,0.2,0.21,0.16,196784000.0
1983-02-23,0.21,0.21,0.21,0.21,0.16,108035200.0
1983-02-24,0.21,0.22,0.21,0.21,0.16,115494400.0
1983-02-25,0.21,0.22,0.21,0.21,0.16,114688000.0
1983-02-28,0.21,0.21,0.2,0.2,0.16,132294400.0
1983-03-01,0.2,0.21,0.2,0.21,0.16,140268800.0
1983-03-02,0.21,0.21,0.21,0.21,0.16,105952000.0
1983-03-03,0.21,0.21,0.2,0.2,0.16,131532800.0
1983-03-04,0.2,0.2,0.19,0.2,0.15,151804800.0
1983-03-07,0.2,0.2,0.19,0.2,0.15,152678400.0
1983-03-08,0.19,0.19,0.19,0.19,0.15,220640000.0
1983-03-09,0.19,0.19,0.19,0.19,0.15,199337600.0
1983-03-10,0.19,0.2,0.19,0.19,0.15,112604800.0
1983-03-11,0.19,0.2,0.18,0.19,0.15,87763200.0
1983-03-14,0.19,0.19,0.18,0.18,0.14,171875200.0
1983-03-15,0.18,0.19,0.18,0.19,0.14,75062400.0
1983-03-16,0.19,0.19,0.19,0.19,0.14,110969600.0
1983-03-17,0.19,0.19,0.19,0.19,0.15,44150400.0
1983-03-18,0.19,0.19,0.19,0.19,0.15,86128000.0
1983-03-21,0.19,0.2,0.19,0.2,0.15,104025600.0
1983-03-22,0.2,0.2,0.2,0.2,0.15,101001600.0
1983-03-23,0.2,0.2,0.19,0.19,0.15,140761600.0
1983-03-24,0.19,0.19,0.19,0.19,0.15,102457600.0
1983-03-25,0.19,0.2,0.19,0.19,0.15,58060800.0
1983-03-28,0.19,0.19,0.19,0.19,0.15,74569600.0
1983-03-29,0.19,0.2,0.19,0.2,0.15,103734400.0
1983-03-30,0.2,0.2,0.2,0.2,0.15,87808000.0
1983-03-31,0.2,0.2,0.19,0.19,0.14,85142400.0
1983-04-04,0.19,0.19,0.18,0.18,0.14,127388800.0
1983-04-05,0.18,0.19,0.18,0.18,0.14,122102400.0
1983-04-06,0.18,0.18,0.18,0.18,0.14,213987200.0
1983-04-07,0.18,0.18,0.18,0.18,0.14,145510400.0
1983-04-08,0.18,0.18,0.17,0.18,0.13,150259200.0
1983-04-11,0.18,0.19,0.17,0.19,0.14,230473600.0
1983-04-12,0.19,0.19,0.19,0.19,0.15,174048000.0
1983-04-13,0.19,0.2,0.19,0.2,0.15,189772800.0
1983-04-14,0.2,0.2,0.19,0.2,0.15,136371200.0
1983-04-15,0.2,0.21,0.2,0.2,0.16,115001600.0
1983-04-18,0.21,0.21,0.21,0.21,0.16,155568000.0
1983-04-19,0.21,0.21,0.21,0.21,0.16,233878400.0
1983-04-20,0.21,0.23,0.21,0.23,0.17,288332800.0
1983-04-21,0.23,0.24,0.23,0.23,0.18,230048000.0
1983-04-22,0.23,0.23,0.23,0.23,0.17,127187200.0
1983-04-25,0.23,0.23,0.22,0.22,0.17,125708800.0
1983-04-26,0.22,0.23,0.22,0.22,0.17,99433600.0
1983-04-27,0.22,0.23,0.22,0.22,0.17,86038400.0
1983-04-28,0.22,0.22,0.22,0.22,0.17,79408000.0
1983-04-29,0.22,0.23,0.22,0.23,0.17,308313600.0
1983-05-02,0.23,0.23,0.22,0.22,0.17,97081600.0
1983-05-03,0.22,0.22,0.21,0.22,0.17,105996800.0
1983-05-04,0.22,0.23,0.22,0.23,0.18,129113600.0
1983-05-05,0.23,0.25,0.23,0.24,0.19,140492800.0
1983-05-06,0.24,0.25,0.24,0.25,0.19,100150400.0
1983-05-09,0.25,0.25,0.24,0.24,0.19,69171200.0
1983-05-10,0.24,0.25,0.24,0.24,0.19,51900800.0
1983-05-11,0.24,0.25,0.24,0.24,0.18,55260800.0
1983-05-12,0.24,0.24,0.23,0.24,0.18,98425600.0
1983-05-13,0.24,0.24,0.24,0.24,0.18,48966400.0
1983-05-16,0.24,0.24,0.23,0.23,0.18,69193600.0
1983-05-17,0.23,0.23,0.23,0.23,0.18,154358400.0
1983-05-18,0.23,0.24,0.23,0.23,0.18,157001600.0
1983-05-19,0.23,0.24,0.23,0.24,0.19,70291200.0
1983-05-20,0.24,0.25,0.24,0.25,0.19,146092800.0
1983-05-23,0.25,0.26,0.25,0.26,0.2,121744000.0
1983-05-24,0.26,0.27,0.26,0.27,0.21,107699200.0
1983-05-25,0.27,0.27,0.26,0.27,0.21,153731200.0
1983-05-26,0.27,0.27,0.26,0.27,0.2,105571200.0
1983-05-27,0.27,0.27,0.26,0.27,0.2,56627200.0
1983-05-31,0.26,0.26,0.25,0.26,0.2,45539200.0
1983-06-01,0.26,0.26,0.26,0.26,0.2,98089600.0
1983-06-02,0.26,0.26,0.26,0.26,0.2,79430400.0
1983-06-03,0.26,0.28,0.26,0.27,0.21,64534400.0
1983-06-06,0.27,0.28,0.27,0.28,0.21,104092800.0
1983-06-07,0.28,0.28,0.27,0.27,0.21,98179200.0
1983-06-08,0.27,0.27,0.27,0.27,0.21,84044800.0
1983-06-09,0.27,0.27,0.26,0.27,0.2,54790400.0
1983-06-10,0.27,0.27,0.26,0.26,0.2,37430400.0
1983-06-13,0.26,0.27,0.25,0.26,0.2,179267200.0
1983-06-14,0.26,0.26,0.25,0.25,0.19,170531200.0
1983-06-15,0.25,0.25,0.24,0.24,0.19,193356800.0
1983-06-16,0.24,0.26,0.24,0.26,0.2,122886400.0
1983-06-17,0.26,0.26,0.25,0.25,0.19,56044800.0
1983-06-20,0.25,0.25,0.24,0.24,0.18,139574400.0
1983-06-21,0.24,0.24,0.23,0.24,0.18,125462400.0
1983-06-22,0.24,0.25,0.24,0.25,0.19,140963200.0
1983-06-23,0.25,0.25,0.24,0.24,0.18,133996800.0
1983-06-24,0.24,0.24,0.24,0.24,0.18,47644800.0
1983-06-27,0.24,0.24,0.22,0.22,0.17,123043200.0
1983-06-28,0.22,0.23,0.21,0.21,0.16,349171200.0
1983-06-29,0.21,0.22,0.2,0.22,0.17,294380800.0
1983-06-30,0.22,0.22,0.22,0.22,0.17,110566400.0
1983-07-01,0.22,0.22,0.22,0.22,0.17,172256000.0
1983-07-05,0.22,0.22,0.21,0.21,0.16,82051200.0
1983-07-06,0.21,0.21,0.21,0.21,0.16,95916800.0
1983-07-07,0.21,0.21,0.21,0.21,0.16,89443200.0
1983-07-08,0.21,0.21,0.21,0.21,0.16,70179200.0
1983-07-11,0.21,0.22,0.21,0.21,0.16,112918400.0
1983-07-12,0.21,0.21,0.21,0.21,0.16,75196800.0
1983-07-13,0.21,0.21,0.2,0.21,0.16,129001600.0
1983-07-14,0.21,0.21,0.2,0.21,0.16,74905600.0
1983-07-15,0.21,0.21,0.2,0.2,0.15,67961600.0
1983-07-18,0.2,0.2,0.19,0.2,0.15,81625600.0
1983-07-19,0.2,0.21,0.19,0.2,0.15,171136000.0
1983-07-20,0.2,0.2,0.18,0.18,0.14,304886400.0
1983-07-21,0.18,0.2,0.18,0.19,0.15,317385600.0
1983-07-22,0.19,0.2,0.19,0.2,0.15,116435200.0
1983-07-25,0.2,0.2,0.19,0.19,0.15,76428800.0
1983-07-26,0.19,0.19,0.17,0.17,0.13,268979200.0
1983-07-27,0.17,0.18,0.16,0.16,0.12,300316800.0
1983-07-28,0.16,0.16,0.15,0.15,0.12,270480000.0
1983-07-29,0.15,0.16,0.15,0.16,0.12,220326400.0
1983-08-01,0.16,0.16,0.15,0.15,0.12,232444800.0
1983-08-02,0.15,0.16,0.15,0.15,0.12,101651200.0
1983-08-03,0.15,0.16,0.15,0.16,0.12,123827200.0
1983-08-04,0.16,0.16,0.14,0.15,0.11,292118400.0
1983-08-05,0.15,0.15,0.15,0.15,0.12,131420800.0
1983-08-08,0.15,0.16,0.15,0.15,0.12,76809600.0
1983-08-09,0.15,0.16,0.15,0.15,0.12,150371200.0
1983-08-10,0.15,0.15,0.15,0.15,0.12,161974400.0
1983-08-11,0.15,0.16,0.15,0.15,0.12,90182400.0
1983-08-12,0.15,0.15,0.15,0.15,0.11,74636800.0
1983-08-15,0.15,0.15,0.15,0.15,0.12,152275200.0
1983-08-16,0.15,0.16,0.15,0.15,0.12,91369600.0
1983-08-17,0.15,0.15,0.15,0.15,0.11,94438400.0
1983-08-18,0.15,0.15,0.15,0.15,0.11,81737600.0
1983-08-19,0.15,0.15,0.15,0.15,0.12,58598400.0
1983-08-22,0.15,0.15,0.15,0.15,0.12,85366400.0
1983-08-23,0.15,0.15,0.14,0.14,0.11,93587200.0
1983-08-24,0.14,0.14,0.13,0.14,0.1,113299200.0
1983-08-25,0.14,0.14,0.13,0.14,0.1,189772800.0
1983-08-26,0.14,0.14,0.14,0.14,0.11,93184000.0
1983-08-29,0.14,0.14,0.13,0.14,0.11,138297600.0
1983-08-30,0.14,0.15,0.14,0.15,0.11,233945600.0
1983-08-31,0.15,0.17,0.15,0.17,0.13,200233600.0
1983-09-01,0.17,0.17,0.16,0.16,0.12,218131200.0
1983-09-02,0.16,0.17,0.16,0.17,0.13,129337600.0
1983-09-06,0.17,0.18,0.17,0.18,0.13,181686400.0
1983-09-07,0.18,0.18,0.15,0.15,0.12,384854400.0
1983-09-08,0.15,0.16,0.14,0.14,0.11,307059200.0
1983-09-09,0.14,0.14,0.14,0.14,0.1,212688000.0
1983-09-12,0.14,0.15,0.14,0.14,0.1,266313600.0
1983-09-13,0.14,0.15,0.14,0.14,0.11,204176000.0
1983-09-14,0.14,0.15,0.14,0.14,0.11,181529600.0
1983-09-15,0.14,0.14,0.13,0.13,0.1,158838400.0
1983-09-16,0.13,0.13,0.13,0.13,0.1,225747200.0
1983-09-19,0.13,0.14,0.13,0.14,0.11,201980800.0
1983-09-20,0.14,0.15,0.14,0.14,0.11,226419200.0
1983-09-21,0.14,0.15,0.14,0.14,0.11,106355200.0
1983-09-22,0.14,0.15,0.14,0.15,0.11,144121600.0
1983-09-23,0.11,0.11,0.1,0.11,0.08,2832345600.0
1983-09-26,0.11,0.12,0.11,0.11,0.09,768768000.0
1983-09-27,0.11,0.11,0.1,0.1,0.08,417110400.0
1983-09-28,0.1,0.1,0.1,0.1,0.08,373497600.0
1983-09-29,0.1,0.11,0.1,0.1,0.08,282777600.0
1983-09-30,0.1,0.11,0.1,0.1,0.08,117868800.0
1983-10-03,0.1,0.1,0.1,0.1,0.08,152902400.0
1983-10-04,0.1,0.11,0.1,0.1,0.08,169612800.0
1983-10-05,0.1,0.1,0.1,0.1,0.08,190668800.0
1983-10-06,0.1,0.1,0.1,0.1,0.08,232937600.0
1983-10-07,0.1,0.11,0.09,0.09,0.07,246332800.0
1983-10-10,0.09,0.09,0.08,0.09,0.07,517126400.0
1983-10-11,0.09,0.09,0.09,0.09,0.07,252761600.0
1983-10-12,0.09,0.09,0.09,0.09,0.07,472617600.0
1983-10-13,0.1,0.11,0.1,0.1,0.08,420515200.0
1983-10-14,0.1,0.11,0.1,0.1,0.08,279260800.0
1983-10-17,0.1,0.1,0.09,0.09,0.07,219116800.0
1983-10-18,0.09,0.09,0.08,0.09,0.07,382972800.0
1983-10-19,0.09,0.1,0.09,0.1,0.07,287392000.0
1983-10-20,0.1,0.1,0.09,0.09,0.07,131689600.0
1983-10-21,0.09,0.09,0.09,0.09,0.07,157001600.0
1983-10-24,0.09,0.09,0.08,0.09,0.07,259392000.0
1983-10-25,0.09,0.1,0.09,0.09,0.07,168448000.0
1983-10-26,0.09,0.1,0.09,0.09,0.07,128912000.0
1983-10-27,0.09,0.1,0.09,0.09,0.07,97843200.0
1983-10-28,0.09,0.1,0.09,0.09,0.07,81200000.0
1983-10-31,0.09,0.1,0.09,0.1,0.08,173174400.0
1983-11-01,0.1,0.11,0.1,0.1,0.08,328384000.0
1983-11-02,0.1,0.11,0.1,0.1,0.08,202473600.0
1983-11-03,0.1,0.11,0.09,0.1,0.07,286003200.0
1983-11-04,0.1,0.1,0.09,0.09,0.07,146742400.0
1983-11-07,0.09,0.1,0.09,0.09,0.07,152118400.0
1983-11-08,0.09,0.09,0.08,0.08,0.06,1221516800.0
1983-11-09,0.08,0.09,0.08,0.09,0.07,353472000.0
1983-11-10,0.09,0.09,0.09,0.09,0.07,222073600.0
1983-11-11,0.09,0.09,0.09,0.09,0.07,116032000.0
1983-11-14,0.09,0.09,0.09,0.09,0.07,108281600.0
1983-11-15,0.09,0.09,0.08,0.09,0.07,118630400.0
1983-11-16,0.09,0.09,0.09,0.09,0.07,102278400.0
1983-11-17,0.09,0.09,0.09,0.09,0.07,90384000.0
1983-11-18,0.09,0.09,0.09,0.09,0.07,79900800.0
1983-11-21,0.09,0.1,0.09,0.1,0.07,105011200.0
1983-11-22,0.1,0.1,0.09,0.1,0.07,105190400.0
1983-11-23,0.1,0.1,0.09,0.09,0.07,114352000.0
1983-11-25,0.09,0.09,0.09,0.09,0.07,37296000.0
1983-11-28,0.09,0.09,0.09,0.09,0.07,72396800.0
1983-11-29,0.09,0.1,0.09,0.09,0.07,95289600.0
1983-11-30,0.09,0.09,0.09,0.09,0.07,64332800.0
1983-12-01,0.09,0.09,0.09,0.09,0.07,76675200.0
1983-12-02,0.09,0.09,0.09,0.09,0.07,85366400.0
1983-12-05,0.09,0.09,0.09,0.09,0.07,45158400.0
1983-12-06,0.09,0.09,0.09,0.09,0.07,51990400.0
1983-12-07,0.09,0.1,0.09,0.09,0.07,89152000.0
1983-12-08,0.09,0.1,0.09,0.1,0.07,137625600.0
1983-12-09,0.1,0.1,0.09,0.1,0.07,82768000.0
1983-12-12,0.1,0.1,0.09,0.1,0.07,65139200.0
1983-12-13,0.1,0.1,0.1,0.1,0.08,197545600.0
1983-12-14,0.1,0.11,0.1,0.1,0.08,201891200.0
1983-12-15,0.1,0.11,0.1,0.11,0.08,316601600.0
1983-12-16,0.11,0.11,0.11,0.11,0.08,184867200.0
1983-12-19,0.11,0.11,0.11,0.11,0.08,173600000.0
1983-12-20,0.11,0.11,0.1,0.1,0.08,177744000.0
1983-12-21,0.1,0.11,0.1,0.11,0.08,171785600.0
1983-12-22,0.11,0.11,0.11,0.11,0.08,130547200.0
1983-12-23,0.11,0.11,0.11,0.11,0.08,48563200.0
1983-12-27,0.11,0.11,0.11,0.11,0.08,96432000.0
1983-12-28,0.11,0.11,0.11,0.11,0.09,128553600.0
1983-12-29,0.11,0.11,0.11,0.11,0.08,102748800.0
1983-12-30,0.11,0.11,0.11,0.11,0.08,91862400.0
1984-01-03,0.11,0.12,0.11,0.11,0.09,150192000.0
1984-01-04,0.11,0.13,0.11,0.12,0.1,292611200.0
1984-01-05,0.12,0.13,0.12,0.13,0.1,305715200.0
1984-01-06,0.13,0.13,0.12,0.12,0.1,168492800.0
1984-01-09,0.12,0.12,0.11,0.12,0.09,215734400.0
1984-01-10,0.12,0.12,0.12,0.12,0.09,172188800.0
1984-01-11,0.12,0.13,0.12,0.13,0.1,175952000.0
1984-01-12,0.13,0.13,0.12,0.12,0.1,110342400.0
1984-01-13,0.12,0.13,0.12,0.12,0.09,121744000.0
1984-01-16,0.12,0.13,0.12,0.12,0.1,137580800.0
1984-01-17,0.12,0.13,0.12,0.13,0.1,149072000.0
1984-01-18,0.13,0.13,0.13,0.13,0.1,220505600.0
1984-01-19,0.13,0.13,0.13,0.13,0.1,149721600.0
1984-01-20,0.13,0.13,0.13,0.13,0.1,141344000.0
1984-01-23,0.13,0.13,0.13,0.13,0.1,278364800.0
1984-01-24,0.13,0.13,0.12,0.12,0.09,320230400.0
1984-01-25,0.12,0.13,0.12,0.12,0.09,263872000.0
1984-01-26,0.12,0.13,0.12,0.12,0.09,168492800.0
1984-01-27,0.12,0.12,0.11,0.12,0.09,194096000.0
1984-01-30,0.12,0.12,0.11,0.11,0.08,277468800.0
1984-01-31,0.11,0.11,0.1,0.11,0.08,345094400.0
1984-02-01,0.11,0.11,0.11,0.11,0.08,163116800.0
1984-02-02,0.11,0.11,0.11,0.11,0.09,134915200.0
1984-02-03,0.11,0.11,0.11,0.11,0.08,145488000.0
1984-02-06,0.11,0.11,0.1,0.1,0.08,165558400.0
1984-02-07,0.1,0.11,0.1,0.11,0.08,217728000.0
1984-02-08,0.11,0.11,0.1,0.1,0.08,148220800.0
1984-02-09,0.1,0.11,0.1,0.11,0.08,234796800.0
1984-02-10,0.11,0.11,0.11,0.11,0.08,143964800.0
1984-02-13,0.11,0.11,0.11,0.11,0.08,105728000.0
1984-02-14,0.11,0.11,0.11,0.11,0.09,209059200.0
1984-02-15,0.11,0.12,0.11,0.11,0.09,200838400.0
1984-02-16,0.11,0.11,0.11,0.11,0.09,105235200.0
1984-02-17,0.11,0.12,0.11,0.11,0.09,134646400.0
1984-02-21,0.11,0.12,0.11,0.12,0.09,120288000.0
1984-02-22,0.12,0.12,0.12,0.12,0.09,223372800.0
1984-02-23,0.12,0.12,0.12,0.12,0.09,155052800.0
1984-02-24,0.12,0.12,0.12,0.12,0.09,77817600.0
1984-02-27,0.12,0.12,0.12,0.12,0.09,121564800.0
1984-02-28,0.12,0.12,0.11,0.11,0.09,169926400.0
1984-02-29,0.11,0.12,0.11,0.12,0.09,134041600.0
1984-03-01,0.12,0.12,0.11,0.12,0.09,132361600.0
1984-03-02,0.12,0.13,0.12,0.12,0.09,191251200.0
1984-03-05,0.12,0.12,0.12,0.12,0.09,73606400.0
1984-03-06,0.12,0.12,0.11,0.11,0.09,98985600.0
1984-03-07,0.11,0.12,0.11,0.12,0.09,96566400.0
1984-03-08,0.12,0.12,0.12,0.12,0.09,129785600.0
1984-03-09,0.12,0.12,0.12,0.12,0.09,66057600.0
1984-03-12,0.12,0.12,0.12,0.12,0.09,125036800.0
1984-03-13,0.12,0.12,0.12,0.12,0.09,152880000.0
1984-03-14,0.12,0.12,0.12,0.12,0.09,59606400.0
1984-03-15,0.12,0.12,0.12,0.12,0.09,55283200.0
1984-03-16,0.12,0.12,0.12,0.12,0.09,124700800.0
1984-03-19,0.12,0.12,0.12,0.12,0.09,82588800.0
1984-03-20,0.12,0.12,0.11,0.12,0.09,100531200.0
1984-03-21,0.12,0.12,0.12,0.12,0.09,47667200.0
1984-03-22,0.12,0.12,0.11,0.11,0.09,51184000.0
1984-03-23,0.11,0.11,0.11,0.11,0.09,61129600.0
1984-03-26,0.11,0.12,0.11,0.11,0.09,56963200.0
1984-03-27,0.11,0.12,0.11,0.11,0.09,99299200.0
1984-03-28,0.11,0.11,0.11,0.11,0.09,75488000.0
1984-03-29,0.11,0.11,0.11,0.11,0.09,39177600.0
1984-03-30,0.11,0.11,0.11,0.11,0.08,45740800.0
1984-04-02,0.11,0.11,0.11,0.11,0.09,54656000.0
1984-04-03,0.11,0.11,0.11,0.11,0.09,44105600.0
1984-04-04,0.11,0.11,0.11,0.11,0.08,107676800.0
1984-04-05,0.11,0.11,0.11,0.11,0.08,82812800.0
1984-04-06,0.11,0.11,0.1,0.1,0.08,85590400.0
1984-04-09,0.1,0.11,0.1,0.1,0.08,54252800.0
1984-04-10,0.11,0.11,0.11,0.11,0.08,57097600.0
1984-04-11,0.11,0.11,0.11,0.11,0.08,70604800.0
1984-04-12,0.11,0.12,0.11,0.11,0.09,78400000.0
1984-04-13,0.11,0.12,0.11,0.11,0.09,103398400.0
1984-04-16,0.11,0.12,0.11,0.12,0.09,68118400.0
1984-04-17,0.12,0.12,0.12,0.12,0.09,332953600.0
1984-04-18,0.12,0.13,0.12,0.13,0.1,199673600.0
1984-04-19,0.13,0.13,0.12,0.13,0.1,123401600.0
1984-04-23,0.13,0.13,0.13,0.13,0.1,293865600.0
1984-04-24,0.13,0.13,0.12,0.12,0.1,281568000.0
1984-04-25,0.12,0.13,0.12,0.12,0.09,194880000.0
1984-04-26,0.12,0.13,0.12,0.13,0.1,318505600.0
1984-04-27,0.13,0.14,0.13,0.13,0.1,371996800.0
1984-04-30,0.13,0.14,0.13,0.14,0.11,293148800.0
1984-05-01,0.14,0.15,0.14,0.15,0.11,406515200.0
1984-05-02,0.15,0.15,0.14,0.15,0.11,317318400.0
1984-05-03,0.15,0.15,0.14,0.14,0.11,327420800.0
1984-05-04,0.14,0.14,0.13,0.13,0.1,260444800.0
1984-05-07,0.13,0.14,0.13,0.14,0.11,160070400.0
1984-05-08,0.14,0.15,0.14,0.15,0.11,255001600.0
1984-05-09,0.15,0.15,0.15,0.15,0.11,405014400.0
1984-05-10,0.15,0.15,0.14,0.15,0.11,238627200.0
1984-05-11,0.15,0.15,0.14,0.14,0.11,197724800.0
1984-05-14,0.14,0.14,0.14,0.14,0.11,89286400.0
1984-05-15,0.14,0.14,0.14,0.14,0.11,102704000.0
1984-05-16,0.14,0.14,0.14,0.14,0.1,219721600.0
1984-05-17,0.14,0.14,0.13,0.13,0.1,281948800.0
1984-05-18,0.13,0.13,0.13,0.13,0.1,193468800.0
1984-05-21,0.13,0.14,0.13,0.14,0.11,435052800.0
1984-05-22,0.14,0.14,0.13,0.14,0.11,301257600.0
1984-05-23,0.14,0.14,0.14,0.14,0.1,168963200.0
1984-05-24,0.14,0.14,0.13,0.13,0.1,193312000.0
1984-05-25,0.13,0.13,0.13,0.13,0.1,120108800.0
1984-05-29,0.13,0.13,0.13,0.13,0.1,156262400.0
1984-05-30,0.13,0.13,0.13,0.13,0.1,318438400.0
1984-05-31,0.13,0.13,0.13,0.13,0.1,167014400.0
1984-06-01,0.13,0.14,0.13,0.14,0.1,242300800.0
1984-06-04,0.14,0.14,0.13,0.13,0.1,148288000.0
1984-06-05,0.13,0.13,0.12,0.12,0.1,328428800.0
1984-06-06,0.12,0.13,0.12,0.13,0.1,161459200.0
1984-06-07,0.13,0.13,0.13,0.13,0.1,102547200.0
1984-06-08,0.13,0.13,0.13,0.13,0.1,108976000.0
1984-06-11,0.13,0.13,0.13,0.13,0.1,84246400.0
1984-06-12,0.13,0.13,0.13,0.13,0.1,117129600.0
1984-06-13,0.13,0.13,0.13,0.13,0.1,115718400.0
1984-06-14,0.13,0.13,0.13,0.13,0.1,100956800.0
1984-06-15,0.13,0.13,0.13,0.13,0.1,89779200.0
1984-06-18,0.13,0.13,0.13,0.13,0.1,114598400.0
1984-06-19,0.13,0.14,0.13,0.13,0.1,160944000.0
1984-06-20,0.13,0.14,0.13,0.14,0.1,119526400.0
1984-06-21,0.14,0.14,0.13,0.13,0.1,141904000.0
1984-06-22,0.13,0.13,0.13,0.13,0.1,84604800.0
1984-06-25,0.13,0.13,0.12,0.12,0.09,167484800.0
1984-06-26,0.12,0.12,0.12,0.12,0.09,148646400.0
1984-06-27,0.12,0.12,0.11,0.11,0.09,377283200.0
1984-06-28,0.11,0.12,0.11,0.12,0.09,118316800.0
1984-06-29,0.12,0.12,0.12,0.12,0.09,141993600.0
1984-07-02,0.12,0.12,0.11,0.11,0.09,159667200.0
1984-07-03,0.11,0.11,0.11,0.11,0.09,179065600.0
1984-07-05,0.11,0.11,0.11,0.11,0.08,93184000.0
1984-07-06,0.11,0.11,0.11,0.11,0.09,95648000.0
1984-07-09,0.11,0.12,0.11,0.12,0.09,190668800.0
1984-07-10,0.12,0.12,0.12,0.12,0.09,172300800.0
1984-07-11,0.12,0.12,0.12,0.12,0.09,121094400.0
1984-07-12,0.12,0.12,0.12,0.12,0.09,168694400.0
1984-07-13,0.12,0.12,0.12,0.12,0.09,135945600.0
1984-07-16,0.12,0.12,0.11,0.11,0.09,202988800.0
1984-07-17,0.11,0.12,0.11,0.11,0.09,84851200.0
1984-07-18,0.11,0.12,0.11,0.11,0.09,104025600.0
1984-07-19,0.11,0.11,0.11,0.11,0.09,77907200.0
1984-07-20,0.11,0.11,0.11,0.11,0.09,33174400.0
1984-07-23,0.11,0.11,0.11,0.11,0.09,94035200.0
1984-07-24,0.11,0.12,0.11,0.12,0.09,179244800.0
1984-07-25,0.12,0.12,0.12,0.12,0.09,200457600.0
1984-07-26,0.12,0.12,0.12,0.12,0.09,143337600.0
1984-07-27,0.12,0.12,0.12,0.12,0.09,73942400.0
1984-07-30,0.12,0.12,0.11,0.11,0.09,125036800.0
1984-07-31,0.11,0.12,0.11,0.11,0.09,199628800.0
1984-08-01,0.11,0.11,0.11,0.11,0.09,285734400.0
1984-08-02,0.11,0.11,0.11,0.11,0.08,303676800.0
1984-08-03,0.11,0.12,0.11,0.12,0.09,618060800.0
1984-08-06,0.12,0.14,0.12,0.13,0.1,626796800.0
1984-08-07,0.13,0.13,0.12,0.13,0.1,332483200.0
1984-08-08,0.13,0.14,0.13,0.13,0.1,294403200.0
1984-08-09,0.13,0.13,0.12,0.13,0.1,257622400.0
1984-08-10,0.13,0.14,0.13,0.13,0.1,397376000.0
1984-08-13,0.13,0.14,0.13,0.13,0.1,241449600.0
1984-08-14,0.13,0.14,0.13,0.13,0.1,174070400.0
1984-08-15,0.13,0.13,0.12,0.12,0.1,178886400.0
1984-08-16,0.12,0.13,0.12,0.13,0.1,144816000.0
1984-08-17,0.13,0.13,0.12,0.12,0.09,153932800.0
1984-08-20,0.12,0.12,0.12,0.12,0.09,138454400.0
1984-08-21,0.12,0.13,0.12,0.13,0.1,179536000.0
1984-08-22,0.13,0.13,0.12,0.13,0.1,220416000.0
1984-08-23,0.13,0.13,0.13,0.13,0.1,83417600.0
1984-08-24,0.13,0.13,0.12,0.13,0.1,70896000.0
1984-08-27,0.13,0.13,0.12,0.12,0.1,87673600.0
1984-08-28,0.12,0.13,0.12,0.13,0.1,59158400.0
1984-08-29,0.13,0.13,0.12,0.12,0.09,74121600.0
1984-08-30,0.12,0.12,0.12,0.12,0.09,50960000.0
1984-08-31,0.12,0.12,0.12,0.12,0.09,137849600.0
1984-09-04,0.12,0.12,0.12,0.12,0.09,119840000.0
1984-09-05,0.12,0.12,0.12,0.12,0.09,103756800.0
1984-09-06,0.12,0.12,0.12,0.12,0.09,130972800.0
1984-09-07,0.12,0.12,0.12,0.12,0.09,83260800.0
1984-09-10,0.12,0.12,0.12,0.12,0.09,64624000.0
1984-09-11,0.12,0.12,0.12,0.12,0.09,152387200.0
1984-09-12,0.12,0.12,0.12,0.12,0.09,133123200.0
1984-09-13,0.12,0.12,0.12,0.12,0.09,207334400.0
1984-09-14,0.12,0.13,0.12,0.12,0.1,246870400.0
1984-09-17,0.13,0.13,0.13,0.13,0.1,192752000.0
1984-09-18,0.13,0.13,0.12,0.12,0.09,97305600.0
1984-09-19,0.12,0.12,0.12,0.12,0.09,106288000.0
1984-09-20,0.12,0.12,0.12,0.12,0.09,66169600.0
1984-09-21,0.12,0.12,0.12,0.12,0.09,99836800.0
1984-09-24,0.12,0.12,0.12,0.12,0.09,79004800.0
1984-09-25,0.12,0.12,0.12,0.12,0.09,166790400.0
1984-09-26,0.12,0.12,0.11,0.11,0.09,110969600.0
1984-09-27,0.11,0.12,0.11,0.11,0.09,105929600.0
1984-09-28,0.11,0.11,0.11,0.11,0.09,233408000.0
1984-10-01,0.11,0.11,0.11,0.11,0.08,97776000.0
1984-10-02,0.11,0.11,0.11,0.11,0.08,118249600.0
1984-10-03,0.11,0.11,0.11,0.11,0.09,120422400.0
1984-10-04,0.11,0.11,0.11,0.11,0.09,125484800.0
1984-10-05,0.11,0.11,0.11,0.11,0.09,97574400.0
1984-10-08,0.11,0.11,0.11,0.11,0.09,46972800.0
1984-10-09,0.11,0.11,0.11,0.11,0.08,125260800.0
1984-10-10,0.11,0.11,0.11,0.11,0.08,364851200.0
1984-10-11,0.11,0.11,0.11,0.11,0.08,182761600.0
1984-10-12,0.11,0.11,0.1,0.1,0.08,265798400.0
1984-10-15,0.11,0.11,0.11,0.11,0.08,243264000.0
1984-10-16,0.11,0.11,0.11,0.11,0.08,118025600.0
1984-10-17,0.11,0.11,0.11,0.11,0.09,156643200.0
1984-10-18,0.11,0.11,0.11,0.11,0.09,247161600.0
1984-10-19,0.11,0.12,0.11,0.11,0.09,326121600.0
1984-10-22,0.11,0.12,0.11,0.11,0.09,114755200.0
1984-10-23,0.12,0.12,0.12,0.12,0.09,186435200.0
1984-10-24,0.12,0.12,0.12,0.12,0.09,167014400.0
1984-10-25,0.12,0.12,0.11,0.11,0.09,158166400.0
1984-10-26,0.11,0.11,0.11,0.11,0.08,114844800.0
1984-10-29,0.11,0.11,0.11,0.11,0.08,50646400.0
1984-10-30,0.11,0.11,0.11,0.11,0.09,74592000.0
1984-10-31,0.11,0.11,0.11,0.11,0.09,60233600.0
1984-11-01,0.11,0.11,0.11,0.11,0.09,47040000.0
1984-11-02,0.11,0.11,0.11,0.11,0.09,27686400.0
1984-11-05,0.11,0.11,0.11,0.11,0.08,105369600.0
1984-11-06,0.12,0.12,0.12,0.12,0.09,225321600.0
1984-11-07,0.12,0.12,0.11,0.11,0.09,231548800.0
1984-11-08,0.11,0.11,0.11,0.11,0.08,88121600.0
1984-11-09,0.11,0.11,0.1,0.1,0.08,294134400.0
1984-11-12,0.11,0.11,0.11,0.11,0.08,113254400.0
1984-11-13,0.11,0.11,0.1,0.1,0.08,126672000.0
1984-11-14,0.11,0.11,0.11,0.11,0.08,104339200.0
1984-11-15,0.11,0.11,0.11,0.11,0.08,106601600.0
1984-11-16,0.11,0.11,0.1,0.1,0.08,165760000.0
1984-11-19,0.1,0.1,0.1,0.1,0.07,232982400.0
1984-11-20,0.1,0.1,0.1,0.1,0.08,263244800.0
1984-11-21,0.1,0.1,0.1,0.1,0.08,178729600.0
1984-11-23,0.1,0.11,0.1,0.11,0.08,137088000.0
1984-11-26,0.11,0.11,0.11,0.11,0.08,100643200.0
1984-11-27,0.11,0.11,0.11,0.11,0.08,127411200.0
1984-11-28,0.12,0.12,0.12,0.12,0.09,410524800.0
1984-11-29,0.12,0.12,0.11,0.11,0.09,174876800.0
1984-11-30,0.11,0.11,0.11,0.11,0.08,108707200.0
1984-12-03,0.11,0.11,0.11,0.11,0.08,98000000.0
1984-12-04,0.11,0.11,0.11,0.11,0.09,120377600.0
1984-12-05,0.12,0.12,0.12,0.12,0.09,262908800.0
1984-12-06,0.12,0.12,0.12,0.12,0.09,317273600.0
1984-12-07,0.12,0.13,0.12,0.12,0.09,494524800.0
1984-12-10,0.12,0.12,0.12,0.12,0.09,111484800.0
1984-12-11,0.12,0.12,0.12,0.12,0.09,123782400.0
1984-12-12,0.12,0.12,0.11,0.11,0.09,110073600.0
1984-12-13,0.11,0.12,0.11,0.11,0.09,66841600.0
1984-12-14,0.11,0.12,0.11,0.12,0.09,96140800.0
1984-12-17,0.12,0.12,0.12,0.12,0.09,125238400.0
1984-12-18,0.13,0.13,0.13,0.13,0.1,340569600.0
1984-12-19,0.13,0.13,0.12,0.12,0.09,317497600.0
1984-12-20,0.12,0.13,0.12,0.12,0.09,139843200.0
1984-12-21,0.12,0.12,0.12,0.12,0.09,123894400.0
1984-12-24,0.12,0.12,0.12,0.12,0.09,67536000.0
1984-12-26,0.12,0.12,0.12,0.12,0.09,67177600.0
1984-12-27,0.12,0.12,0.12,0.12,0.1,98761600.0
1984-12-28,0.12,0.13,0.12,0.13,0.1,165334400.0
1984-12-31,0.13,0.13,0.13,0.13,0.1,207760000.0
1985-01-02,0.13,0.13,0.12,0.12,0.1,175302400.0
1985-01-03,0.13,0.13,0.13,0.13,0.1,166611200.0
1985-01-04,0.13,0.13,0.13,0.13,0.1,137267200.0
1985-01-07,0.13,0.13,0.13,0.13,0.1,170912000.0
1985-01-08,0.13,0.13,0.13,0.13,0.1,141120000.0
1985-01-09,0.13,0.13,0.13,0.13,0.1,166723200.0
1985-01-10,0.13,0.13,0.13,0.13,0.1,277065600.0
1985-01-11,0.13,0.14,0.13,0.13,0.1,205049600.0
1985-01-14,0.14,0.14,0.14,0.14,0.1,270435200.0
1985-01-15,0.14,0.14,0.13,0.13,0.1,264969600.0
1985-01-16,0.14,0.14,0.14,0.14,0.1,189884800.0
1985-01-17,0.14,0.14,0.13,0.13,0.1,547523200.0
1985-01-18,0.13,0.13,0.13,0.13,0.1,352665600.0
1985-01-21,0.13,0.13,0.13,0.13,0.1,325427200.0
1985-01-22,0.13,0.14,0.13,0.13,0.1,424838400.0
1985-01-23,0.13,0.14,0.13,0.13,0.1,430505600.0
1985-01-24,0.13,0.13,0.13,0.13,0.1,397062400.0
1985-01-25,0.13,0.13,0.13,0.13,0.1,318460800.0
1985-01-28,0.14,0.14,0.14,0.14,0.1,412182400.0
1985-01-29,0.14,0.14,0.13,0.13,0.1,223731200.0
1985-01-30,0.13,0.14,0.13,0.13,0.1,492441600.0
1985-01-31,0.13,0.13,0.13,0.13,0.1,276236800.0
1985-02-01,0.13,0.13,0.13,0.13,0.1,137737600.0
1985-02-04,0.13,0.13,0.13,0.13,0.1,218019200.0
1985-02-05,0.13,0.13,0.13,0.13,0.1,190041600.0
1985-02-06,0.13,0.13,0.13,0.13,0.1,194432000.0
1985-02-07,0.13,0.14,0.13,0.13,0.1,245481600.0
1985-02-08,0.13,0.13,0.13,0.13,0.1,132025600.0
1985-02-11,0.14,0.14,0.14,0.14,0.1,346953600.0
1985-02-12,0.14,0.14,0.13,0.13,0.1,226508800.0
1985-02-13,0.13,0.13,0.13,0.13,0.1,527027200.0
1985-02-14,0.13,0.13,0.12,0.12,0.09,426832000.0
1985-02-15,0.12,0.13,0.12,0.13,0.1,173622400.0
1985-02-19,0.12,0.12,0.12,0.12,0.09,149833600.0
1985-02-20,0.12,0.12,0.12,0.12,0.09,219968000.0
1985-02-21,0.12,0.12,0.12,0.12,0.09,308224000.0
1985-02-22,0.12,0.12,0.12,0.12,0.09,226531200.0
1985-02-25,0.12,0.12,0.12,0.12,0.09,98537600.0
1985-02-26,0.12,0.12,0.12,0.12,0.09,188966400.0
1985-02-27,0.12,0.12,0.11,0.11,0.09,403580800.0
1985-02-28,0.11,0.11,0.11,0.11,0.08,319065600.0
1985-03-01,0.11,0.11,0.11,0.11,0.09,247430400.0
1985-03-04,0.11,0.12,0.11,0.11,0.09,153104000.0
1985-03-05,0.12,0.12,0.12,0.12,0.09,130771200.0
1985-03-06,0.12,0.12,0.11,0.11,0.08,193603200.0
1985-03-07,0.11,0.11,0.1,0.1,0.08,733980800.0
1985-03-08,0.1,0.1,0.09,0.1,0.07,473558400.0
1985-03-11,0.1,0.1,0.1,0.1,0.08,286003200.0
1985-03-12,0.1,0.1,0.1,0.1,0.08,219430400.0
1985-03-13,0.1,0.1,0.1,0.1,0.07,251126400.0
1985-03-14,0.1,0.1,0.1,0.1,0.07,241606400.0
1985-03-15,0.1,0.1,0.1,0.1,0.08,181417600.0
1985-03-18,0.1,0.1,0.1,0.1,0.08,124768000.0
1985-03-19,0.1,0.1,0.1,0.1,0.08,171449600.0
1985-03-20,0.1,0.1,0.1,0.1,0.08,404969600.0
1985-03-21,0.1,0.1,0.1,0.1,0.08,162467200.0
1985-03-22,0.1,0.1,0.1,0.1,0.08,80371200.0
1985-03-25,0.1,0.1,0.1,0.1,0.07,109961600.0
1985-03-26,0.1,0.1,0.1,0.1,0.08,121430400.0
1985-03-27,0.1,0.1,0.1,0.1,0.07,111350400.0
1985-03-28,0.1,0.1,0.1,0.1,0.07,129606400.0
1985-03-29,0.1,0.1,0.1,0.1,0.08,87180800.0
1985-04-01,0.1,0.1,0.1,0.1,0.07,114060800.0
1985-04-02,0.1,0.1,0.09,0.09,0.07,227427200.0
1985-04-03,0.09,0.09,0.09,0.09,0.07,242659200.0
1985-04-04,0.09,0.09,0.09,0.09,0.07,161862400.0
1985-04-08,0.09,0.09,0.09,0.09,0.07,198732800.0
1985-04-09,0.09,0.09,0.09,0.09,0.07,263894400.0
1985-04-10,0.09,0.09,0.09,0.09,0.07,226912000.0
1985-04-11,0.1,0.1,0.1,0.1,0.07,146675200.0
1985-04-12,0.1,0.1,0.09,0.09,0.07,72531200.0
1985-04-15,0.1,0.1,0.1,0.1,0.07,59830400.0
1985-04-16,0.1,0.1,0.1,0.1,0.07,67648000.0
1985-04-17,0.1,0.1,0.1,0.1,0.08,123244800.0
1985-04-18,0.1,0.1,0.1,0.1,0.08,202428800.0
1985-04-19,0.1,0.1,0.1,0.1,0.08,96028800.0
1985-04-22,0.1,0.1,0.1,0.1,0.07,102592000.0
1985-04-23,0.1,0.1,0.1,0.1,0.08,118294400.0
1985-04-24,0.1,0.1,0.1,0.1,0.08,78937600.0
1985-04-25,0.1,0.1,0.1,0.1,0.08,87628800.0
1985-04-26,0.1,0.1,0.1,0.1,0.07,119705600.0
1985-04-29,0.1,0.1,0.09,0.09,0.07,62204800.0
1985-04-30,0.09,0.1,0.09,0.09,0.07,94729600.0
1985-05-01,0.09,0.1,0.09,0.09,0.07,57344000.0
1985-05-02,0.09,0.09,0.09,0.09,0.07,329772800.0
1985-05-03,0.09,0.09,0.09,0.09,0.07,158121600.0
1985-05-06,0.09,0.09,0.09,0.09,0.07,56134400.0
1985-05-07,0.09,0.09,0.09,0.09,0.07,107609600.0
1985-05-08,0.09,0.09,0.09,0.09,0.07,144390400.0
1985-05-09,0.09,0.09,0.09,0.09,0.07,127075200.0
1985-05-10,0.09,0.09,0.09,0.09,0.07,136080000.0
1985-05-13,0.09,0.09,0.09,0.09,0.07,87225600.0
1985-05-14,0.09,0.09,0.09,0.09,0.07,121744000.0
1985-05-15,0.09,0.09,0.09,0.09,0.07,130435200.0
1985-05-16,0.1,0.1,0.1,0.1,0.07,230540800.0
1985-05-17,0.1,0.1,0.09,0.1,0.07,211859200.0
1985-05-20,0.1,0.1,0.1,0.1,0.07,197187200.0
1985-05-21,0.09,0.09,0.09,0.09,0.07,152544000.0
1985-05-22,0.09,0.09,0.09,0.09,0.07,120556800.0
1985-05-23,0.09,0.09,0.09,0.09,0.07,239164800.0
1985-05-24,0.09,0.09,0.08,0.08,0.06,589478400.0
1985-05-28,0.08,0.08,0.08,0.08,0.06,510966400.0
1985-05-29,0.08,0.08,0.08,0.08,0.06,246556800.0
1985-05-30,0.08,0.08,0.08,0.08,0.06,314921600.0
1985-05-31,0.08,0.08,0.08,0.08,0.06,369420800.0
1985-06-03,0.08,0.08,0.07,0.07,0.05,576016000.0
1985-06-04,0.08,0.08,0.08,0.08,0.06,401923200.0
1985-06-05,0.08,0.08,0.08,0.08,0.06,286406400.0
1985-06-06,0.08,0.08,0.08,0.08,0.06,271196800.0
1985-06-07,0.08,0.08,0.07,0.07,0.06,475238400.0
1985-06-10,0.07,0.07,0.07,0.07,0.06,316131200.0
1985-06-11,0.07,0.07,0.07,0.07,0.06,300720000.0
1985-06-12,0.07,0.07,0.07,0.07,0.05,247990400.0
1985-06-13,0.07,0.07,0.07,0.07,0.05,379523200.0
1985-06-14,0.07,0.07,0.07,0.07,0.05,565667200.0
1985-06-17,0.07,0.07,0.07,0.07,0.05,236342400.0
1985-06-18,0.07,0.07,0.07,0.07,0.05,265216000.0
1985-06-19,0.07,0.07,0.07,0.07,0.05,171987200.0
1985-06-20,0.07,0.07,0.07,0.07,0.05,190803200.0
1985-06-21,0.07,0.07,0.07,0.07,0.06,166140800.0
1985-06-24,0.08,0.08,0.08,0.08,0.06,205766400.0
1985-06-25,0.08,0.08,0.08,0.08,0.06,293910400.0
1985-06-26,0.08,0.08,0.08,0.08,0.06,132204800.0
1985-06-27,0.08,0.08,0.08,0.08,0.06,192460800.0
1985-06-28,0.08,0.08,0.08,0.08,0.06,135744000.0
1985-07-01,0.08,0.08,0.08,0.08,0.06,103443200.0
1985-07-02,0.08,0.08,0.08,0.08,0.06,77728000.0
1985-07-03,0.08,0.08,0.08,0.08,0.06,68499200.0
1985-07-05,0.08,0.08,0.08,0.08,0.06,36579200.0
1985-07-08,0.08,0.08,0.08,0.08,0.06,92220800.0
1985-07-09,0.08,0.08,0.08,0.08,0.06,147907200.0
1985-07-10,0.08,0.08,0.08,0.08,0.06,106041600.0
1985-07-11,0.08,0.08,0.08,0.08,0.06,64892800.0
1985-07-12,0.08,0.08,0.08,0.08,0.06,47040000.0
1985-07-15,0.08,0.08,0.08,0.08,0.06,77683200.0
1985-07-16,0.08,0.08,0.08,0.08,0.06,143360000.0
1985-07-17,0.08,0.08,0.08,0.08,0.06,118182400.0
1985-07-18,0.08,0.08,0.08,0.08,0.06,179065600.0
1985-07-19,0.08,0.08,0.08,0.08,0.06,114912000.0
1985-07-22,0.08,0.08,0.08,0.08,0.06,192304000.0
1985-07-23,0.08,0.08,0.07,0.07,0.06,168694400.0
1985-07-24,0.07,0.07,0.07,0.07,0.06,168716800.0
1985-07-25,0.07,0.07,0.07,0.07,0.06,315078400.0
1985-07-26,0.07,0.07,0.07,0.07,0.06,130524800.0
1985-07-29,0.07,0.07,0.07,0.07,0.05,77750400.0
1985-07-30,0.07,0.07,0.07,0.07,0.06,89465600.0
1985-07-31,0.07,0.07,0.07,0.07,0.05,80505600.0
1985-08-01,0.07,0.07,0.07,0.07,0.05,51564800.0
1985-08-02,0.07,0.07,0.07,0.07,0.05,97417600.0
1985-08-05,0.07,0.07,0.07,0.07,0.05,92332800.0
1985-08-06,0.07,0.07,0.07,0.07,0.05,63078400.0
1985-08-07,0.07,0.07,0.07,0.07,0.05,151737600.0
1985-08-08,0.07,0.07,0.07,0.07,0.05,147772800.0
1985-08-09,0.07,0.07,0.07,0.07,0.05,60950400.0
1985-08-12,0.07,0.07,0.07,0.07,0.05,54992000.0
1985-08-13,0.07,0.07,0.07,0.07,0.05,42380800.0
1985-08-14,0.07,0.07,0.07,0.07,0.05,289900800.0
1985-08-15,0.07,0.07,0.06,0.06,0.05,105190400.0
1985-08-16,0.07,0.07,0.07,0.07,0.05,83753600.0
1985-08-19,0.07,0.07,0.07,0.07,0.05,47868800.0
1985-08-20,0.07,0.07,0.07,0.07,0.05,66953600.0
1985-08-21,0.07,0.07,0.07,0.07,0.05,77011200.0
1985-08-22,0.07,0.07,0.07,0.07,0.05,123312000.0
1985-08-23,0.07,0.07,0.07,0.07,0.05,44016000.0
1985-08-26,0.07,0.07,0.07,0.07,0.05,35660800.0
1985-08-27,0.07,0.07,0.07,0.07,0.05,42918400.0
1985-08-28,0.07,0.07,0.07,0.07,0.05,40947200.0
1985-08-29,0.07,0.07,0.07,0.07,0.05,56112000.0
1985-08-30,0.07,0.07,0.07,0.07,0.05,42873600.0
1985-09-03,0.07,0.07,0.07,0.07,0.05,37452800.0
1985-09-04,0.07,0.07,0.07,0.07,0.05,47555200.0
1985-09-05,0.07,0.07,0.07,0.07,0.05,32816000.0
1985-09-06,0.07,0.07,0.07,0.07,0.05,92803200.0
1985-09-09,0.07,0.07,0.07,0.07,0.05,132316800.0
1985-09-10,0.07,0.07,0.07,0.07,0.05,121766400.0
1985-09-11,0.07,0.07,0.07,0.07,0.05,87091200.0
1985-09-12,0.07,0.07,0.07,0.07,0.06,111171200.0
1985-09-13,0.07,0.07,0.07,0.07,0.05,70537600.0
1985-09-16,0.07,0.07,0.07,0.07,0.05,36982400.0
1985-09-17,0.07,0.07,0.07,0.07,0.05,183747200.0
1985-09-18,0.07,0.07,0.07,0.07,0.06,120086400.0
1985-09-19,0.08,0.08,0.08,0.08,0.06,186323200.0
1985-09-20,0.08,0.08,0.07,0.07,0.06,135228800.0
1985-09-23,0.08,0.08,0.08,0.08,0.06,118585600.0
1985-09-24,0.08,0.08,0.07,0.07,0.06,88099200.0
1985-09-25,0.07,0.07,0.07,0.07,0.05,104496000.0
1985-09-26,0.07,0.07,0.07,0.07,0.05,53491200.0
1985-09-30,0.07,0.07,0.07,0.07,0.05,36646400.0
1985-10-01,0.07,0.07,0.07,0.07,0.05,88345600.0
1985-10-02,0.07,0.07,0.07,0.07,0.05,21504000.0
1985-10-03,0.07,0.07,0.07,0.07,0.05,48921600.0
1985-10-04,0.07,0.07,0.07,0.07,0.05,69529600.0
1985-10-07,0.07,0.07,0.07,0.07,0.05,91929600.0
1985-10-08,0.07,0.07,0.07,0.07,0.05,86979200.0
1985-10-09,0.07,0.07,0.07,0.07,0.05,82812800.0
1985-10-10,0.07,0.07,0.07,0.07,0.05,261744000.0
1985-10-11,0.07,0.07,0.07,0.07,0.05,118294400.0
1985-10-14,0.07,0.07,0.07,0.07,0.06,155187200.0
1985-10-15,0.08,0.08,0.08,0.08,0.06,293888000.0
1985-10-16,0.08,0.08,0.08,0.08,0.06,288444800.0
1985-10-17,0.08,0.09,0.08,0.08,0.06,348185600.0
1985-10-18,0.08,0.08,0.08,0.08,0.06,230428800.0
1985-10-21,0.08,0.08,0.08,0.08,0.06,118876800.0
1985-10-22,0.08,0.08,0.08,0.08,0.06,424547200.0
1985-10-23,0.08,0.08,0.08,0.08,0.06,148377600.0
1985-10-24,0.08,0.08,0.08,0.08,0.06,272630400.0
1985-10-25,0.08,0.08,0.08,0.08,0.06,63280000.0
1985-10-28,0.08,0.08,0.08,0.08,0.06,59472000.0
1985-10-29,0.08,0.08,0.08,0.08,0.06,130883200.0
1985-10-30,0.08,0.08,0.08,0.08,0.07,226576000.0
1985-10-31,0.08,0.09,0.08,0.08,0.06,155075200.0
1985-11-01,0.08,0.08,0.08,0.08,0.06,92556800.0
1985-11-04,0.08,0.09,0.08,0.08,0.06,155724800.0
1985-11-05,0.08,0.09,0.08,0.08,0.06,107542400.0
1985-11-06,0.09,0.09,0.09,0.09,0.07,200457600.0
1985-11-07,0.09,0.09,0.09,0.09,0.07,317139200.0
1985-11-08,0.09,0.09,0.09,0.09,0.07,294112000.0
1985-11-11,0.09,0.09,0.09,0.09,0.07,178774400.0
1985-11-12,0.09,0.09,0.09,0.09,0.07,173644800.0
1985-11-13,0.09,0.09,0.09,0.09,0.07,101561600.0
1985-11-14,0.09,0.09,0.09,0.09,0.07,139507200.0
1985-11-15,0.09,0.09,0.09,0.09,0.07,81580800.0
1985-11-18,0.09,0.09,0.09,0.09,0.07,64556800.0
1985-11-19,0.09,0.09,0.09,0.09,0.07,94326400.0
1985-11-20,0.09,0.09,0.08,0.08,0.07,99075200.0
1985-11-21,0.08,0.09,0.08,0.08,0.07,102950400.0
1985-11-22,0.08,0.09,0.08,0.08,0.07,128755200.0
1985-11-25,0.08,0.09,0.08,0.09,0.07,97193600.0
1985-11-26,0.09,0.09,0.08,0.09,0.07,164460800.0
1985-11-27,0.09,0.09,0.09,0.09,0.07,191721600.0
1985-11-29,0.09,0.09,0.09,0.09,0.07,99030400.0
1985-12-02,0.09,0.09,0.09,0.09,0.07,100195200.0
1985-12-03,0.09,0.09,0.09,0.09,0.07,155075200.0
1985-12-04,0.09,0.09,0.09,0.09,0.07,165110400.0
1985-12-05,0.09,0.09,0.09,0.09,0.07,125148800.0
1985-12-06,0.09,0.09,0.09,0.09,0.07,65452800.0
1985-12-09,0.09,0.09,0.09,0.09,0.07,139865600.0
1985-12-10,0.09,0.09,0.09,0.09,0.07,200905600.0
1985-12-11,0.09,0.09,0.09,0.09,0.07,237619200.0
1985-12-12,0.09,0.09,0.09,0.09,0.07,125260800.0
1985-12-13,0.09,0.09,0.09,0.09,0.07,251148800.0
1985-12-16,0.09,0.09,0.09,0.09,0.07,288915200.0
1985-12-17,0.09,0.09,0.09,0.09,0.07,109065600.0
1985-12-18,0.1,0.1,0.1,0.1,0.08,559798400.0
1985-12-19,0.1,0.1,0.1,0.1,0.08,270121600.0
1985-12-20,0.1,0.1,0.1,0.1,0.08,206035200.0
1985-12-23,0.1,0.1,0.1,0.1,0.07,143225600.0
1985-12-24,0.1,0.1,0.1,0.1,0.07,64601600.0
1985-12-26,0.1,0.1,0.1,0.1,0.07,45852800.0
1985-12-27,0.1,0.1,0.1,0.1,0.08,122886400.0
1985-12-30,0.1,0.1,0.1,0.1,0.08,107676800.0
1985-12-31,0.1,0.1,0.1,0.1,0.08,87248000.0
1986-01-02,0.1,0.1,0.1,0.1,0.08,117420800.0
1986-01-03,0.1,0.1,0.1,0.1,0.08,242166400.0
1986-01-06,0.1,0.1,0.1,0.1,0.08,185046400.0
1986-01-07,0.1,0.1,0.1,0.1,0.08,470534400.0
1986-01-08,0.1,0.1,0.1,0.1,0.08,607600000.0
1986-01-09,0.1,0.1,0.1,0.1,0.08,447238400.0
1986-01-10,0.1,0.1,0.1,0.1,0.08,153238400.0
1986-01-13,0.1,0.1,0.1,0.1,0.08,215420800.0
1986-01-14,0.1,0.11,0.1,0.1,0.08,272697600.0
1986-01-15,0.1,0.11,0.1,0.11,0.08,423472000.0
1986-01-16,0.11,0.11,0.11,0.11,0.08,534777600.0
1986-01-17,0.11,0.11,0.11,0.11,0.08,345385600.0
1986-01-20,0.11,0.11,0.1,0.11,0.08,127411200.0
1986-01-21,0.11,0.11,0.11,0.11,0.08,151961600.0
1986-01-22,0.11,0.11,0.1,0.1,0.08,143001600.0
1986-01-23,0.1,0.1,0.1,0.1,0.08,156419200.0
1986-01-24,0.1,0.1,0.1,0.1,0.08,111977600.0
1986-01-27,0.1,0.1,0.1,0.1,0.08,389580800.0
1986-01-28,0.1,0.1,0.1,0.1,0.08,222297600.0
1986-01-29,0.1,0.11,0.1,0.11,0.08,589568000.0
1986-01-30,0.1,0.1,0.1,0.1,0.08,236880000.0
1986-01-31,0.1,0.1,0.1,0.1,0.08,147705600.0
1986-02-03,0.1,0.11,0.1,0.11,0.08,350022400.0
1986-02-04,0.11,0.11,0.11,0.11,0.08,260176000.0
1986-02-05,0.11,0.11,0.1,0.11,0.08,197164800.0
1986-02-06,0.11,0.11,0.11,0.11,0.08,134220800.0
1986-02-07,0.11,0.11,0.1,0.11,0.08,129404800.0
1986-02-10,0.11,0.11,0.11,0.11,0.08,111843200.0
1986-02-11,0.11,0.11,0.1,0.11,0.08,153462400.0
1986-02-12,0.11,0.11,0.11,0.11,0.08,133056000.0
1986-02-13,0.11,0.11,0.11,0.11,0.08,109379200.0
1986-02-14,0.11,0.11,0.11,0.11,0.08,137513600.0
1986-02-18,0.11,0.11,0.1,0.11,0.08,148108800.0
1986-02-19,0.11,0.11,0.11,0.11,0.09,359676800.0
1986-02-20,0.11,0.11,0.11,0.11,0.09,137916800.0
1986-02-21,0.11,0.11,0.11,0.11,0.09,189078400.0
1986-02-24,0.11,0.11,0.11,0.11,0.09,247116800.0
1986-02-25,0.11,0.12,0.11,0.12,0.09,224739200.0
1986-02-26,0.12,0.12,0.12,0.12,0.09,164729600.0
1986-02-27,0.12,0.12,0.11,0.11,0.09,108124800.0
1986-02-28,0.11,0.12,0.11,0.11,0.09,125126400.0
1986-03-03,0.11,0.11,0.11,0.11,0.08,108819200.0
1986-03-04,0.11,0.11,0.11,0.11,0.08,89107200.0
1986-03-05,0.11,0.11,0.11,0.11,0.09,177027200.0
1986-03-06,0.11,0.11,0.11,0.11,0.09,101337600.0
1986-03-07,0.11,0.11,0.11,0.11,0.08,96185600.0
1986-03-10,0.11,0.11,0.11,0.11,0.08,75488000.0
1986-03-11,0.11,0.11,0.11,0.11,0.09,103062400.0
1986-03-12,0.11,0.11,0.11,0.11,0.08,85680000.0
1986-03-13,0.11,0.11,0.11,0.11,0.08,115964800.0
1986-03-14,0.11,0.12,0.11,0.12,0.09,384854400.0
1986-03-17,0.12,0.12,0.11,0.12,0.09,118720000.0
1986-03-18,0.12,0.12,0.12,0.12,0.09,249356800.0
1986-03-19,0.12,0.12,0.12,0.12,0.09,189884800.0
1986-03-20,0.13,0.13,0.13,0.13,0.1,904131200.0
1986-03-21,0.13,0.13,0.12,0.12,0.09,260377600.0
1986-03-24,0.12,0.12,0.12,0.12,0.09,294313600.0
1986-03-25,0.12,0.12,0.12,0.12,0.1,281075200.0
1986-03-26,0.12,0.13,0.12,0.13,0.1,222140800.0
1986-03-27,0.13,0.13,0.13,0.13,0.1,219004800.0
1986-03-31,0.13,0.13,0.13,0.13,0.1,187801600.0
1986-04-01,0.13,0.13,0.12,0.12,0.09,222723200.0
1986-04-02,0.12,0.12,0.12,0.12,0.09,325292800.0
1986-04-03,0.12,0.12,0.12,0.12,0.09,211075200.0
1986-04-04,0.12,0.12,0.12,0.12,0.09,125955200.0
1986-04-07,0.12,0.12,0.12,0.12,0.09,120131200.0
1986-04-08,0.12,0.12,0.12,0.12,0.09,193222400.0
1986-04-09,0.12,0.12,0.12,0.12,0.09,135318400.0
1986-04-10,0.12,0.12,0.12,0.12,0.09,109984000.0
1986-04-11,0.12,0.12,0.12,0.12,0.09,75667200.0
1986-04-14,0.12,0.12,0.12,0.12,0.09,84963200.0
1986-04-15,0.12,0.12,0.12,0.12,0.09,131398400.0
1986-04-16,0.12,0.13,0.12,0.13,0.1,210828800.0
1986-04-17,0.13,0.13,0.13,0.13,0.1,270099200.0
1986-04-18,0.13,0.13,0.13,0.13,0.1,247676800.0
1986-04-21,0.13,0.14,0.13,0.14,0.1,273548800.0
1986-04-22,0.14,0.14,0.13,0.13,0.1,327868800.0
1986-04-23,0.13,0.14,0.13,0.13,0.1,261475200.0
1986-04-24,0.13,0.14,0.13,0.14,0.11,458371200.0
1986-04-25,0.14,0.15,0.14,0.14,0.11,261072000.0
1986-04-28,0.14,0.15,0.14,0.14,0.11,145532800.0
1986-04-29,0.14,0.14,0.12,0.14,0.11,132697600.0
1986-04-30,0.14,0.14,0.14,0.14,0.1,137782400.0
1986-05-01,0.14,0.14,0.13,0.14,0.1,257936000.0
1986-05-02,0.14,0.14,0.13,0.14,0.1,93587200.0
1986-05-05,0.14,0.15,0.14,0.14,0.11,149340800.0
1986-05-06,0.14,0.15,0.14,0.15,0.11,218534400.0
1986-05-07,0.15,0.15,0.14,0.14,0.11,198800000.0
1986-05-08,0.14,0.15,0.14,0.15,0.11,233363200.0
1986-05-09,0.15,0.15,0.15,0.15,0.11,222499200.0
1986-05-12,0.15,0.16,0.15,0.16,0.12,400422400.0
1986-05-13,0.16,0.16,0.16,0.16,0.12,471766400.0
1986-05-14,0.16,0.17,0.16,0.16,0.13,482988800.0
1986-05-15,0.16,0.17,0.16,0.16,0.12,222544000.0
1986-05-16,0.16,0.16,0.16,0.16,0.12,319244800.0
1986-05-19,0.16,0.16,0.16,0.16,0.12,209507200.0
1986-05-20,0.16,0.16,0.15,0.16,0.12,245795200.0
1986-05-21,0.16,0.17,0.16,0.17,0.13,346729600.0
1986-05-22,0.17,0.17,0.16,0.16,0.13,220505600.0
1986-05-23,0.16,0.17,0.16,0.17,0.13,139843200.0
1986-05-27,0.17,0.17,0.16,0.16,0.13,84649600.0
1986-05-28,0.16,0.17,0.16,0.17,0.13,207132800.0
1986-05-29,0.17,0.17,0.16,0.17,0.13,101427200.0
1986-05-30,0.17,0.17,0.16,0.17,0.13,127433600.0
1986-06-02,0.17,0.17,0.16,0.17,0.13,199248000.0
1986-06-03,0.17,0.17,0.17,0.17,0.13,325897600.0
1986-06-04,0.17,0.17,0.17,0.17,0.13,300652800.0
1986-06-05,0.17,0.17,0.17,0.17,0.13,147884800.0
1986-06-06,0.17,0.17,0.17,0.17,0.13,177363200.0
1986-06-09,0.17,0.17,0.16,0.16,0.12,247027200.0
1986-06-10,0.16,0.16,0.16,0.16,0.12,246892800.0
1986-06-11,0.16,0.16,0.16,0.16,0.12,186860800.0
1986-06-12,0.16,0.16,0.16,0.16,0.12,129091200.0
1986-06-13,0.16,0.16,0.16,0.16,0.12,143001600.0
1986-06-16,0.16,0.16,0.16,0.16,0.12,173600000.0
1986-06-17,0.16,0.16,0.15,0.15,0.12,222051200.0
1986-06-18,0.15,0.16,0.15,0.15,0.12,429654400.0
1986-06-19,0.15,0.16,0.15,0.16,0.12,344646400.0
1986-06-20,0.16,0.16,0.16,0.16,0.12,161302400.0
1986-06-23,0.16,0.16,0.15,0.16,0.12,116323200.0
1986-06-24,0.16,0.16,0.15,0.16,0.12,141993600.0
1986-06-25,0.16,0.16,0.16,0.16,0.12,131980800.0
1986-06-26,0.16,0.16,0.16,0.16,0.12,116928000.0
1986-06-27,0.16,0.16,0.16,0.16,0.12,50198400.0
1986-06-30,0.16,0.16,0.16,0.16,0.12,70761600.0
1986-07-01,0.16,0.16,0.16,0.16,0.12,87718400.0
1986-07-02,0.16,0.16,0.16,0.16,0.12,144838400.0
1986-07-03,0.16,0.17,0.16,0.17,0.13,181171200.0
1986-07-07,0.17,0.17,0.16,0.16,0.12,181820800.0
1986-07-08,0.16,0.16,0.15,0.15,0.12,273683200.0
1986-07-09,0.15,0.16,0.15,0.15,0.12,365120000.0
1986-07-10,0.16,0.16,0.15,0.16,0.12,208566400.0
1986-07-11,0.16,0.17,0.16,0.17,0.13,224000000.0
1986-07-14,0.17,0.17,0.16,0.16,0.12,237440000.0
1986-07-15,0.16,0.16,0.15,0.16,0.12,297920000.0
1986-07-16,0.16,0.16,0.15,0.15,0.11,539840000.0
1986-07-17,0.15,0.15,0.14,0.14,0.11,250880000.0
1986-07-18,0.14,0.15,0.14,0.14,0.11,309120000.0
1986-07-21,0.15,0.15,0.15,0.15,0.11,228480000.0
1986-07-22,0.15,0.15,0.15,0.15,0.12,239680000.0
1986-07-23,0.15,0.15,0.15,0.15,0.12,179491200.0
1986-07-24,0.15,0.15,0.15,0.15,0.11,144569600.0
1986-07-25,0.15,0.15,0.15,0.15,0.12,217459200.0
1986-07-28,0.15,0.15,0.14,0.14,0.11,246400000.0
1986-07-29,0.14,0.14,0.14,0.14,0.11,595840000.0
1986-07-30,0.14,0.14,0.13,0.14,0.1,255360000.0
1986-07-31,0.14,0.14,0.14,0.14,0.11,282240000.0
1986-08-01,0.14,0.14,0.14,0.14,0.11,150080000.0
1986-08-04,0.14,0.14,0.14,0.14,0.11,130166400.0
1986-08-05,0.14,0.14,0.14,0.14,0.11,117891200.0
1986-08-06,0.14,0.14,0.14,0.14,0.11,185203200.0
1986-08-07,0.14,0.15,0.14,0.14,0.11,173398400.0
1986-08-08,0.14,0.14,0.14,0.14,0.11,110140800.0
1986-08-11,0.14,0.15,0.14,0.15,0.11,183433600.0
1986-08-12,0.15,0.15,0.15,0.15,0.12,244160000.0
1986-08-13,0.15,0.16,0.15,0.16,0.12,454720000.0
1986-08-14,0.16,0.17,0.16,0.16,0.12,230720000.0
1986-08-15,0.16,0.16,0.16,0.16,0.12,137177600.0
1986-08-18,0.16,0.16,0.16,0.16,0.12,147347200.0
1986-08-19,0.16,0.16,0.15,0.16,0.12,137782400.0
1986-08-20,0.16,0.16,0.16,0.16,0.12,171315200.0
1986-08-21,0.16,0.16,0.16,0.16,0.12,194656000.0
1986-08-22,0.16,0.16,0.16,0.16,0.12,115718400.0
1986-08-25,0.16,0.16,0.16,0.16,0.12,126403200.0
1986-08-26,0.16,0.16,0.16,0.16,0.13,131241600.0
1986-08-27,0.16,0.17,0.16,0.17,0.13,147033600.0
1986-08-28,0.17,0.17,0.16,0.17,0.13,219699200.0
1986-08-29,0.17,0.17,0.16,0.17,0.13,135228800.0
1986-09-02,0.17,0.17,0.16,0.16,0.12,232960000.0
1986-09-03,0.16,0.16,0.15,0.16,0.12,117488000.0
1986-09-04,0.16,0.16,0.16,0.16,0.12,198800000.0
1986-09-05,0.16,0.16,0.16,0.16,0.12,98492800.0
1986-09-08,0.16,0.16,0.15,0.16,0.12,126201600.0
1986-09-09,0.15,0.16,0.15,0.16,0.12,150774400.0
1986-09-10,0.16,0.16,0.16,0.16,0.12,75667200.0
1986-09-11,0.15,0.16,0.15,0.15,0.11,134355200.0
1986-09-12,0.15,0.15,0.14,0.14,0.11,228480000.0
1986-09-15,0.14,0.15,0.14,0.15,0.11,222723200.0
1986-09-16,0.15,0.16,0.15,0.16,0.12,246400000.0
1986-09-17,0.16,0.16,0.15,0.15,0.12,116860800.0
1986-09-18,0.15,0.15,0.15,0.15,0.12,99030400.0
1986-09-19,0.15,0.15,0.15,0.15,0.12,127612800.0
1986-09-22,0.15,0.16,0.15,0.16,0.12,239680000.0
1986-09-23,0.16,0.16,0.16,0.16,0.12,338240000.0
1986-09-24,0.16,0.16,0.15,0.16,0.12,176870400.0
1986-09-25,0.16,0.16,0.15,0.15,0.12,187801600.0
1986-09-26,0.15,0.15,0.15,0.15,0.12,70022400.0
1986-09-29,0.15,0.15,0.14,0.15,0.11,208947200.0
1986-09-30,0.15,0.15,0.15,0.15,0.11,180790400.0
1986-10-01,0.15,0.15,0.15,0.15,0.12,138588800.0
1986-10-02,0.15,0.15,0.15,0.15,0.12,94819200.0
1986-10-03,0.15,0.16,0.15,0.15,0.12,138745600.0
1986-10-06,0.15,0.15,0.15,0.15,0.12,94505600.0
1986-10-07,0.15,0.15,0.15,0.15,0.11,127993600.0
1986-10-08,0.15,0.15,0.14,0.15,0.11,111574400.0
1986-10-09,0.15,0.15,0.15,0.15,0.11,77952000.0
1986-10-10,0.15,0.15,0.14,0.15,0.11,58531200.0
1986-10-13,0.15,0.15,0.15,0.15,0.12,99680000.0
1986-10-14,0.15,0.16,0.15,0.15,0.12,199337600.0
1986-10-15,0.15,0.15,0.15,0.15,0.11,205408000.0
1986-10-16,0.15,0.15,0.15,0.15,0.12,135766400.0
1986-10-17,0.15,0.15,0.15,0.15,0.12,151872000.0
1986-10-20,0.15,0.15,0.15,0.15,0.11,148982400.0
1986-10-21,0.15,0.15,0.15,0.15,0.11,113724800.0
1986-10-22,0.15,0.15,0.14,0.15,0.11,94483200.0
1986-10-23,0.15,0.15,0.15,0.15,0.11,123132800.0
1986-10-24,0.15,0.15,0.15,0.15,0.11,75331200.0
1986-10-27,0.15,0.15,0.15,0.15,0.12,151200000.0
1986-10-28,0.15,0.15,0.15,0.15,0.11,142240000.0
1986-10-29,0.15,0.15,0.15,0.15,0.11,85433600.0
1986-10-30,0.15,0.16,0.15,0.15,0.12,293440000.0
1986-10-31,0.15,0.16,0.15,0.15,0.12,121296000.0
1986-11-03,0.16,0.16,0.15,0.16,0.12,151827200.0
1986-11-04,0.16,0.16,0.15,0.16,0.12,246400000.0
1986-11-05,0.16,0.17,0.16,0.17,0.13,624960000.0
1986-11-06,0.16,0.16,0.16,0.16,0.12,331520000.0
1986-11-07,0.16,0.16,0.16,0.16,0.12,143158400.0
1986-11-10,0.16,0.16,0.16,0.16,0.12,105884800.0
1986-11-11,0.16,0.16,0.16,0.16,0.12,50176000.0
1986-11-12,0.16,0.16,0.16,0.16,0.13,130995200.0
1986-11-13,0.16,0.16,0.16,0.16,0.12,137513600.0
1986-11-14,0.16,0.16,0.16,0.16,0.12,135116800.0
1986-11-17,0.16,0.17,0.16,0.16,0.12,141680000.0
1986-11-18,0.16,0.16,0.16,0.16,0.12,170060800.0
1986-11-19,0.16,0.16,0.15,0.16,0.12,302400000.0
1986-11-20,0.16,0.16,0.16,0.16,0.12,295680000.0
1986-11-21,0.16,0.16,0.16,0.16,0.12,286720000.0
1986-11-24,0.16,0.17,0.16,0.17,0.13,376320000.0
1986-11-25,0.17,0.18,0.17,0.18,0.14,848960000.0
1986-11-26,0.18,0.18,0.18,0.18,0.14,506240000.0
1986-11-28,0.18,0.18,0.18,0.18,0.14,220550400.0
1986-12-01,0.18,0.18,0.17,0.18,0.14,347200000.0
1986-12-02,0.18,0.19,0.18,0.19,0.14,369600000.0
1986-12-03,0.19,0.19,0.19,0.19,0.15,336000000.0
1986-12-04,0.19,0.19,0.19,0.19,0.15,268800000.0
1986-12-05,0.19,0.2,0.19,0.2,0.15,262080000.0
1986-12-08,0.19,0.2,0.19,0.19,0.15,347200000.0
1986-12-09,0.19,0.19,0.18,0.19,0.15,302400000.0
1986-12-10,0.19,0.2,0.19,0.19,0.15,244160000.0
1986-12-11,0.19,0.2,0.19,0.19,0.15,226240000.0
1986-12-12,0.19,0.19,0.18,0.18,0.14,180118400.0
1986-12-15,0.18,0.19,0.18,0.19,0.14,209059200.0
1986-12-16,0.19,0.19,0.19,0.19,0.15,151939200.0
1986-12-17,0.19,0.19,0.18,0.18,0.14,151110400.0
1986-12-18,0.18,0.19,0.18,0.18,0.14,175056000.0
1986-12-19,0.18,0.19,0.18,0.19,0.14,199091200.0
1986-12-22,0.19,0.19,0.19,0.19,0.14,164371200.0
1986-12-23,0.19,0.19,0.19,0.19,0.14,244160000.0
1986-12-24,0.19,0.19,0.19,0.19,0.14,95760000.0
1986-12-26,0.19,0.19,0.18,0.18,0.14,89868800.0
1986-12-29,0.18,0.18,0.18,0.18,0.14,117644800.0
1986-12-30,0.18,0.19,0.18,0.18,0.14,148153600.0
1986-12-31,0.18,0.18,0.18,0.18,0.14,132563200.0
1987-01-02,0.18,0.18,0.18,0.18,0.14,120870400.0
1987-01-05,0.18,0.19,0.18,0.19,0.15,239680000.0
1987-01-06,0.19,0.2,0.19,0.2,0.15,324800000.0
1987-01-07,0.2,0.2,0.19,0.2,0.15,434560000.0
1987-01-08,0.2,0.2,0.2,0.2,0.15,291200000.0
1987-01-09,0.2,0.2,0.2,0.2,0.16,239680000.0
1987-01-12,0.2,0.2,0.2,0.2,0.16,232960000.0
1987-01-13,0.2,0.2,0.2,0.2,0.15,211724800.0
1987-01-14,0.2,0.22,0.2,0.21,0.16,504000000.0
1987-01-15,0.22,0.23,0.21,0.22,0.17,546560000.0
1987-01-16,0.22,0.22,0.21,0.22,0.17,407680000.0
1987-01-19,0.22,0.24,0.21,0.24,0.18,362880000.0
1987-01-20,0.25,0.25,0.23,0.23,0.18,775040000.0
1987-01-21,0.23,0.23,0.22,0.22,0.17,533120000.0
1987-01-22,0.22,0.23,0.22,0.23,0.18,472640000.0
1987-01-23,0.23,0.24,0.22,0.22,0.17,459200000.0
1987-01-26,0.22,0.23,0.22,0.22,0.17,351680000.0
1987-01-27,0.22,0.24,0.22,0.24,0.18,378560000.0
1987-01-28,0.24,0.25,0.23,0.25,0.19,414400000.0
1987-01-29,0.25,0.26,0.24,0.24,0.19,557760000.0
1987-01-30,0.24,0.25,0.23,0.25,0.19,409920000.0
1987-02-02,0.25,0.25,0.24,0.25,0.19,246400000.0
1987-02-03,0.25,0.25,0.24,0.25,0.19,178617600.0
1987-02-04,0.25,0.25,0.24,0.25,0.19,217840000.0
1987-02-05,0.25,0.25,0.24,0.24,0.18,340480000.0
1987-02-06,0.24,0.24,0.24,0.24,0.18,293440000.0
1987-02-09,0.24,0.24,0.23,0.23,0.18,157001600.0
1987-02-10,0.23,0.24,0.23,0.24,0.18,166790400.0
1987-02-11,0.24,0.25,0.24,0.25,0.19,342720000.0
1987-02-12,0.25,0.27,0.25,0.26,0.2,710080000.0
1987-02-13,0.26,0.28,0.26,0.28,0.21,510720000.0
1987-02-17,0.28,0.3,0.28,0.3,0.23,409920000.0
1987-02-18,0.3,0.3,0.28,0.28,0.22,470400000.0
1987-02-19,0.28,0.28,0.28,0.28,0.21,313600000.0
1987-02-20,0.28,0.28,0.27,0.27,0.21,190646400.0
1987-02-23,0.27,0.29,0.27,0.28,0.22,351680000.0
1987-02-24,0.28,0.29,0.28,0.29,0.22,356160000.0
1987-02-25,0.29,0.31,0.29,0.31,0.24,454720000.0
1987-02-26,0.31,0.32,0.3,0.31,0.24,499520000.0
1987-02-27,0.31,0.32,0.3,0.31,0.24,405440000.0
1987-03-02,0.31,0.31,0.3,0.3,0.23,396480000.0
1987-03-03,0.3,0.3,0.29,0.29,0.22,436800000.0
1987-03-04,0.29,0.3,0.29,0.3,0.23,448000000.0
1987-03-05,0.3,0.31,0.3,0.31,0.23,338240000.0
1987-03-06,0.3,0.31,0.3,0.3,0.23,176377600.0
1987-03-09,0.3,0.3,0.29,0.29,0.22,255360000.0
1987-03-10,0.29,0.3,0.29,0.3,0.23,244160000.0
1987-03-11,0.3,0.3,0.3,0.3,0.23,218467200.0
1987-03-12,0.29,0.3,0.28,0.29,0.22,302400000.0
1987-03-13,0.29,0.29,0.28,0.28,0.22,197612800.0
1987-03-16,0.28,0.29,0.28,0.29,0.22,246400000.0
1987-03-17,0.29,0.3,0.29,0.3,0.23,244160000.0
1987-03-18,0.3,0.3,0.29,0.29,0.23,302400000.0
1987-03-19,0.29,0.31,0.29,0.31,0.23,206729600.0
1987-03-20,0.3,0.31,0.3,0.3,0.23,347200000.0
1987-03-23,0.3,0.3,0.3,0.3,0.23,246400000.0
1987-03-24,0.3,0.31,0.3,0.3,0.23,268800000.0
1987-03-25,0.3,0.3,0.29,0.3,0.23,273280000.0
1987-03-26,0.3,0.3,0.3,0.3,0.23,143024000.0
1987-03-27,0.3,0.3,0.29,0.29,0.22,133907200.0
1987-03-30,0.28,0.29,0.28,0.28,0.21,259840000.0
1987-03-31,0.28,0.29,0.28,0.29,0.22,273280000.0
1987-04-01,0.28,0.3,0.28,0.3,0.23,217862400.0
1987-04-02,0.3,0.32,0.3,0.32,0.25,777280000.0
1987-04-03,0.32,0.32,0.31,0.32,0.25,539840000.0
1987-04-06,0.32,0.32,0.31,0.31,0.24,288960000.0
1987-04-07,0.31,0.31,0.3,0.3,0.23,259840000.0
1987-04-08,0.3,0.31,0.3,0.31,0.24,230720000.0
1987-04-09,0.31,0.32,0.3,0.32,0.24,237440000.0
1987-04-10,0.32,0.32,0.31,0.31,0.24,217840000.0
1987-04-13,0.31,0.31,0.3,0.3,0.23,142217600.0
1987-04-14,0.3,0.31,0.3,0.3,0.23,407680000.0
1987-04-15,0.31,0.32,0.31,0.32,0.24,349440000.0
1987-04-16,0.32,0.33,0.32,0.32,0.24,347200000.0
1987-04-20,0.32,0.32,0.32,0.32,0.24,149161600.0
1987-04-21,0.31,0.33,0.31,0.33,0.26,432320000.0
1987-04-22,0.34,0.34,0.33,0.33,0.25,403200000.0
1987-04-23,0.33,0.34,0.33,0.34,0.26,304640000.0
1987-04-24,0.34,0.34,0.33,0.33,0.26,255360000.0
1987-04-27,0.33,0.34,0.33,0.33,0.26,383040000.0
1987-04-28,0.34,0.35,0.34,0.34,0.26,324800000.0
1987-04-29,0.34,0.36,0.34,0.35,0.27,291200000.0
1987-04-30,0.35,0.36,0.35,0.35,0.27,253120000.0
1987-05-01,0.35,0.36,0.35,0.36,0.27,132720000.0
1987-05-04,0.35,0.36,0.35,0.36,0.27,142105600.0
1987-05-05,0.36,0.36,0.35,0.36,0.27,230720000.0
1987-05-06,0.36,0.37,0.35,0.36,0.27,286720000.0
1987-05-07,0.36,0.36,0.36,0.36,0.27,180790400.0
1987-05-08,0.36,0.36,0.35,0.35,0.27,184732800.0
1987-05-11,0.34,0.35,0.34,0.34,0.26,197276800.0
1987-05-12,0.34,0.34,0.33,0.34,0.26,259840000.0
1987-05-13,0.34,0.35,0.34,0.35,0.27,311360000.0
1987-05-14,0.35,0.35,0.35,0.35,0.27,148489600.0
1987-05-15,0.35,0.35,0.35,0.35,0.27,145958400.0
1987-05-18,0.35,0.35,0.34,0.34,0.26,241920000.0
1987-05-19,0.34,0.34,0.32,0.33,0.25,239680000.0
1987-05-20,0.33,0.33,0.32,0.33,0.26,288960000.0
1987-05-21,0.33,0.34,0.33,0.33,0.26,173801600.0
1987-05-22,0.33,0.34,0.33,0.33,0.25,97104000.0
1987-05-26,0.33,0.35,0.33,0.35,0.27,152252800.0
1987-05-27,0.35,0.36,0.35,0.35,0.27,180700800.0
1987-05-28,0.35,0.36,0.35,0.36,0.27,151222400.0
1987-05-29,0.36,0.36,0.35,0.35,0.27,92601600.0
1987-06-01,0.35,0.35,0.35,0.35,0.27,83305600.0
1987-06-02,0.35,0.35,0.34,0.34,0.27,137491200.0
1987-06-03,0.34,0.35,0.34,0.35,0.27,171315200.0
1987-06-04,0.35,0.35,0.34,0.35,0.27,153596800.0
1987-06-05,0.35,0.35,0.35,0.35,0.27,130928000.0
1987-06-08,0.35,0.35,0.34,0.35,0.27,201846400.0
1987-06-09,0.35,0.35,0.35,0.35,0.27,127052800.0
1987-06-10,0.35,0.36,0.35,0.35,0.27,146227200.0
1987-06-11,0.35,0.36,0.35,0.35,0.27,125372800.0
1987-06-12,0.35,0.36,0.35,0.35,0.27,101763200.0
1987-06-15,0.35,0.35,0.35,0.35,0.27,259840000.0
1987-06-16,0.37,0.37,0.34,0.37,0.28,342720000.0
1987-06-17,0.37,0.38,0.36,0.36,0.28,297920000.0
1987-06-18,0.36,0.37,0.35,0.37,0.28,229600000.0
1987-06-19,0.37,0.37,0.36,0.37,0.28,125440000.0
1987-06-22,0.37,0.38,0.36,0.38,0.29,169120000.0
1987-06-23,0.38,0.38,0.36,0.37,0.28,80852800.0
1987-06-24,0.37,0.39,0.36,0.38,0.29,118720000.0
1987-06-25,0.38,0.38,0.36,0.36,0.28,120960000.0
1987-06-26,0.36,0.37,0.36,0.36,0.28,127680000.0
1987-06-29,0.36,0.36,0.36,0.36,0.28,101304000.0
1987-06-30,0.36,0.37,0.35,0.36,0.28,144480000.0
1987-07-01,0.36,0.36,0.35,0.36,0.27,94830400.0
1987-07-02,0.36,0.37,0.35,0.36,0.28,81558400.0
1987-07-06,0.36,0.37,0.36,0.36,0.28,85489600.0
1987-07-07,0.36,0.37,0.35,0.35,0.27,203840000.0
1987-07-08,0.35,0.35,0.33,0.33,0.26,341600000.0
1987-07-09,0.33,0.35,0.33,0.34,0.26,239680000.0
1987-07-10,0.34,0.35,0.34,0.34,0.26,156800000.0
1987-07-13,0.35,0.36,0.35,0.36,0.28,255360000.0
1987-07-14,0.37,0.38,0.37,0.38,0.3,257600000.0
1987-07-15,0.38,0.4,0.38,0.39,0.3,271040000.0
1987-07-16,0.39,0.39,0.39,0.39,0.3,94584000.0
1987-07-17,0.4,0.4,0.38,0.39,0.3,92198400.0
1987-07-20,0.38,0.39,0.37,0.37,0.29,124320000.0
1987-07-21,0.38,0.38,0.37,0.37,0.28,110992000.0
1987-07-22,0.37,0.38,0.37,0.38,0.29,60928000.0
1987-07-23,0.38,0.39,0.36,0.37,0.29,74737600.0
1987-07-24,0.37,0.38,0.37,0.38,0.29,117600000.0
1987-07-27,0.38,0.38,0.38,0.38,0.29,56638400.0
1987-07-28,0.38,0.38,0.37,0.37,0.29,74289600.0
1987-07-29,0.38,0.38,0.36,0.37,0.28,98828800.0
1987-07-30,0.37,0.37,0.36,0.37,0.28,104294400.0
1987-07-31,0.37,0.38,0.37,0.37,0.28,73046400.0
1987-08-03,0.37,0.37,0.36,0.36,0.28,63358400.0
1987-08-04,0.36,0.38,0.36,0.38,0.29,120960000.0
1987-08-05,0.38,0.39,0.38,0.39,0.3,129920000.0
1987-08-06,0.39,0.42,0.38,0.41,0.32,252000000.0
1987-08-07,0.41,0.42,0.41,0.42,0.32,152320000.0
1987-08-10,0.43,0.43,0.41,0.43,0.33,77996800.0
1987-08-11,0.44,0.45,0.44,0.44,0.34,271040000.0
1987-08-12,0.44,0.44,0.43,0.44,0.33,161280000.0
1987-08-13,0.44,0.45,0.43,0.44,0.34,196000000.0
1987-08-14,0.43,0.45,0.43,0.44,0.34,104854400.0
1987-08-17,0.44,0.45,0.44,0.44,0.34,145600000.0
1987-08-18,0.44,0.44,0.43,0.44,0.33,237440000.0
1987-08-19,0.44,0.45,0.44,0.45,0.34,66875200.0
1987-08-20,0.45,0.47,0.44,0.46,0.36,175840000.0
1987-08-21,0.46,0.48,0.46,0.47,0.36,140000000.0
1987-08-24,0.47,0.48,0.47,0.47,0.36,120960000.0
1987-08-25,0.47,0.48,0.46,0.46,0.36,136640000.0
1987-08-26,0.47,0.48,0.46,0.46,0.36,196000000.0
1987-08-27,0.47,0.47,0.46,0.46,0.36,124320000.0
1987-08-28,0.46,0.47,0.46,0.46,0.36,95816000.0
1987-08-31,0.47,0.48,0.46,0.48,0.37,150080000.0
1987-09-01,0.49,0.49,0.47,0.47,0.36,138880000.0
1987-09-02,0.46,0.48,0.45,0.46,0.36,229600000.0
1987-09-03,0.47,0.47,0.45,0.46,0.35,184800000.0
1987-09-04,0.46,0.46,0.45,0.45,0.35,108438400.0
1987-09-08,0.45,0.45,0.43,0.45,0.34,175840000.0
1987-09-09,0.45,0.47,0.44,0.47,0.36,157920000.0
1987-09-10,0.48,0.49,0.47,0.48,0.37,140000000.0
1987-09-11,0.48,0.5,0.47,0.49,0.37,124320000.0
1987-09-14,0.49,0.49,0.47,0.47,0.36,81905600.0
1987-09-15,0.47,0.47,0.46,0.46,0.36,104608000.0
1987-09-16,0.46,0.47,0.46,0.46,0.36,168000000.0
1987-09-17,0.46,0.47,0.46,0.46,0.36,66796800.0
1987-09-18,0.46,0.47,0.46,0.46,0.36,71198400.0
1987-09-21,0.46,0.47,0.45,0.45,0.35,128800000.0
1987-09-22,0.45,0.48,0.45,0.48,0.37,153440000.0
1987-09-23,0.48,0.5,0.48,0.49,0.38,254576000.0
1987-09-24,0.49,0.52,0.49,0.5,0.39,182560000.0
1987-09-25,0.51,0.52,0.5,0.51,0.4,106523200.0
1987-09-28,0.51,0.52,0.5,0.5,0.38,203840000.0
1987-09-29,0.5,0.5,0.48,0.49,0.37,171360000.0
1987-09-30,0.48,0.51,0.48,0.5,0.39,122080000.0
1987-10-01,0.51,0.52,0.5,0.52,0.4,116480000.0
1987-10-02,0.52,0.52,0.51,0.52,0.4,96499200.0
1987-10-05,0.52,0.53,0.52,0.53,0.41,134400000.0
1987-10-06,0.53,0.53,0.5,0.5,0.38,201600000.0
1987-10-07,0.5,0.5,0.48,0.5,0.38,224000000.0
1987-10-08,0.5,0.5,0.48,0.48,0.37,164640000.0
1987-10-09,0.48,0.5,0.48,0.48,0.37,145600000.0
1987-10-12,0.48,0.49,0.46,0.48,0.37,199360000.0
1987-10-13,0.49,0.49,0.48,0.49,0.37,162400000.0
1987-10-14,0.48,0.48,0.46,0.48,0.37,258720000.0
1987-10-15,0.48,0.49,0.46,0.46,0.36,348320000.0
1987-10-16,0.47,0.47,0.42,0.43,0.33,420000000.0
1987-10-19,0.43,0.43,0.32,0.33,0.25,476000000.0
1987-10-20,0.34,0.38,0.29,0.31,0.24,568960000.0
1987-10-21,0.34,0.38,0.34,0.36,0.28,534240000.0
1987-10-22,0.35,0.36,0.32,0.33,0.25,385280000.0
1987-10-23,0.32,0.33,0.31,0.32,0.24,198240000.0
1987-10-26,0.31,0.31,0.25,0.25,0.19,313600000.0
1987-10-27,0.26,0.29,0.26,0.27,0.21,455840000.0
1987-10-28,0.27,0.3,0.26,0.3,0.23,418880000.0
1987-10-29,0.31,0.36,0.29,0.35,0.27,331520000.0
1987-10-30,0.36,0.38,0.34,0.34,0.27,421120000.0
1987-11-02,0.35,0.35,0.33,0.35,0.27,188160000.0
1987-11-03,0.34,0.34,0.31,0.32,0.25,313600000.0
1987-11-04,0.32,0.33,0.31,0.32,0.25,234080000.0
1987-11-05,0.32,0.35,0.32,0.34,0.26,255360000.0
1987-11-06,0.34,0.35,0.33,0.34,0.26,187040000.0
1987-11-09,0.33,0.33,0.32,0.33,0.26,210560000.0
1987-11-10,0.33,0.33,0.32,0.32,0.25,231840000.0
1987-11-11,0.33,0.34,0.33,0.33,0.26,185920000.0
1987-11-12,0.34,0.36,0.34,0.35,0.27,246400000.0
1987-11-13,0.35,0.35,0.33,0.33,0.26,154560000.0
1987-11-16,0.34,0.34,0.33,0.33,0.25,184800000.0
1987-11-17,0.33,0.33,0.31,0.31,0.24,268800000.0
1987-11-18,0.32,0.33,0.31,0.32,0.25,265440000.0
1987-11-19,0.33,0.33,0.3,0.31,0.24,182560000.0
1987-11-20,0.3,0.32,0.3,0.32,0.24,250880000.0
1987-11-23,0.32,0.32,0.31,0.32,0.25,97395200.0
1987-11-24,0.33,0.34,0.32,0.33,0.25,197120000.0
1987-11-25,0.33,0.33,0.32,0.33,0.25,92400000.0
1987-11-27,0.32,0.33,0.31,0.31,0.24,70683200.0
1987-11-30,0.3,0.31,0.27,0.29,0.23,416640000.0
1987-12-01,0.3,0.3,0.29,0.3,0.23,181440000.0
1987-12-02,0.3,0.3,0.29,0.29,0.22,142240000.0
1987-12-03,0.29,0.3,0.27,0.27,0.21,319200000.0
1987-12-04,0.27,0.28,0.27,0.27,0.21,244160000.0
1987-12-07,0.28,0.3,0.28,0.29,0.23,203840000.0
1987-12-08,0.3,0.31,0.3,0.31,0.24,254240000.0
1987-12-09,0.31,0.32,0.3,0.31,0.24,179200000.0
1987-12-10,0.3,0.32,0.3,0.31,0.24,276640000.0
1987-12-11,0.31,0.31,0.3,0.3,0.23,122080000.0
1987-12-14,0.31,0.33,0.31,0.33,0.26,341600000.0
1987-12-15,0.34,0.34,0.33,0.33,0.26,299040000.0
1987-12-16,0.34,0.35,0.33,0.35,0.27,330400000.0
1987-12-17,0.36,0.36,0.35,0.35,0.27,325920000.0
1987-12-18,0.35,0.37,0.35,0.36,0.28,302400000.0
1987-12-21,0.36,0.37,0.36,0.37,0.29,188160000.0
1987-12-22,0.37,0.37,0.36,0.37,0.29,128800000.0
1987-12-23,0.37,0.38,0.37,0.38,0.29,171360000.0
1987-12-24,0.38,0.38,0.37,0.38,0.29,69944000.0
1987-12-28,0.38,0.38,0.35,0.36,0.28,229600000.0
1987-12-29,0.36,0.38,0.36,0.38,0.29,118720000.0
1987-12-30,0.38,0.39,0.38,0.39,0.3,155680000.0
1987-12-31,0.38,0.38,0.37,0.38,0.29,117600000.0
1988-01-04,0.38,0.4,0.38,0.4,0.31,330400000.0
1988-01-05,0.41,0.41,0.4,0.4,0.31,309120000.0
1988-01-06,0.4,0.4,0.39,0.39,0.3,268800000.0
1988-01-07,0.39,0.4,0.38,0.4,0.31,212800000.0
1988-01-08,0.4,0.4,0.35,0.36,0.28,486080000.0
1988-01-11,0.36,0.38,0.35,0.38,0.29,404320000.0
1988-01-12,0.38,0.39,0.35,0.38,0.29,400960000.0
1988-01-13,0.38,0.39,0.37,0.38,0.29,211680000.0
1988-01-14,0.38,0.38,0.38,0.38,0.29,132160000.0
1988-01-15,0.39,0.4,0.38,0.38,0.3,343840000.0
1988-01-18,0.38,0.38,0.38,0.38,0.29,125440000.0
1988-01-19,0.38,0.39,0.37,0.38,0.29,274400000.0
1988-01-20,0.38,0.38,0.34,0.35,0.27,680960000.0
1988-01-21,0.36,0.36,0.35,0.36,0.28,493920000.0
1988-01-22,0.36,0.36,0.34,0.35,0.27,445760000.0
1988-01-25,0.35,0.37,0.35,0.36,0.28,200480000.0
1988-01-26,0.36,0.37,0.35,0.35,0.27,143360000.0
1988-01-27,0.36,0.36,0.35,0.35,0.27,258720000.0
1988-01-28,0.36,0.37,0.35,0.37,0.28,232960000.0
1988-01-29,0.37,0.37,0.36,0.37,0.29,265440000.0
1988-02-01,0.37,0.38,0.37,0.37,0.29,199360000.0
1988-02-02,0.37,0.37,0.36,0.37,0.28,191520000.0
1988-02-03,0.37,0.37,0.35,0.35,0.27,226240000.0
1988-02-04,0.35,0.36,0.35,0.35,0.27,199360000.0
1988-02-05,0.36,0.36,0.34,0.34,0.27,132160000.0
1988-02-08,0.34,0.35,0.34,0.35,0.27,203840000.0
1988-02-09,0.35,0.36,0.35,0.35,0.27,116480000.0
1988-02-10,0.35,0.37,0.35,0.37,0.28,228480000.0
1988-02-11,0.37,0.37,0.36,0.36,0.28,147840000.0
1988-02-12,0.36,0.37,0.36,0.37,0.28,137760000.0
1988-02-16,0.37,0.37,0.36,0.37,0.28,154560000.0
1988-02-17,0.37,0.38,0.37,0.37,0.29,256480000.0
1988-02-18,0.37,0.38,0.37,0.37,0.29,143360000.0
1988-02-19,0.37,0.38,0.37,0.37,0.29,90764800.0
1988-02-22,0.37,0.39,0.37,0.39,0.3,200480000.0
1988-02-23,0.39,0.39,0.38,0.38,0.29,220640000.0
1988-02-24,0.38,0.38,0.38,0.38,0.29,145600000.0
1988-02-25,0.38,0.38,0.37,0.37,0.29,179200000.0
1988-02-26,0.38,0.38,0.37,0.37,0.29,82342400.0
1988-02-29,0.37,0.39,0.37,0.38,0.3,112000000.0
1988-03-01,0.39,0.39,0.38,0.39,0.3,171360000.0
1988-03-02,0.39,0.4,0.39,0.4,0.31,292320000.0
1988-03-03,0.4,0.42,0.4,0.42,0.32,473760000.0
1988-03-04,0.41,0.42,0.41,0.42,0.32,209440000.0
1988-03-07,0.42,0.43,0.42,0.42,0.32,207200000.0
1988-03-08,0.42,0.42,0.41,0.41,0.32,144480000.0
1988-03-09,0.41,0.42,0.41,0.42,0.32,134400000.0
1988-03-10,0.42,0.42,0.4,0.4,0.31,176960000.0
1988-03-11,0.41,0.41,0.4,0.41,0.32,157920000.0
1988-03-14,0.41,0.42,0.41,0.41,0.32,98123200.0
1988-03-15,0.41,0.41,0.4,0.4,0.31,181440000.0
1988-03-16,0.4,0.41,0.4,0.41,0.32,118720000.0
1988-03-17,0.41,0.42,0.4,0.4,0.31,260960000.0
1988-03-18,0.4,0.41,0.4,0.4,0.31,272160000.0
1988-03-21,0.4,0.4,0.38,0.39,0.3,227360000.0
1988-03-22,0.39,0.4,0.39,0.39,0.3,119179200.0
1988-03-23,0.39,0.39,0.37,0.38,0.29,209440000.0
1988-03-24,0.37,0.38,0.36,0.36,0.28,320320000.0
1988-03-25,0.36,0.37,0.36,0.36,0.28,131040000.0
1988-03-28,0.36,0.37,0.35,0.37,0.29,172480000.0
1988-03-29,0.37,0.38,0.36,0.37,0.28,213920000.0
1988-03-30,0.36,0.37,0.35,0.35,0.27,371840000.0
1988-03-31,0.35,0.36,0.35,0.36,0.28,217280000.0
1988-04-04,0.35,0.36,0.34,0.35,0.27,181440000.0
1988-04-05,0.35,0.35,0.34,0.35,0.27,147840000.0
1988-04-06,0.35,0.37,0.35,0.37,0.29,190400000.0
1988-04-07,0.37,0.38,0.36,0.36,0.28,163520000.0
1988-04-08,0.36,0.37,0.35,0.37,0.28,202720000.0
1988-04-11,0.37,0.38,0.37,0.37,0.29,148960000.0
1988-04-12,0.37,0.38,0.37,0.37,0.29,173600000.0
1988-04-13,0.37,0.38,0.37,0.37,0.28,143360000.0
1988-04-14,0.36,0.37,0.35,0.35,0.27,188160000.0
1988-04-15,0.35,0.36,0.34,0.35,0.27,232960000.0
1988-04-18,0.35,0.36,0.35,0.36,0.28,170240000.0
1988-04-19,0.36,0.37,0.36,0.36,0.28,212329600.0
1988-04-20,0.36,0.36,0.35,0.35,0.27,215040000.0
1988-04-21,0.36,0.36,0.35,0.35,0.27,178080000.0
1988-04-22,0.35,0.36,0.35,0.36,0.28,107643200.0
1988-04-25,0.36,0.37,0.36,0.36,0.28,150080000.0
1988-04-26,0.37,0.37,0.36,0.37,0.29,175840000.0
1988-04-27,0.37,0.38,0.37,0.37,0.29,126560000.0
1988-04-28,0.37,0.38,0.37,0.37,0.29,99164800.0
1988-04-29,0.37,0.37,0.36,0.37,0.28,89992000.0
1988-05-02,0.36,0.37,0.36,0.37,0.28,82196800.0
1988-05-03,0.37,0.38,0.36,0.37,0.29,124320000.0
1988-05-04,0.37,0.39,0.37,0.38,0.29,224000000.0
1988-05-05,0.38,0.38,0.37,0.37,0.29,70459200.0
1988-05-06,0.37,0.37,0.37,0.37,0.28,107038400.0
1988-05-09,0.37,0.37,0.36,0.36,0.28,76372800.0
1988-05-10,0.36,0.37,0.36,0.36,0.28,95905600.0
1988-05-11,0.36,0.36,0.35,0.35,0.27,174720000.0
1988-05-12,0.35,0.36,0.35,0.35,0.27,82980800.0
1988-05-13,0.36,0.36,0.36,0.36,0.28,71400000.0
1988-05-16,0.36,0.37,0.36,0.37,0.29,74760000.0
1988-05-17,0.37,0.38,0.36,0.36,0.28,193760000.0
1988-05-18,0.36,0.36,0.35,0.35,0.27,174720000.0
1988-05-19,0.35,0.35,0.34,0.35,0.27,249760000.0
1988-05-20,0.35,0.35,0.35,0.35,0.27,81737600.0
1988-05-23,0.34,0.35,0.33,0.34,0.26,183680000.0
1988-05-24,0.34,0.35,0.34,0.35,0.27,142240000.0
1988-05-25,0.35,0.35,0.34,0.34,0.27,135520000.0
1988-05-26,0.34,0.35,0.34,0.35,0.27,85780800.0
1988-05-27,0.35,0.36,0.35,0.35,0.27,83955200.0
1988-05-31,0.36,0.37,0.35,0.37,0.29,123200000.0
1988-06-01,0.37,0.38,0.37,0.38,0.29,229600000.0
1988-06-02,0.38,0.38,0.37,0.37,0.29,133280000.0
1988-06-03,0.37,0.39,0.37,0.38,0.3,175840000.0
1988-06-06,0.38,0.39,0.38,0.39,0.3,164640000.0
1988-06-07,0.39,0.4,0.39,0.39,0.3,311360000.0
1988-06-08,0.4,0.41,0.39,0.4,0.31,258720000.0
1988-06-09,0.4,0.4,0.39,0.39,0.3,269920000.0
1988-06-10,0.39,0.4,0.38,0.4,0.31,176960000.0
1988-06-13,0.4,0.4,0.4,0.4,0.31,148960000.0
1988-06-14,0.4,0.41,0.4,0.4,0.31,292420800.0
1988-06-15,0.4,0.41,0.4,0.41,0.32,122080000.0
1988-06-16,0.4,0.4,0.4,0.4,0.31,107374400.0
1988-06-17,0.4,0.4,0.4,0.4,0.31,95390400.0
1988-06-20,0.4,0.4,0.39,0.39,0.31,78601600.0
1988-06-21,0.39,0.4,0.39,0.4,0.31,123592000.0
1988-06-22,0.41,0.41,0.4,0.41,0.32,195563200.0
1988-06-23,0.41,0.41,0.4,0.4,0.31,71388800.0
1988-06-24,0.4,0.41,0.4,0.4,0.31,74715200.0
1988-06-27,0.4,0.41,0.4,0.4,0.31,83619200.0
1988-06-28,0.4,0.41,0.4,0.41,0.32,162568000.0
1988-06-29,0.41,0.42,0.41,0.41,0.32,143449600.0
1988-06-30,0.41,0.42,0.41,0.41,0.32,114688000.0
1988-07-01,0.42,0.42,0.41,0.42,0.32,94539200.0
1988-07-05,0.42,0.42,0.41,0.42,0.33,104451200.0
1988-07-06,0.42,0.42,0.41,0.42,0.32,156553600.0
1988-07-07,0.42,0.42,0.4,0.41,0.32,105604800.0
1988-07-08,0.41,0.41,0.4,0.4,0.31,105392000.0
1988-07-11,0.41,0.41,0.4,0.4,0.31,73628800.0
1988-07-12,0.4,0.4,0.4,0.4,0.31,100900800.0
1988-07-13,0.4,0.4,0.4,0.4,0.31,115169600.0
1988-07-14,0.4,0.4,0.4,0.4,0.31,62809600.0
1988-07-15,0.4,0.41,0.4,0.4,0.31,83025600.0
1988-07-18,0.41,0.41,0.4,0.41,0.31,113500800.0
1988-07-19,0.4,0.41,0.39,0.4,0.31,122304000.0
1988-07-20,0.4,0.4,0.39,0.4,0.31,120086400.0
1988-07-21,0.39,0.39,0.38,0.38,0.3,149027200.0
1988-07-22,0.38,0.39,0.38,0.38,0.29,103846400.0
1988-07-25,0.38,0.39,0.38,0.38,0.3,105896000.0
1988-07-26,0.38,0.39,0.38,0.38,0.3,101528000.0
1988-07-27,0.38,0.39,0.38,0.38,0.3,116524800.0
1988-07-28,0.38,0.38,0.38,0.38,0.29,92680000.0
1988-07-29,0.39,0.4,0.38,0.4,0.31,158950400.0
1988-08-01,0.4,0.41,0.4,0.4,0.31,85937600.0
1988-08-02,0.4,0.41,0.4,0.4,0.31,121284800.0
1988-08-03,0.4,0.4,0.39,0.4,0.31,110846400.0
1988-08-04,0.4,0.4,0.4,0.4,0.31,68913600.0
1988-08-05,0.4,0.4,0.4,0.4,0.31,52662400.0
1988-08-08,0.4,0.4,0.39,0.39,0.3,29937600.0
1988-08-09,0.39,0.4,0.38,0.39,0.3,170027200.0
1988-08-10,0.39,0.39,0.37,0.37,0.29,147806400.0
1988-08-11,0.38,0.39,0.38,0.39,0.3,106052800.0
1988-08-12,0.38,0.38,0.38,0.38,0.29,77481600.0
1988-08-15,0.38,0.38,0.36,0.37,0.29,166678400.0
1988-08-16,0.37,0.39,0.36,0.38,0.29,122752000.0
1988-08-17,0.38,0.38,0.37,0.38,0.29,118944000.0
1988-08-18,0.38,0.38,0.37,0.38,0.29,74065600.0
1988-08-19,0.38,0.38,0.36,0.36,0.28,227360000.0
1988-08-22,0.36,0.36,0.35,0.35,0.28,170195200.0
1988-08-23,0.35,0.36,0.35,0.35,0.27,163576000.0
1988-08-24,0.35,0.36,0.35,0.36,0.28,125473600.0
1988-08-25,0.36,0.36,0.35,0.36,0.28,127680000.0
1988-08-26,0.36,0.36,0.36,0.36,0.28,40152000.0
1988-08-29,0.36,0.37,0.36,0.36,0.28,57232000.0
1988-08-30,0.36,0.37,0.36,0.36,0.28,50568000.0
1988-08-31,0.37,0.37,0.35,0.36,0.28,237686400.0
1988-09-01,0.35,0.35,0.34,0.35,0.27,246736000.0
1988-09-02,0.35,0.36,0.35,0.35,0.28,186300800.0
1988-09-06,0.36,0.36,0.35,0.35,0.27,143449600.0
1988-09-07,0.35,0.35,0.34,0.34,0.26,179110400.0
1988-09-08,0.34,0.35,0.34,0.35,0.27,207256000.0
1988-09-09,0.35,0.37,0.34,0.36,0.28,234673600.0
1988-09-12,0.37,0.37,0.36,0.37,0.28,148030400.0
1988-09-13,0.36,0.37,0.36,0.37,0.28,119683200.0
1988-09-14,0.37,0.38,0.37,0.38,0.29,238571200.0
1988-09-15,0.38,0.38,0.37,0.37,0.29,165760000.0
1988-09-16,0.37,0.38,0.37,0.38,0.29,123760000.0
1988-09-19,0.38,0.38,0.37,0.37,0.29,92131200.0
1988-09-20,0.37,0.38,0.37,0.37,0.29,102681600.0
1988-09-21,0.37,0.38,0.37,0.38,0.3,91347200.0
1988-09-22,0.38,0.39,0.38,0.39,0.3,145667200.0
1988-09-23,0.39,0.4,0.39,0.39,0.3,101483200.0
1988-09-26,0.39,0.39,0.38,0.38,0.3,87035200.0
1988-09-27,0.38,0.39,0.38,0.39,0.3,162982400.0
1988-09-28,0.39,0.39,0.39,0.39,0.3,84694400.0
1988-09-29,0.39,0.4,0.39,0.39,0.3,106075200.0
1988-09-30,0.39,0.39,0.39,0.39,0.3,92892800.0
1988-10-03,0.38,0.39,0.38,0.38,0.29,90776000.0
1988-10-04,0.38,0.38,0.37,0.37,0.29,51654400.0
1988-10-05,0.37,0.37,0.36,0.36,0.28,123200000.0
1988-10-06,0.36,0.36,0.35,0.35,0.28,167764800.0
1988-10-07,0.35,0.35,0.34,0.35,0.28,457587200.0
1988-10-10,0.35,0.35,0.33,0.34,0.27,332640000.0
1988-10-11,0.34,0.35,0.34,0.35,0.27,194555200.0
1988-10-12,0.34,0.35,0.34,0.35,0.27,132944000.0
1988-10-13,0.34,0.35,0.34,0.35,0.27,164460800.0
1988-10-14,0.35,0.35,0.34,0.35,0.27,157248000.0
1988-10-17,0.34,0.35,0.34,0.34,0.27,93688000.0
1988-10-18,0.35,0.35,0.34,0.35,0.27,142598400.0
1988-10-19,0.35,0.36,0.35,0.36,0.28,277323200.0
1988-10-20,0.36,0.37,0.36,0.37,0.29,173465600.0
1988-10-21,0.37,0.37,0.36,0.37,0.28,123603200.0
1988-10-24,0.37,0.37,0.35,0.36,0.28,135161600.0
1988-10-25,0.36,0.36,0.35,0.36,0.28,85187200.0
1988-10-26,0.36,0.36,0.34,0.35,0.27,188720000.0
1988-10-27,0.35,0.35,0.34,0.35,0.27,143684800.0
1988-10-28,0.35,0.35,0.34,0.34,0.27,84481600.0
1988-10-31,0.35,0.35,0.33,0.34,0.27,242905600.0
1988-11-01,0.34,0.35,0.34,0.34,0.26,143696000.0
1988-11-02,0.34,0.34,0.33,0.33,0.26,208521600.0
1988-11-03,0.33,0.33,0.33,0.33,0.26,242457600.0
1988-11-04,0.33,0.34,0.33,0.34,0.26,153798400.0
1988-11-07,0.33,0.34,0.33,0.33,0.26,170083200.0
1988-11-08,0.33,0.35,0.33,0.34,0.27,154526400.0
1988-11-09,0.34,0.35,0.34,0.35,0.27,201723200.0
1988-11-10,0.35,0.35,0.35,0.35,0.27,99915200.0
1988-11-11,0.35,0.35,0.34,0.34,0.27,108684800.0
1988-11-14,0.35,0.35,0.34,0.35,0.27,85232000.0
1988-11-15,0.35,0.35,0.35,0.35,0.27,80001600.0
1988-11-16,0.35,0.35,0.34,0.34,0.26,147840000.0
1988-11-17,0.34,0.34,0.34,0.34,0.26,79542400.0
1988-11-18,0.34,0.34,0.34,0.34,0.26,57590400.0
1988-11-21,0.33,0.34,0.32,0.33,0.25,221905600.0
1988-11-22,0.33,0.33,0.32,0.32,0.25,148187200.0
1988-11-23,0.32,0.33,0.32,0.33,0.26,187992000.0
1988-11-25,0.32,0.33,0.32,0.33,0.25,48294400.0
1988-11-28,0.33,0.33,0.32,0.33,0.25,139361600.0
1988-11-29,0.33,0.33,0.32,0.33,0.26,92668800.0
1988-11-30,0.33,0.34,0.33,0.34,0.26,167843200.0
1988-12-01,0.34,0.35,0.33,0.35,0.27,212161600.0
1988-12-02,0.34,0.36,0.34,0.35,0.27,333715200.0
1988-12-05,0.35,0.36,0.35,0.35,0.27,154414400.0
1988-12-06,0.35,0.35,0.35,0.35,0.27,104932800.0
1988-12-07,0.35,0.35,0.35,0.35,0.27,98134400.0
1988-12-08,0.35,0.35,0.35,0.35,0.27,59460800.0
1988-12-09,0.35,0.35,0.35,0.35,0.27,44956800.0
1988-12-12,0.35,0.35,0.34,0.34,0.27,117880000.0
1988-12-13,0.34,0.35,0.34,0.35,0.27,122550400.0
1988-12-14,0.34,0.36,0.34,0.35,0.28,193300800.0
1988-12-15,0.36,0.36,0.35,0.35,0.27,112571200.0
1988-12-16,0.35,0.36,0.35,0.36,0.28,183489600.0
1988-12-19,0.36,0.37,0.36,0.36,0.28,234326400.0
1988-12-20,0.37,0.37,0.36,0.37,0.28,274187200.0
1988-12-21,0.37,0.38,0.37,0.37,0.29,241964800.0
1988-12-22,0.37,0.38,0.36,0.37,0.28,106030400.0
1988-12-23,0.37,0.37,0.37,0.37,0.29,40958400.0
1988-12-27,0.37,0.37,0.36,0.36,0.28,59987200.0
1988-12-28,0.36,0.36,0.35,0.36,0.28,51542400.0
1988-12-29,0.36,0.36,0.36,0.36,0.28,117812800.0
1988-12-30,0.36,0.37,0.36,0.36,0.28,81692800.0
1989-01-03,0.36,0.36,0.36,0.36,0.28,100016000.0
1989-01-04,0.36,0.38,0.36,0.38,0.29,239948800.0
1989-01-05,0.38,0.39,0.37,0.38,0.29,307328000.0
1989-01-06,0.38,0.39,0.38,0.38,0.3,198665600.0
1989-01-09,0.38,0.39,0.38,0.38,0.3,79307200.0
1989-01-10,0.38,0.38,0.37,0.38,0.3,103320000.0
1989-01-11,0.38,0.38,0.37,0.38,0.29,156128000.0
1989-01-12,0.38,0.38,0.38,0.38,0.3,150315200.0
1989-01-13,0.38,0.39,0.38,0.39,0.3,193905600.0
1989-01-16,0.39,0.39,0.38,0.39,0.3,168593600.0
1989-01-17,0.39,0.39,0.36,0.36,0.28,756604800.0
1989-01-18,0.36,0.37,0.35,0.35,0.28,487928000.0
1989-01-19,0.36,0.37,0.36,0.36,0.28,255987200.0
1989-01-20,0.36,0.37,0.36,0.37,0.28,173734400.0
1989-01-23,0.36,0.37,0.36,0.37,0.28,180532800.0
1989-01-24,0.37,0.37,0.36,0.37,0.29,223294400.0
1989-01-25,0.37,0.38,0.37,0.37,0.29,110936000.0
1989-01-26,0.36,0.38,0.36,0.37,0.29,285264000.0
1989-01-27,0.34,0.35,0.32,0.34,0.26,2127171200.0
1989-01-30,0.34,0.34,0.33,0.33,0.26,586499200.0
1989-01-31,0.33,0.34,0.33,0.34,0.26,460353600.0
1989-02-01,0.34,0.35,0.33,0.35,0.27,487558400.0
1989-02-02,0.35,0.36,0.35,0.35,0.28,473491200.0
1989-02-03,0.36,0.36,0.35,0.35,0.27,178908800.0
1989-02-06,0.35,0.35,0.34,0.34,0.27,116737600.0
1989-02-07,0.34,0.35,0.34,0.35,0.27,165155200.0
1989-02-08,0.35,0.35,0.34,0.34,0.27,157012800.0
1989-02-09,0.34,0.35,0.34,0.34,0.27,160809600.0
1989-02-10,0.34,0.34,0.33,0.33,0.26,348342400.0
1989-02-13,0.33,0.33,0.33,0.33,0.26,235188800.0
1989-02-14,0.33,0.33,0.31,0.32,0.25,891576000.0
1989-02-15,0.32,0.32,0.32,0.32,0.25,330624000.0
1989-02-16,0.32,0.33,0.32,0.32,0.25,255696000.0
1989-02-17,0.32,0.33,0.32,0.33,0.26,116849600.0
1989-02-21,0.33,0.34,0.33,0.33,0.26,190556800.0
1989-02-22,0.33,0.33,0.33,0.33,0.26,238324800.0
1989-02-23,0.33,0.33,0.32,0.33,0.26,95368000.0
1989-02-24,0.33,0.33,0.32,0.32,0.25,152129600.0
1989-02-27,0.32,0.33,0.32,0.33,0.25,115920000.0
1989-02-28,0.33,0.33,0.32,0.32,0.25,176019200.0
1989-03-01,0.32,0.33,0.32,0.32,0.25,170128000.0
1989-03-02,0.32,0.32,0.31,0.31,0.24,376331200.0
1989-03-03,0.31,0.31,0.3,0.31,0.24,387777600.0
1989-03-06,0.31,0.32,0.31,0.32,0.25,168515200.0
1989-03-07,0.32,0.32,0.31,0.32,0.25,260691200.0
1989-03-08,0.32,0.32,0.31,0.31,0.25,216294400.0
1989-03-09,0.31,0.32,0.31,0.31,0.24,133436800.0
1989-03-10,0.31,0.31,0.31,0.31,0.24,102715200.0
1989-03-13,0.31,0.32,0.31,0.31,0.24,131107200.0
1989-03-14,0.31,0.32,0.31,0.31,0.25,161940800.0
1989-03-15,0.31,0.32,0.31,0.31,0.24,90059200.0
1989-03-16,0.31,0.32,0.31,0.31,0.25,192236800.0
1989-03-17,0.31,0.32,0.3,0.31,0.24,237126400.0
1989-03-20,0.31,0.31,0.31,0.31,0.24,181451200.0
1989-03-21,0.32,0.32,0.31,0.31,0.24,128195200.0
1989-03-22,0.31,0.31,0.3,0.3,0.24,144849600.0
1989-03-23,0.3,0.31,0.3,0.31,0.24,118910400.0
1989-03-27,0.31,0.31,0.3,0.3,0.24,151659200.0
1989-03-28,0.3,0.31,0.3,0.3,0.24,141254400.0
1989-03-29,0.3,0.31,0.3,0.31,0.24,74401600.0
1989-03-30,0.31,0.31,0.3,0.31,0.24,105246400.0
1989-03-31,0.31,0.32,0.31,0.32,0.25,185348800.0
1989-04-03,0.32,0.32,0.31,0.31,0.24,166286400.0
1989-04-04,0.31,0.31,0.3,0.31,0.24,115729600.0
1989-04-05,0.31,0.31,0.31,0.31,0.24,120254400.0
1989-04-06,0.31,0.32,0.31,0.32,0.25,156374400.0
1989-04-07,0.32,0.33,0.32,0.33,0.26,354984000.0
1989-04-10,0.33,0.34,0.33,0.33,0.26,135374400.0
1989-04-11,0.33,0.34,0.33,0.34,0.26,146540800.0
1989-04-12,0.34,0.35,0.34,0.34,0.27,387912000.0
1989-04-13,0.35,0.35,0.34,0.34,0.27,181272000.0
1989-04-14,0.35,0.35,0.34,0.35,0.27,123356800.0
1989-04-17,0.34,0.35,0.34,0.35,0.27,140145600.0
1989-04-18,0.35,0.36,0.35,0.36,0.28,560985600.0
1989-04-19,0.36,0.37,0.35,0.36,0.28,425880000.0
1989-04-20,0.36,0.37,0.36,0.36,0.28,179816000.0
1989-04-21,0.36,0.36,0.35,0.36,0.28,115169600.0
1989-04-24,0.36,0.36,0.35,0.36,0.28,110790400.0
1989-04-25,0.36,0.36,0.35,0.36,0.28,116177600.0
1989-04-26,0.36,0.36,0.35,0.35,0.28,186132800.0
1989-04-27,0.35,0.36,0.35,0.35,0.27,139384000.0
1989-04-28,0.35,0.35,0.34,0.35,0.27,103857600.0
1989-05-01,0.34,0.35,0.34,0.35,0.27,80662400.0
1989-05-02,0.35,0.36,0.35,0.36,0.28,215745600.0
1989-05-03,0.35,0.36,0.35,0.36,0.28,220539200.0
1989-05-04,0.36,0.37,0.36,0.37,0.29,188910400.0
1989-05-05,0.38,0.38,0.37,0.37,0.29,460756800.0
1989-05-08,0.37,0.38,0.37,0.38,0.29,205923200.0
1989-05-09,0.38,0.38,0.38,0.38,0.3,346774400.0
1989-05-10,0.38,0.39,0.38,0.39,0.3,234438400.0
1989-05-11,0.39,0.4,0.38,0.39,0.31,300944000.0
1989-05-12,0.4,0.4,0.39,0.4,0.31,467140800.0
1989-05-15,0.4,0.41,0.4,0.41,0.32,317900800.0
1989-05-16,0.41,0.41,0.4,0.41,0.32,228670400.0
1989-05-17,0.4,0.41,0.4,0.4,0.32,248460800.0
1989-05-18,0.4,0.41,0.4,0.4,0.31,211254400.0
1989-05-19,0.4,0.41,0.4,0.41,0.32,330769600.0
1989-05-22,0.41,0.41,0.4,0.41,0.32,190400000.0
1989-05-23,0.41,0.41,0.4,0.41,0.32,134467200.0
1989-05-24,0.4,0.43,0.4,0.43,0.33,297606400.0
1989-05-25,0.42,0.44,0.42,0.43,0.34,232366400.0
1989-05-26,0.43,0.44,0.43,0.43,0.34,112515200.0
1989-05-30,0.43,0.44,0.42,0.42,0.33,111921600.0
1989-05-31,0.42,0.43,0.42,0.43,0.33,115214400.0
1989-06-01,0.43,0.44,0.42,0.44,0.34,179502400.0
1989-06-02,0.43,0.44,0.43,0.44,0.34,124476800.0
1989-06-05,0.44,0.44,0.42,0.42,0.33,124118400.0
1989-06-06,0.42,0.42,0.41,0.42,0.33,145006400.0
1989-06-07,0.42,0.43,0.42,0.43,0.34,175672000.0
1989-06-08,0.43,0.44,0.42,0.43,0.33,178012800.0
1989-06-09,0.42,0.43,0.42,0.42,0.33,94416000.0
1989-06-12,0.42,0.43,0.41,0.42,0.33,80864000.0
1989-06-13,0.42,0.44,0.42,0.43,0.34,230977600.0
1989-06-14,0.44,0.45,0.43,0.44,0.35,251305600.0
1989-06-15,0.44,0.44,0.42,0.42,0.33,161403200.0
1989-06-16,0.4,0.41,0.39,0.4,0.31,542001600.0
1989-06-19,0.4,0.4,0.39,0.39,0.31,183120000.0
1989-06-20,0.39,0.39,0.38,0.38,0.3,134534400.0
1989-06-21,0.38,0.39,0.38,0.38,0.3,129864000.0
1989-06-22,0.38,0.39,0.38,0.39,0.3,137200000.0
1989-06-23,0.39,0.4,0.39,0.39,0.31,123894400.0
1989-06-26,0.39,0.39,0.39,0.39,0.3,183836800.0
1989-06-27,0.39,0.4,0.38,0.38,0.3,105784000.0
1989-06-28,0.38,0.38,0.37,0.37,0.29,257028800.0
1989-06-29,0.37,0.37,0.36,0.36,0.28,233520000.0
1989-06-30,0.36,0.37,0.35,0.37,0.29,164740800.0
1989-07-03,0.37,0.37,0.36,0.36,0.28,48350400.0
1989-07-05,0.36,0.36,0.36,0.36,0.28,119156800.0
1989-07-06,0.36,0.37,0.36,0.37,0.29,173924800.0
1989-07-07,0.37,0.38,0.36,0.37,0.29,106108800.0
1989-07-10,0.37,0.37,0.36,0.36,0.28,203694400.0
1989-07-11,0.36,0.37,0.35,0.35,0.28,243924800.0
1989-07-12,0.35,0.36,0.35,0.36,0.28,124129600.0
1989-07-13,0.36,0.37,0.35,0.36,0.28,225433600.0
1989-07-14,0.36,0.37,0.35,0.36,0.28,257320000.0
1989-07-17,0.36,0.37,0.35,0.36,0.28,130894400.0
1989-07-18,0.36,0.36,0.35,0.35,0.27,477310400.0
1989-07-19,0.35,0.36,0.35,0.36,0.28,238974400.0
1989-07-20,0.36,0.37,0.35,0.36,0.28,236073600.0
1989-07-21,0.35,0.36,0.35,0.36,0.28,139484800.0
1989-07-24,0.35,0.35,0.35,0.35,0.27,115987200.0
1989-07-25,0.35,0.35,0.34,0.35,0.27,209843200.0
1989-07-26,0.34,0.34,0.34,0.34,0.27,233744000.0
1989-07-27,0.34,0.35,0.34,0.35,0.27,173073600.0
1989-07-28,0.35,0.35,0.35,0.35,0.27,119336000.0
1989-07-31,0.35,0.36,0.35,0.35,0.28,111865600.0
1989-08-01,0.35,0.36,0.35,0.36,0.28,139540800.0
1989-08-02,0.35,0.36,0.35,0.36,0.28,101404800.0
1989-08-03,0.36,0.37,0.36,0.37,0.29,172939200.0
1989-08-04,0.37,0.38,0.37,0.38,0.3,183355200.0
1989-08-07,0.38,0.39,0.38,0.39,0.31,168212800.0
1989-08-08,0.39,0.4,0.39,0.39,0.31,206192000.0
1989-08-09,0.39,0.41,0.39,0.39,0.31,195160000.0
1989-08-10,0.39,0.39,0.38,0.39,0.3,152364800.0
1989-08-11,0.39,0.39,0.37,0.37,0.29,230081600.0
1989-08-14,0.37,0.38,0.36,0.36,0.28,102827200.0
1989-08-15,0.36,0.37,0.36,0.37,0.29,163732800.0
1989-08-16,0.37,0.37,0.36,0.36,0.28,120534400.0
1989-08-17,0.36,0.37,0.36,0.37,0.29,153316800.0
1989-08-18,0.37,0.38,0.37,0.38,0.29,84067200.0
1989-08-21,0.38,0.39,0.38,0.38,0.3,137827200.0
1989-08-22,0.38,0.38,0.38,0.38,0.3,111832000.0
1989-08-23,0.38,0.4,0.38,0.39,0.31,173644800.0
1989-08-24,0.39,0.4,0.39,0.39,0.31,162926400.0
1989-08-25,0.39,0.4,0.39,0.4,0.31,161392000.0
1989-08-28,0.4,0.4,0.39,0.4,0.31,81659200.0
1989-08-29,0.4,0.4,0.39,0.39,0.31,176904000.0
1989-08-30,0.39,0.4,0.39,0.4,0.31,116099200.0
1989-08-31,0.4,0.4,0.4,0.4,0.31,56291200.0
1989-09-01,0.4,0.4,0.4,0.4,0.31,74121600.0
1989-09-05,0.4,0.41,0.4,0.4,0.31,114822400.0
1989-09-06,0.4,0.4,0.39,0.4,0.31,86755200.0
1989-09-07,0.4,0.41,0.4,0.4,0.31,113892800.0
1989-09-08,0.4,0.4,0.4,0.4,0.31,55832000.0
1989-09-11,0.4,0.41,0.4,0.41,0.32,98593600.0
1989-09-12,0.41,0.42,0.4,0.41,0.32,103588800.0
1989-09-13,0.41,0.42,0.4,0.4,0.31,128688000.0
1989-09-14,0.4,0.4,0.4,0.4,0.31,131286400.0
1989-09-15,0.4,0.4,0.4,0.4,0.31,124868800.0
1989-09-18,0.4,0.4,0.39,0.39,0.31,63156800.0
1989-09-19,0.4,0.4,0.38,0.39,0.3,80796800.0
1989-09-20,0.39,0.4,0.39,0.4,0.31,118148800.0
1989-09-21,0.4,0.41,0.4,0.4,0.31,200961600.0
1989-09-22,0.4,0.4,0.4,0.4,0.31,72497600.0
1989-09-25,0.4,0.41,0.4,0.4,0.32,136158400.0
1989-09-26,0.4,0.41,0.4,0.4,0.32,77324800.0
1989-09-27,0.4,0.4,0.39,0.4,0.31,90126400.0
1989-09-28,0.4,0.41,0.4,0.41,0.32,79419200.0
1989-09-29,0.4,0.41,0.4,0.4,0.31,69809600.0
1989-10-02,0.4,0.4,0.39,0.4,0.31,137401600.0
1989-10-03,0.4,0.4,0.39,0.39,0.31,170497600.0
1989-10-04,0.39,0.4,0.39,0.4,0.31,159174400.0
1989-10-05,0.4,0.42,0.4,0.41,0.32,245280000.0
1989-10-06,0.41,0.43,0.41,0.43,0.34,361704000.0
1989-10-09,0.43,0.44,0.42,0.44,0.35,195552000.0
1989-10-10,0.44,0.45,0.43,0.44,0.35,287123200.0
1989-10-11,0.44,0.44,0.43,0.44,0.34,156956800.0
1989-10-12,0.44,0.44,0.43,0.44,0.34,82644800.0
1989-10-13,0.44,0.44,0.4,0.41,0.32,201118400.0
1989-10-16,0.4,0.42,0.38,0.42,0.33,424916800.0
1989-10-17,0.41,0.44,0.4,0.42,0.33,250040000.0
1989-10-18,0.42,0.43,0.41,0.43,0.34,144032000.0
1989-10-19,0.43,0.44,0.43,0.44,0.34,111899200.0
1989-10-20,0.43,0.44,0.42,0.43,0.34,261508800.0
1989-10-23,0.43,0.43,0.41,0.42,0.33,121956800.0
1989-10-24,0.41,0.43,0.4,0.43,0.33,216440000.0
1989-10-25,0.43,0.43,0.41,0.42,0.33,119145600.0
1989-10-26,0.41,0.42,0.4,0.4,0.32,169265600.0
1989-10-27,0.4,0.41,0.4,0.4,0.32,129416000.0
1989-10-30,0.41,0.41,0.4,0.41,0.32,86979200.0
1989-10-31,0.41,0.42,0.41,0.42,0.33,91996800.0
1989-11-01,0.41,0.42,0.41,0.41,0.32,61185600.0
1989-11-02,0.4,0.4,0.38,0.39,0.31,452670400.0
1989-11-03,0.39,0.4,0.39,0.39,0.3,174652800.0
1989-11-06,0.39,0.39,0.38,0.39,0.3,123088000.0
1989-11-07,0.39,0.4,0.39,0.39,0.31,151323200.0
1989-11-08,0.4,0.4,0.4,0.4,0.31,142632000.0
1989-11-09,0.4,0.41,0.4,0.41,0.32,88188800.0
1989-11-10,0.41,0.42,0.41,0.42,0.33,64859200.0
1989-11-13,0.42,0.42,0.42,0.42,0.33,68017600.0
1989-11-14,0.42,0.42,0.4,0.4,0.31,84380800.0
1989-11-15,0.4,0.4,0.39,0.4,0.31,97787200.0
1989-11-16,0.4,0.4,0.39,0.4,0.31,96566400.0
1989-11-17,0.4,0.4,0.4,0.4,0.31,88558400.0
1989-11-20,0.4,0.41,0.4,0.4,0.32,108068800.0
1989-11-21,0.4,0.42,0.4,0.4,0.32,140246400.0
1989-11-22,0.41,0.41,0.4,0.4,0.31,97944000.0
1989-11-24,0.4,0.4,0.4,0.4,0.31,27854400.0
1989-11-27,0.4,0.4,0.39,0.39,0.31,105145600.0
1989-11-28,0.39,0.4,0.38,0.39,0.31,135374400.0
1989-11-29,0.39,0.4,0.38,0.39,0.31,152947200.0
1989-11-30,0.39,0.4,0.39,0.4,0.31,63448000.0
1989-12-01,0.4,0.4,0.39,0.39,0.31,146227200.0
1989-12-04,0.39,0.41,0.39,0.4,0.32,97361600.0
1989-12-05,0.4,0.41,0.4,0.4,0.32,121766400.0
1989-12-06,0.4,0.4,0.37,0.38,0.3,334980800.0
1989-12-07,0.38,0.39,0.38,0.38,0.3,178416000.0
1989-12-08,0.38,0.38,0.37,0.37,0.29,252582400.0
1989-12-11,0.37,0.37,0.34,0.35,0.28,650014400.0
1989-12-12,0.35,0.35,0.31,0.32,0.25,1025416000.0
1989-12-13,0.32,0.33,0.32,0.32,0.25,389760000.0
1989-12-14,0.32,0.32,0.31,0.31,0.24,304752000.0
1989-12-15,0.31,0.31,0.29,0.3,0.24,518168000.0
1989-12-18,0.3,0.31,0.3,0.31,0.24,307204800.0
1989-12-19,0.31,0.32,0.31,0.31,0.25,251193600.0
1989-12-20,0.32,0.32,0.31,0.32,0.25,177990400.0
1989-12-21,0.32,0.32,0.32,0.32,0.25,304808000.0
1989-12-22,0.32,0.33,0.32,0.33,0.26,184587200.0
1989-12-26,0.33,0.33,0.31,0.32,0.25,135284800.0
1989-12-27,0.32,0.32,0.31,0.31,0.25,257006400.0
1989-12-28,0.31,0.31,0.31,0.31,0.24,151256000.0
1989-12-29,0.31,0.32,0.31,0.31,0.25,152409600.0
1990-01-02,0.31,0.33,0.31,0.33,0.26,183198400.0
1990-01-03,0.34,0.34,0.33,0.33,0.26,207995200.0
1990-01-04,0.34,0.35,0.33,0.34,0.26,221513600.0
1990-01-05,0.34,0.34,0.33,0.34,0.26,123312000.0
1990-01-08,0.33,0.34,0.33,0.34,0.27,101572800.0
1990-01-09,0.34,0.34,0.33,0.34,0.26,86139200.0
1990-01-10,0.34,0.34,0.32,0.32,0.25,199718400.0
1990-01-11,0.32,0.32,0.31,0.31,0.24,211052800.0
1990-01-12,0.31,0.31,0.3,0.31,0.24,171897600.0
1990-01-15,0.31,0.32,0.31,0.31,0.24,161739200.0
1990-01-16,0.3,0.31,0.29,0.31,0.24,214244800.0
1990-01-17,0.31,0.31,0.29,0.3,0.23,197299200.0
1990-01-18,0.29,0.3,0.29,0.29,0.23,273291200.0
1990-01-19,0.3,0.31,0.3,0.31,0.24,265137600.0
1990-01-22,0.3,0.31,0.3,0.3,0.23,145611200.0
1990-01-23,0.3,0.31,0.29,0.3,0.24,140873600.0
1990-01-24,0.29,0.31,0.29,0.3,0.24,169792000.0
1990-01-25,0.31,0.31,0.3,0.3,0.24,111540800.0
1990-01-26,0.3,0.3,0.29,0.29,0.23,181249600.0
1990-01-29,0.29,0.3,0.29,0.3,0.23,119929600.0
1990-01-30,0.3,0.31,0.29,0.3,0.24,116446400.0
1990-01-31,0.31,0.31,0.29,0.3,0.24,143942400.0
1990-02-01,0.31,0.31,0.3,0.3,0.24,117073600.0
1990-02-02,0.3,0.31,0.3,0.31,0.24,118473600.0
1990-02-05,0.31,0.31,0.3,0.31,0.25,101752000.0
1990-02-06,0.31,0.31,0.3,0.31,0.24,73920000.0
1990-02-07,0.29,0.3,0.29,0.3,0.23,312446400.0
1990-02-08,0.3,0.3,0.29,0.29,0.23,186636800.0
1990-02-09,0.3,0.31,0.3,0.31,0.24,168078400.0
1990-02-12,0.31,0.31,0.3,0.3,0.24,74916800.0
1990-02-13,0.3,0.31,0.3,0.31,0.24,102166400.0
1990-02-14,0.31,0.31,0.3,0.31,0.24,96062400.0
1990-02-15,0.3,0.31,0.3,0.31,0.24,97966400.0
1990-02-16,0.31,0.31,0.3,0.3,0.24,127209600.0
1990-02-20,0.3,0.3,0.29,0.3,0.24,123244800.0
1990-02-21,0.29,0.31,0.29,0.3,0.24,175907200.0
1990-02-22,0.3,0.31,0.29,0.29,0.23,195182400.0
1990-02-23,0.29,0.3,0.29,0.3,0.23,149956800.0
1990-02-26,0.29,0.31,0.29,0.3,0.24,79609600.0
1990-02-27,0.3,0.31,0.3,0.3,0.24,73953600.0
1990-02-28,0.3,0.3,0.3,0.3,0.24,109334400.0
1990-03-01,0.3,0.31,0.3,0.31,0.24,203896000.0
1990-03-02,0.3,0.31,0.3,0.3,0.24,104899200.0
1990-03-05,0.3,0.31,0.3,0.31,0.24,182470400.0
1990-03-06,0.31,0.31,0.31,0.31,0.25,156016000.0
1990-03-07,0.31,0.32,0.31,0.32,0.25,204220800.0
1990-03-08,0.32,0.33,0.31,0.33,0.26,223843200.0
1990-03-09,0.33,0.33,0.32,0.33,0.26,230473600.0
1990-03-12,0.33,0.33,0.32,0.33,0.26,163956800.0
1990-03-13,0.33,0.33,0.32,0.33,0.26,148579200.0
1990-03-14,0.33,0.33,0.33,0.33,0.26,101785600.0
1990-03-15,0.33,0.34,0.33,0.33,0.26,120232000.0
1990-03-16,0.36,0.36,0.35,0.36,0.28,644761600.0
1990-03-19,0.36,0.38,0.36,0.38,0.3,431793600.0
1990-03-20,0.38,0.38,0.36,0.37,0.29,391316800.0
1990-03-21,0.37,0.38,0.37,0.37,0.29,152734400.0
1990-03-22,0.37,0.38,0.36,0.36,0.29,231660800.0
1990-03-23,0.37,0.38,0.37,0.38,0.3,227987200.0
1990-03-26,0.38,0.39,0.38,0.38,0.3,128060800.0
1990-03-27,0.38,0.38,0.37,0.38,0.3,84604800.0
1990-03-28,0.38,0.38,0.37,0.37,0.29,102939200.0
1990-03-29,0.37,0.37,0.36,0.37,0.29,96891200.0
1990-03-30,0.36,0.37,0.36,0.36,0.28,223350400.0
1990-04-02,0.36,0.36,0.35,0.36,0.28,148769600.0
1990-04-03,0.36,0.37,0.36,0.37,0.29,139708800.0
1990-04-04,0.37,0.38,0.36,0.37,0.29,149732800.0
1990-04-05,0.37,0.37,0.36,0.36,0.28,108192000.0
1990-04-06,0.36,0.37,0.35,0.36,0.28,118238400.0
1990-04-09,0.35,0.37,0.35,0.37,0.29,105481600.0
1990-04-10,0.37,0.38,0.37,0.37,0.29,131320000.0
1990-04-11,0.37,0.38,0.37,0.38,0.3,213158400.0
1990-04-12,0.38,0.39,0.38,0.39,0.3,211803200.0
1990-04-16,0.39,0.4,0.39,0.39,0.31,226889600.0
1990-04-17,0.39,0.39,0.38,0.39,0.3,131107200.0
1990-04-18,0.39,0.39,0.38,0.39,0.3,193446400.0
1990-04-19,0.37,0.39,0.36,0.36,0.28,481476800.0
1990-04-20,0.36,0.37,0.35,0.36,0.28,323523200.0
1990-04-23,0.36,0.36,0.35,0.35,0.28,128352000.0
1990-04-24,0.36,0.36,0.34,0.35,0.27,303732800.0
1990-04-25,0.35,0.35,0.34,0.35,0.27,132574400.0
1990-04-26,0.35,0.35,0.34,0.35,0.27,142161600.0
1990-04-27,0.35,0.35,0.35,0.35,0.28,116412800.0
1990-04-30,0.35,0.35,0.35,0.35,0.28,136393600.0
1990-05-01,0.35,0.36,0.35,0.35,0.28,163609600.0
1990-05-02,0.35,0.36,0.35,0.35,0.28,135430400.0
1990-05-03,0.35,0.36,0.35,0.36,0.28,166308800.0
1990-05-04,0.36,0.36,0.35,0.36,0.28,169534400.0
1990-05-07,0.35,0.37,0.35,0.37,0.29,135990400.0
1990-05-08,0.37,0.38,0.37,0.37,0.29,112459200.0
1990-05-09,0.37,0.38,0.37,0.37,0.29,97238400.0
1990-05-10,0.37,0.37,0.36,0.37,0.29,179043200.0
1990-05-11,0.37,0.38,0.36,0.38,0.3,215241600.0
1990-05-14,0.38,0.38,0.37,0.37,0.29,226385600.0
1990-05-15,0.37,0.38,0.37,0.37,0.29,149385600.0
1990-05-16,0.37,0.37,0.37,0.37,0.29,87304000.0
1990-05-17,0.37,0.38,0.37,0.37,0.29,153585600.0
1990-05-18,0.37,0.37,0.35,0.35,0.28,258462400.0
1990-05-21,0.35,0.36,0.35,0.35,0.28,262483200.0
1990-05-22,0.36,0.37,0.36,0.37,0.29,301089600.0
1990-05-23,0.37,0.38,0.37,0.38,0.3,207513600.0
1990-05-24,0.38,0.38,0.37,0.38,0.3,148131200.0
1990-05-25,0.35,0.36,0.35,0.36,0.28,323321600.0
1990-05-29,0.36,0.37,0.35,0.37,0.29,243208000.0
1990-05-30,0.37,0.37,0.37,0.37,0.29,276819200.0
1990-05-31,0.37,0.37,0.37,0.37,0.29,103084800.0
1990-06-01,0.37,0.38,0.36,0.36,0.29,157236800.0
1990-06-04,0.36,0.37,0.35,0.36,0.29,179424000.0
1990-06-05,0.37,0.37,0.35,0.35,0.28,299432000.0
1990-06-06,0.35,0.35,0.35,0.35,0.28,211747200.0
1990-06-07,0.35,0.35,0.34,0.35,0.28,186435200.0
1990-06-08,0.34,0.34,0.33,0.34,0.27,333883200.0
1990-06-11,0.34,0.35,0.34,0.35,0.28,157897600.0
1990-06-12,0.35,0.36,0.35,0.36,0.29,165032000.0
1990-06-13,0.36,0.36,0.35,0.35,0.28,138947200.0
1990-06-14,0.36,0.36,0.35,0.35,0.28,140324800.0
1990-06-15,0.35,0.36,0.35,0.35,0.28,144144000.0
1990-06-18,0.35,0.35,0.35,0.35,0.28,111395200.0
1990-06-19,0.35,0.35,0.34,0.35,0.28,157225600.0
1990-06-20,0.36,0.36,0.35,0.36,0.28,154739200.0
1990-06-21,0.36,0.38,0.36,0.37,0.3,208600000.0
1990-06-22,0.38,0.38,0.37,0.37,0.29,283976000.0
1990-06-25,0.37,0.37,0.36,0.37,0.29,122001600.0
1990-06-26,0.37,0.38,0.36,0.36,0.29,127254400.0
1990-06-27,0.36,0.38,0.36,0.37,0.29,97227200.0
1990-06-28,0.38,0.39,0.37,0.38,0.3,249939200.0
1990-06-29,0.38,0.4,0.38,0.4,0.32,325192000.0
1990-07-02,0.4,0.4,0.39,0.39,0.31,135408000.0
1990-07-03,0.39,0.4,0.39,0.39,0.31,99500800.0
1990-07-05,0.39,0.4,0.39,0.39,0.31,107464000.0
1990-07-06,0.39,0.4,0.39,0.4,0.32,209059200.0
1990-07-09,0.4,0.42,0.4,0.42,0.33,315459200.0
1990-07-10,0.42,0.42,0.42,0.42,0.33,361424000.0
1990-07-11,0.42,0.42,0.41,0.42,0.33,246153600.0
1990-07-12,0.42,0.42,0.42,0.42,0.33,182470400.0
1990-07-13,0.42,0.43,0.42,0.42,0.33,230977600.0
1990-07-16,0.42,0.42,0.4,0.41,0.32,179704000.0
1990-07-17,0.41,0.41,0.39,0.4,0.31,136852800.0
1990-07-18,0.4,0.4,0.38,0.4,0.31,288366400.0
1990-07-19,0.36,0.38,0.36,0.37,0.29,585984000.0
1990-07-20,0.38,0.38,0.36,0.37,0.29,191844800.0
1990-07-23,0.37,0.37,0.36,0.37,0.29,270188800.0
1990-07-24,0.38,0.38,0.37,0.38,0.3,193916800.0
1990-07-25,0.38,0.39,0.37,0.38,0.3,104921600.0
1990-07-26,0.38,0.38,0.37,0.37,0.29,80337600.0
1990-07-27,0.37,0.37,0.36,0.37,0.29,62316800.0
1990-07-30,0.36,0.38,0.36,0.38,0.3,85456000.0
1990-07-31,0.38,0.38,0.37,0.38,0.3,96006400.0
1990-08-01,0.38,0.38,0.37,0.38,0.3,93508800.0
1990-08-02,0.37,0.39,0.37,0.39,0.31,223126400.0
1990-08-03,0.39,0.39,0.35,0.37,0.29,268968000.0
1990-08-06,0.35,0.36,0.34,0.35,0.28,179659200.0
1990-08-07,0.36,0.36,0.35,0.35,0.28,198531200.0
1990-08-08,0.35,0.36,0.35,0.36,0.28,102536000.0
1990-08-09,0.36,0.36,0.35,0.35,0.28,96387200.0
1990-08-10,0.35,0.35,0.34,0.35,0.27,102704000.0
1990-08-13,0.34,0.36,0.34,0.36,0.28,156116800.0
1990-08-14,0.36,0.36,0.35,0.35,0.28,98168000.0
1990-08-15,0.36,0.36,0.35,0.35,0.28,92052800.0
1990-08-16,0.35,0.35,0.34,0.34,0.27,123894400.0
1990-08-17,0.34,0.34,0.32,0.33,0.26,246108800.0
1990-08-20,0.33,0.33,0.32,0.33,0.26,75062400.0
1990-08-21,0.32,0.33,0.31,0.32,0.26,161044800.0
1990-08-22,0.33,0.33,0.31,0.31,0.25,122718400.0
1990-08-23,0.31,0.31,0.3,0.31,0.24,143696000.0
1990-08-24,0.31,0.32,0.31,0.32,0.25,73416000.0
1990-08-27,0.33,0.34,0.32,0.34,0.27,117465600.0
1990-08-28,0.33,0.34,0.33,0.34,0.27,80192000.0
1990-08-29,0.34,0.34,0.33,0.33,0.26,150931200.0
1990-08-30,0.33,0.33,0.32,0.32,0.26,122595200.0
1990-08-31,0.32,0.33,0.32,0.33,0.26,99456000.0
1990-09-04,0.33,0.33,0.33,0.33,0.26,82745600.0
1990-09-05,0.33,0.33,0.32,0.32,0.25,64052800.0
1990-09-06,0.32,0.32,0.31,0.32,0.25,87628800.0
1990-09-07,0.32,0.33,0.31,0.32,0.26,58172800.0
1990-09-10,0.33,0.33,0.32,0.32,0.25,75980800.0
1990-09-11,0.32,0.32,0.3,0.3,0.24,178270400.0
1990-09-12,0.31,0.31,0.3,0.3,0.24,100408000.0
1990-09-13,0.31,0.31,0.29,0.3,0.24,97260800.0
1990-09-14,0.3,0.31,0.3,0.3,0.24,113915200.0
1990-09-17,0.3,0.31,0.3,0.3,0.24,77672000.0
1990-09-18,0.3,0.3,0.29,0.3,0.24,124611200.0
1990-09-19,0.3,0.3,0.29,0.29,0.23,182459200.0
1990-09-20,0.29,0.29,0.28,0.28,0.22,100934400.0
1990-09-21,0.29,0.29,0.28,0.28,0.22,153865600.0
1990-09-24,0.28,0.28,0.27,0.27,0.21,138499200.0
1990-09-25,0.27,0.27,0.26,0.27,0.21,157953600.0
1990-09-26,0.27,0.27,0.27,0.27,0.21,94136000.0
1990-09-27,0.27,0.27,0.25,0.25,0.2,142340800.0
1990-09-28,0.25,0.26,0.24,0.26,0.21,176041600.0
1990-10-01,0.26,0.28,0.26,0.27,0.22,155657600.0
1990-10-02,0.28,0.29,0.26,0.26,0.21,270984000.0
1990-10-03,0.27,0.27,0.24,0.24,0.19,268240000.0
1990-10-04,0.24,0.25,0.23,0.25,0.2,213494400.0
1990-10-05,0.24,0.26,0.24,0.25,0.2,99489600.0
1990-10-08,0.26,0.26,0.25,0.26,0.21,61532800.0
1990-10-09,0.25,0.26,0.25,0.25,0.2,120579200.0
1990-10-10,0.24,0.25,0.23,0.24,0.19,147907200.0
1990-10-11,0.24,0.25,0.23,0.25,0.2,205979200.0
1990-10-12,0.25,0.25,0.24,0.25,0.2,228648000.0
1990-10-15,0.25,0.26,0.24,0.25,0.2,201017600.0
1990-10-16,0.25,0.25,0.22,0.22,0.18,305233600.0
1990-10-17,0.23,0.24,0.22,0.24,0.19,309064000.0
1990-10-18,0.24,0.26,0.24,0.25,0.2,315000000.0
1990-10-19,0.28,0.28,0.27,0.28,0.22,933732800.0
1990-10-22,0.28,0.28,0.27,0.28,0.22,252739200.0
1990-10-23,0.28,0.28,0.27,0.28,0.22,167048000.0
1990-10-24,0.27,0.28,0.27,0.27,0.22,141825600.0
1990-10-25,0.27,0.28,0.26,0.27,0.21,153462400.0
1990-10-26,0.27,0.28,0.27,0.27,0.21,134198400.0
1990-10-29,0.27,0.27,0.27,0.27,0.21,123480000.0
1990-10-30,0.27,0.27,0.26,0.27,0.21,98044800.0
1990-10-31,0.27,0.28,0.27,0.27,0.22,148758400.0
1990-11-01,0.27,0.28,0.27,0.27,0.22,90652800.0
1990-11-02,0.27,0.29,0.27,0.28,0.22,148612800.0
1990-11-05,0.29,0.3,0.29,0.3,0.24,184475200.0
1990-11-06,0.3,0.31,0.3,0.3,0.24,184766400.0
1990-11-07,0.3,0.3,0.29,0.3,0.24,202977600.0
1990-11-08,0.29,0.31,0.29,0.31,0.24,199248000.0
1990-11-09,0.31,0.32,0.31,0.32,0.25,198228800.0
1990-11-12,0.32,0.33,0.31,0.32,0.26,145051200.0
1990-11-13,0.32,0.33,0.32,0.32,0.25,141948800.0
1990-11-14,0.32,0.33,0.32,0.33,0.26,190747200.0
1990-11-15,0.33,0.33,0.32,0.32,0.25,161772800.0
1990-11-16,0.32,0.32,0.31,0.31,0.25,183008000.0
1990-11-19,0.32,0.32,0.31,0.32,0.26,223910400.0
1990-11-20,0.33,0.33,0.31,0.32,0.25,153630400.0
1990-11-21,0.31,0.32,0.31,0.32,0.26,123211200.0
1990-11-23,0.32,0.33,0.32,0.32,0.26,53200000.0
1990-11-26,0.32,0.33,0.32,0.33,0.26,81457600.0
1990-11-27,0.33,0.34,0.33,0.33,0.27,164584000.0
1990-11-28,0.34,0.34,0.33,0.33,0.26,174910400.0
1990-11-29,0.33,0.33,0.32,0.33,0.26,126705600.0
1990-11-30,0.32,0.33,0.32,0.33,0.26,121508800.0
1990-12-03,0.33,0.34,0.33,0.34,0.27,165401600.0
1990-12-04,0.33,0.35,0.33,0.34,0.27,152152000.0
1990-12-05,0.34,0.36,0.34,0.36,0.28,218388800.0
1990-12-06,0.37,0.37,0.36,0.37,0.29,532246400.0
1990-12-07,0.37,0.38,0.37,0.38,0.3,329660800.0
1990-12-10,0.38,0.38,0.37,0.37,0.3,250588800.0
1990-12-11,0.37,0.37,0.36,0.36,0.28,347883200.0
1990-12-12,0.35,0.36,0.35,0.35,0.28,242356800.0
1990-12-13,0.35,0.37,0.35,0.36,0.29,160731200.0
1990-12-14,0.36,0.36,0.35,0.36,0.28,87068800.0
1990-12-17,0.35,0.36,0.35,0.36,0.28,131107200.0
1990-12-18,0.37,0.38,0.36,0.38,0.3,220987200.0
1990-12-19,0.38,0.38,0.37,0.37,0.3,140660800.0
1990-12-20,0.37,0.4,0.37,0.39,0.31,401072000.0
1990-12-21,0.4,0.4,0.39,0.4,0.32,346136000.0
1990-12-24,0.4,0.4,0.39,0.39,0.31,58721600.0
1990-12-26,0.39,0.4,0.38,0.39,0.31,103073600.0
1990-12-27,0.39,0.39,0.39,0.39,0.31,97652800.0
1990-12-28,0.39,0.39,0.38,0.38,0.31,63929600.0
1990-12-31,0.38,0.39,0.38,0.38,0.31,44273600.0
1991-01-02,0.38,0.39,0.38,0.39,0.31,154985600.0
1991-01-03,0.39,0.4,0.38,0.38,0.31,150180800.0
1991-01-04,0.38,0.4,0.38,0.39,0.31,141523200.0
1991-01-07,0.38,0.4,0.38,0.39,0.31,310800000.0
1991-01-08,0.39,0.39,0.38,0.39,0.31,218691200.0
1991-01-09,0.4,0.41,0.39,0.4,0.32,467264000.0
1991-01-10,0.41,0.42,0.41,0.42,0.33,435321600.0
1991-01-11,0.42,0.42,0.41,0.42,0.33,307652800.0
1991-01-14,0.41,0.42,0.41,0.41,0.33,210840000.0
1991-01-15,0.42,0.42,0.41,0.42,0.33,192057600.0
1991-01-16,0.42,0.45,0.42,0.44,0.35,390633600.0
1991-01-17,0.47,0.47,0.44,0.46,0.36,591673600.0
1991-01-18,0.44,0.45,0.43,0.45,0.36,943241600.0
1991-01-21,0.44,0.46,0.44,0.45,0.36,324307200.0
1991-01-22,0.46,0.47,0.45,0.46,0.36,427728000.0
1991-01-23,0.46,0.47,0.46,0.46,0.37,244260800.0
1991-01-24,0.46,0.47,0.46,0.47,0.37,233934400.0
1991-01-25,0.46,0.48,0.46,0.48,0.38,223809600.0
1991-01-28,0.48,0.49,0.48,0.49,0.39,273481600.0
1991-01-29,0.48,0.49,0.47,0.48,0.38,215555200.0
1991-01-30,0.48,0.5,0.48,0.5,0.39,336772800.0
1991-01-31,0.5,0.5,0.49,0.5,0.39,242592000.0
1991-02-01,0.5,0.52,0.5,0.5,0.4,444550400.0
1991-02-04,0.5,0.5,0.49,0.49,0.39,267848000.0
1991-02-05,0.49,0.52,0.49,0.52,0.41,356115200.0
1991-02-06,0.52,0.52,0.5,0.51,0.4,222566400.0
1991-02-07,0.51,0.52,0.5,0.52,0.41,520172800.0
1991-02-08,0.51,0.54,0.51,0.53,0.43,313555200.0
1991-02-11,0.54,0.55,0.53,0.55,0.44,323030400.0
1991-02-12,0.54,0.55,0.53,0.54,0.43,224750400.0
1991-02-13,0.54,0.54,0.52,0.54,0.43,255550400.0
1991-02-14,0.54,0.54,0.51,0.51,0.41,377675200.0
1991-02-15,0.51,0.52,0.51,0.51,0.41,365612800.0
1991-02-19,0.51,0.54,0.51,0.54,0.43,226251200.0
1991-02-20,0.53,0.55,0.53,0.54,0.43,213640000.0
1991-02-21,0.55,0.56,0.52,0.53,0.42,190870400.0
1991-02-22,0.53,0.55,0.52,0.53,0.43,232568000.0
1991-02-25,0.54,0.54,0.51,0.52,0.41,359273600.0
1991-02-26,0.51,0.52,0.5,0.52,0.41,250017600.0
1991-02-27,0.52,0.52,0.51,0.52,0.41,174372800.0
1991-02-28,0.52,0.52,0.5,0.51,0.41,227360000.0
1991-03-01,0.51,0.53,0.51,0.52,0.41,126134400.0
1991-03-04,0.52,0.52,0.51,0.52,0.42,88356800.0
1991-03-05,0.53,0.56,0.53,0.56,0.45,441448000.0
1991-03-06,0.57,0.59,0.56,0.56,0.45,523958400.0
1991-03-07,0.57,0.6,0.56,0.6,0.48,321753600.0
1991-03-08,0.6,0.61,0.58,0.58,0.46,322201600.0
1991-03-11,0.58,0.58,0.56,0.57,0.45,175369600.0
1991-03-12,0.56,0.57,0.56,0.56,0.45,233676800.0
1991-03-13,0.56,0.59,0.56,0.59,0.47,174552000.0
1991-03-14,0.6,0.6,0.58,0.58,0.46,227068800.0
1991-03-15,0.59,0.59,0.58,0.59,0.47,204836800.0
1991-03-18,0.59,0.61,0.59,0.6,0.48,214009600.0
1991-03-19,0.59,0.63,0.59,0.62,0.49,422195200.0
1991-03-20,0.62,0.62,0.6,0.6,0.48,361704000.0
1991-03-21,0.61,0.61,0.57,0.58,0.46,296800000.0
1991-03-22,0.57,0.58,0.56,0.56,0.45,338128000.0
1991-03-25,0.57,0.58,0.56,0.58,0.46,135856000.0
1991-03-26,0.58,0.63,0.58,0.63,0.5,333625600.0
1991-03-27,0.63,0.63,0.61,0.62,0.49,190220800.0
1991-03-28,0.62,0.63,0.6,0.61,0.48,78702400.0
1991-04-01,0.61,0.62,0.6,0.61,0.49,117924800.0
1991-04-02,0.62,0.65,0.61,0.65,0.52,292924800.0
1991-04-03,0.65,0.65,0.63,0.63,0.5,240128000.0
1991-04-04,0.63,0.64,0.62,0.64,0.51,168436800.0
1991-04-05,0.64,0.64,0.61,0.62,0.49,155411200.0
1991-04-08,0.62,0.63,0.61,0.63,0.5,72475200.0
1991-04-09,0.62,0.63,0.61,0.61,0.49,119448000.0
1991-04-10,0.61,0.62,0.6,0.6,0.48,216406400.0
1991-04-11,0.6,0.64,0.6,0.63,0.51,355588800.0
1991-04-12,0.64,0.65,0.62,0.64,0.51,367718400.0
1991-04-15,0.55,0.58,0.54,0.56,0.44,1700384000.0
1991-04-16,0.56,0.58,0.56,0.57,0.46,620782400.0
1991-04-17,0.58,0.58,0.55,0.56,0.45,322403200.0
1991-04-18,0.56,0.56,0.54,0.54,0.43,247363200.0
1991-04-19,0.54,0.55,0.53,0.53,0.42,287302400.0
1991-04-22,0.53,0.55,0.52,0.55,0.44,257017600.0
1991-04-23,0.56,0.56,0.54,0.55,0.44,237294400.0
1991-04-24,0.55,0.55,0.54,0.54,0.43,105448000.0
1991-04-25,0.53,0.53,0.52,0.52,0.42,315380800.0
1991-04-26,0.52,0.53,0.52,0.52,0.42,125059200.0
1991-04-29,0.52,0.54,0.52,0.52,0.41,206707200.0
1991-04-30,0.52,0.52,0.49,0.49,0.39,711446400.0
1991-05-01,0.43,0.44,0.42,0.42,0.34,1868372800.0
1991-05-02,0.43,0.44,0.42,0.44,0.35,811126400.0
1991-05-03,0.44,0.44,0.43,0.44,0.35,243712000.0
1991-05-06,0.43,0.45,0.43,0.45,0.36,212329600.0
1991-05-07,0.46,0.46,0.45,0.45,0.36,270480000.0
1991-05-08,0.45,0.45,0.44,0.44,0.35,176780800.0
1991-05-09,0.45,0.46,0.44,0.45,0.36,238212800.0
1991-05-10,0.46,0.48,0.45,0.46,0.36,241729600.0
1991-05-13,0.47,0.48,0.46,0.47,0.38,244944000.0
1991-05-14,0.47,0.48,0.47,0.48,0.38,216944000.0
1991-05-15,0.46,0.46,0.44,0.45,0.36,518347200.0
1991-05-16,0.46,0.46,0.43,0.44,0.35,382132800.0
1991-05-17,0.44,0.44,0.42,0.42,0.33,471060800.0
1991-05-20,0.42,0.42,0.39,0.4,0.32,262169600.0
1991-05-21,0.4,0.42,0.4,0.4,0.32,349798400.0
1991-05-22,0.41,0.42,0.41,0.41,0.33,227270400.0
1991-05-23,0.42,0.42,0.4,0.4,0.32,208656000.0
1991-05-24,0.41,0.41,0.4,0.41,0.33,97126400.0
1991-05-28,0.41,0.41,0.4,0.41,0.33,171438400.0
1991-05-29,0.41,0.43,0.41,0.42,0.34,384003200.0
1991-05-30,0.42,0.43,0.42,0.43,0.34,158345600.0
1991-05-31,0.42,0.43,0.41,0.42,0.34,217862400.0
1991-06-03,0.42,0.44,0.42,0.44,0.35,220068800.0
1991-06-04,0.44,0.44,0.43,0.44,0.35,184284800.0
1991-06-05,0.44,0.44,0.43,0.43,0.34,133291200.0
1991-06-06,0.43,0.43,0.42,0.42,0.33,168504000.0
1991-06-07,0.41,0.42,0.41,0.41,0.33,152745600.0
1991-06-10,0.41,0.42,0.41,0.41,0.33,167440000.0
1991-06-11,0.4,0.41,0.4,0.4,0.32,188563200.0
1991-06-12,0.39,0.4,0.37,0.38,0.3,435635200.0
1991-06-13,0.38,0.38,0.37,0.38,0.3,211366400.0
1991-06-14,0.38,0.38,0.36,0.37,0.29,225288000.0
1991-06-17,0.37,0.38,0.37,0.38,0.3,166600000.0
1991-06-18,0.38,0.39,0.37,0.38,0.3,244686400.0
1991-06-19,0.37,0.38,0.37,0.37,0.3,178942400.0
1991-06-20,0.37,0.38,0.36,0.38,0.3,144043200.0
1991-06-21,0.38,0.38,0.37,0.38,0.3,206012800.0
1991-06-24,0.37,0.38,0.37,0.37,0.3,207984000.0
1991-06-25,0.38,0.38,0.37,0.38,0.3,227920000.0
1991-06-26,0.38,0.39,0.38,0.38,0.31,250443200.0
1991-06-27,0.38,0.38,0.37,0.38,0.3,151200000.0
1991-06-28,0.38,0.38,0.36,0.37,0.3,226643200.0
1991-07-01,0.38,0.38,0.37,0.38,0.3,194824000.0
1991-07-02,0.38,0.38,0.37,0.38,0.3,120142400.0
1991-07-03,0.38,0.39,0.37,0.39,0.31,310374400.0
1991-07-05,0.38,0.41,0.38,0.41,0.33,331553600.0
1991-07-08,0.4,0.42,0.4,0.42,0.33,307081600.0
1991-07-09,0.42,0.43,0.42,0.42,0.33,226441600.0
1991-07-10,0.42,0.43,0.42,0.42,0.34,156576000.0
1991-07-11,0.42,0.42,0.41,0.42,0.33,145913600.0
1991-07-12,0.42,0.42,0.41,0.42,0.33,132753600.0
1991-07-15,0.42,0.42,0.41,0.41,0.32,137984000.0
1991-07-16,0.41,0.41,0.39,0.39,0.31,222992000.0
1991-07-17,0.39,0.4,0.38,0.38,0.3,208936000.0
1991-07-18,0.39,0.4,0.38,0.4,0.32,398316800.0
1991-07-19,0.4,0.41,0.4,0.41,0.33,128419200.0
1991-07-22,0.41,0.41,0.41,0.41,0.33,108673600.0
1991-07-23,0.41,0.42,0.4,0.4,0.32,133056000.0
1991-07-24,0.4,0.41,0.4,0.4,0.32,131454400.0
1991-07-25,0.4,0.41,0.4,0.4,0.32,65800000.0
1991-07-26,0.41,0.41,0.4,0.4,0.32,74233600.0
1991-07-29,0.4,0.41,0.4,0.41,0.32,53300800.0
1991-07-30,0.41,0.42,0.41,0.42,0.33,91862400.0
1991-07-31,0.42,0.42,0.4,0.41,0.33,102804800.0
1991-08-01,0.41,0.44,0.41,0.44,0.35,448425600.0
1991-08-02,0.44,0.45,0.44,0.45,0.36,273011200.0
1991-08-05,0.44,0.44,0.43,0.43,0.35,100766400.0
1991-08-06,0.44,0.45,0.43,0.44,0.35,220427200.0
1991-08-07,0.44,0.46,0.44,0.45,0.36,211612800.0
1991-08-08,0.45,0.46,0.45,0.45,0.36,189448000.0
1991-08-09,0.45,0.46,0.44,0.45,0.36,154403200.0
1991-08-12,0.45,0.47,0.45,0.46,0.37,142531200.0
1991-08-13,0.46,0.48,0.46,0.48,0.38,286585600.0
1991-08-14,0.49,0.49,0.48,0.49,0.39,200715200.0
1991-08-15,0.49,0.49,0.47,0.48,0.38,145544000.0
1991-08-16,0.47,0.48,0.47,0.48,0.38,158804800.0
1991-08-19,0.44,0.46,0.43,0.45,0.36,322481600.0
1991-08-20,0.46,0.46,0.45,0.46,0.36,199427200.0
1991-08-21,0.47,0.48,0.46,0.48,0.38,223372800.0
1991-08-22,0.48,0.49,0.48,0.48,0.39,165648000.0
1991-08-23,0.48,0.5,0.47,0.47,0.38,240419200.0
1991-08-26,0.47,0.48,0.47,0.47,0.38,101595200.0
1991-08-27,0.47,0.48,0.47,0.48,0.39,100352000.0
1991-08-28,0.48,0.48,0.47,0.48,0.38,107587200.0
1991-08-29,0.48,0.48,0.47,0.47,0.38,113355200.0
1991-08-30,0.47,0.48,0.47,0.47,0.38,66136000.0
1991-09-03,0.47,0.48,0.46,0.47,0.38,68376000.0
1991-09-04,0.47,0.47,0.46,0.46,0.37,119784000.0
1991-09-05,0.46,0.46,0.45,0.46,0.36,77884800.0
1991-09-06,0.46,0.46,0.45,0.46,0.37,79273600.0
1991-09-09,0.46,0.48,0.46,0.48,0.38,126481600.0
1991-09-10,0.47,0.48,0.44,0.45,0.36,182840000.0
1991-09-11,0.45,0.46,0.44,0.45,0.36,178001600.0
1991-09-12,0.46,0.46,0.44,0.45,0.36,119212800.0
1991-09-13,0.45,0.45,0.43,0.43,0.35,166734400.0
1991-09-16,0.44,0.44,0.42,0.42,0.34,205777600.0
1991-09-17,0.42,0.44,0.42,0.44,0.35,135408000.0
1991-09-18,0.44,0.45,0.43,0.45,0.36,121352000.0
1991-09-19,0.45,0.45,0.44,0.44,0.36,178337600.0
1991-09-20,0.44,0.46,0.44,0.45,0.36,188148800.0
1991-09-23,0.45,0.45,0.44,0.44,0.35,87662400.0
1991-09-24,0.44,0.45,0.43,0.45,0.36,106097600.0
1991-09-25,0.45,0.45,0.44,0.45,0.36,54465600.0
1991-09-26,0.45,0.45,0.44,0.45,0.36,71220800.0
1991-09-27,0.45,0.45,0.44,0.44,0.35,62809600.0
1991-09-30,0.44,0.44,0.44,0.44,0.35,63201600.0
1991-10-01,0.44,0.46,0.44,0.45,0.36,131376000.0
1991-10-02,0.46,0.46,0.44,0.44,0.36,17987200.0
1991-10-03,0.45,0.45,0.42,0.43,0.34,181003200.0
1991-10-04,0.43,0.44,0.42,0.43,0.34,79374400.0
1991-10-07,0.43,0.44,0.42,0.43,0.34,64702400.0
1991-10-08,0.43,0.43,0.42,0.43,0.34,172256000.0
1991-10-09,0.43,0.44,0.43,0.43,0.34,132742400.0
1991-10-10,0.44,0.44,0.42,0.43,0.34,157214400.0
1991-10-11,0.43,0.44,0.42,0.43,0.35,120052800.0
1991-10-14,0.44,0.45,0.44,0.45,0.36,111876800.0
1991-10-15,0.45,0.47,0.45,0.47,0.38,288209600.0
1991-10-16,0.47,0.48,0.47,0.48,0.38,200872000.0
1991-10-17,0.47,0.48,0.46,0.47,0.37,151614400.0
1991-10-18,0.49,0.5,0.49,0.49,0.39,446958400.0
1991-10-21,0.49,0.5,0.48,0.49,0.39,116692800.0
1991-10-22,0.5,0.5,0.49,0.49,0.39,208208000.0
1991-10-23,0.49,0.49,0.47,0.47,0.38,168828800.0
1991-10-24,0.47,0.48,0.46,0.47,0.37,177900800.0
1991-10-25,0.46,0.47,0.45,0.46,0.37,106971200.0
1991-10-28,0.46,0.46,0.45,0.46,0.37,77862400.0
1991-10-29,0.46,0.46,0.45,0.46,0.37,101236800.0
1991-10-30,0.46,0.47,0.44,0.44,0.36,148243200.0
1991-10-31,0.45,0.46,0.45,0.46,0.37,231806400.0
1991-11-01,0.46,0.46,0.45,0.46,0.36,201264000.0
1991-11-04,0.45,0.45,0.43,0.44,0.36,195294400.0
1991-11-05,0.44,0.45,0.44,0.44,0.35,215600000.0
1991-11-06,0.44,0.44,0.42,0.43,0.34,236790400.0
1991-11-07,0.43,0.45,0.43,0.44,0.36,296732800.0
1991-11-08,0.46,0.48,0.46,0.48,0.38,375827200.0
1991-11-11,0.48,0.49,0.48,0.48,0.38,164942400.0
1991-11-12,0.48,0.49,0.48,0.49,0.39,166689600.0
1991-11-13,0.48,0.49,0.48,0.48,0.39,185920000.0
1991-11-14,0.48,0.49,0.48,0.49,0.39,188003200.0
1991-11-15,0.49,0.49,0.44,0.45,0.36,256950400.0
1991-11-18,0.45,0.47,0.45,0.47,0.37,238739200.0
1991-11-19,0.46,0.46,0.44,0.46,0.37,285488000.0
1991-11-20,0.46,0.46,0.45,0.45,0.36,168100800.0
1991-11-21,0.45,0.46,0.45,0.46,0.37,106814400.0
1991-11-22,0.46,0.46,0.45,0.46,0.37,97843200.0
1991-11-25,0.46,0.47,0.46,0.46,0.37,78433600.0
1991-11-26,0.46,0.46,0.45,0.46,0.37,139272000.0
1991-11-27,0.46,0.46,0.45,0.46,0.37,63235200.0
1991-11-29,0.45,0.46,0.45,0.45,0.36,34092800.0
1991-12-02,0.45,0.46,0.45,0.46,0.37,118899200.0
1991-12-03,0.46,0.46,0.45,0.45,0.36,102860800.0
1991-12-04,0.45,0.45,0.45,0.45,0.36,80550400.0
1991-12-05,0.45,0.46,0.44,0.45,0.36,99198400.0
1991-12-06,0.44,0.44,0.43,0.44,0.35,196985600.0
1991-12-09,0.44,0.45,0.44,0.44,0.35,97832000.0
1991-12-10,0.44,0.44,0.43,0.44,0.35,122617600.0
1991-12-11,0.44,0.44,0.43,0.44,0.35,84560000.0
1991-12-12,0.44,0.44,0.44,0.44,0.35,91750400.0
1991-12-13,0.44,0.45,0.44,0.45,0.36,95121600.0
1991-12-16,0.45,0.45,0.45,0.45,0.36,77190400.0
1991-12-17,0.45,0.46,0.45,0.45,0.36,97843200.0
1991-12-18,0.45,0.46,0.45,0.46,0.37,186603200.0
1991-12-19,0.46,0.46,0.45,0.45,0.36,115326400.0
1991-12-20,0.46,0.46,0.45,0.45,0.36,128184000.0
1991-12-23,0.45,0.46,0.45,0.46,0.37,103163200.0
1991-12-24,0.46,0.48,0.46,0.47,0.37,188563200.0
1991-12-26,0.47,0.49,0.47,0.49,0.39,134500800.0
1991-12-27,0.49,0.5,0.49,0.49,0.39,167742400.0
1991-12-30,0.49,0.51,0.49,0.51,0.41,183646400.0
1991-12-31,0.51,0.52,0.5,0.5,0.4,134030400.0
1992-01-02,0.5,0.53,0.5,0.53,0.43,233632000.0
1992-01-03,0.54,0.54,0.52,0.53,0.42,190254400.0
1992-01-06,0.52,0.53,0.52,0.52,0.42,114240000.0
1992-01-07,0.51,0.53,0.51,0.53,0.42,141467200.0
1992-01-08,0.52,0.55,0.52,0.54,0.43,232747200.0
1992-01-09,0.54,0.56,0.54,0.56,0.45,208510400.0
1992-01-10,0.55,0.56,0.54,0.56,0.45,196224000.0
1992-01-13,0.56,0.56,0.55,0.55,0.44,107856000.0
1992-01-14,0.56,0.58,0.56,0.58,0.46,273806400.0
1992-01-15,0.58,0.58,0.56,0.57,0.46,325740800.0
1992-01-16,0.57,0.57,0.56,0.56,0.45,293529600.0
1992-01-17,0.6,0.62,0.58,0.58,0.46,848355200.0
1992-01-20,0.58,0.58,0.57,0.57,0.46,209664000.0
1992-01-21,0.57,0.57,0.54,0.55,0.44,194084800.0
1992-01-22,0.55,0.57,0.55,0.57,0.46,183680000.0
1992-01-23,0.57,0.58,0.56,0.58,0.46,138353600.0
1992-01-24,0.58,0.59,0.57,0.58,0.46,177609600.0
1992-01-27,0.58,0.58,0.57,0.58,0.46,83451200.0
1992-01-28,0.58,0.58,0.56,0.58,0.47,173723200.0
1992-01-29,0.58,0.59,0.56,0.56,0.45,144558400.0
1992-01-30,0.57,0.57,0.56,0.57,0.46,87113600.0
1992-01-31,0.57,0.58,0.57,0.58,0.46,144558400.0
1992-02-03,0.58,0.59,0.58,0.59,0.47,158132800.0
1992-02-04,0.59,0.59,0.58,0.59,0.47,192931200.0
1992-02-05,0.59,0.6,0.58,0.59,0.47,161504000.0
1992-02-06,0.59,0.59,0.57,0.57,0.46,93139200.0
1992-02-07,0.57,0.58,0.56,0.57,0.46,147537600.0
1992-02-10,0.57,0.57,0.56,0.56,0.45,86441600.0
1992-02-11,0.56,0.57,0.56,0.56,0.45,122012800.0
1992-02-12,0.57,0.58,0.56,0.58,0.47,137961600.0
1992-02-13,0.58,0.58,0.57,0.57,0.46,76014400.0
1992-02-14,0.57,0.57,0.56,0.57,0.46,72587200.0
1992-02-18,0.57,0.58,0.56,0.56,0.45,68353600.0
1992-02-19,0.56,0.56,0.55,0.55,0.45,95670400.0
1992-02-20,0.56,0.58,0.56,0.58,0.46,130860800.0
1992-02-21,0.58,0.58,0.58,0.58,0.47,151580800.0
1992-02-24,0.59,0.59,0.59,0.59,0.47,171404800.0
1992-02-25,0.59,0.61,0.58,0.61,0.49,227214400.0
1992-02-26,0.61,0.63,0.61,0.62,0.5,229084800.0
1992-02-27,0.63,0.63,0.61,0.61,0.49,122169600.0
1992-02-28,0.61,0.62,0.6,0.6,0.48,90395200.0
1992-03-02,0.6,0.61,0.6,0.6,0.48,89252800.0
1992-03-03,0.6,0.61,0.59,0.59,0.48,99276800.0
1992-03-04,0.59,0.6,0.58,0.58,0.47,115371200.0
1992-03-05,0.58,0.58,0.56,0.57,0.46,236723200.0
1992-03-06,0.57,0.57,0.56,0.57,0.46,134288000.0
1992-03-09,0.57,0.57,0.57,0.57,0.46,108942400.0
1992-03-10,0.57,0.58,0.57,0.57,0.46,122696000.0
1992-03-11,0.57,0.57,0.56,0.56,0.45,131656000.0
1992-03-12,0.56,0.57,0.55,0.56,0.45,152902400.0
1992-03-13,0.56,0.57,0.55,0.56,0.45,79184000.0
1992-03-16,0.56,0.57,0.55,0.57,0.45,56291200.0
1992-03-17,0.57,0.57,0.56,0.56,0.45,85097600.0
1992-03-18,0.56,0.57,0.56,0.57,0.46,81032000.0
1992-03-19,0.57,0.57,0.56,0.56,0.45,118518400.0
1992-03-20,0.56,0.56,0.56,0.56,0.45,54163200.0
1992-03-23,0.56,0.57,0.56,0.56,0.45,50075200.0
1992-03-24,0.57,0.58,0.56,0.58,0.47,209417600.0
1992-03-25,0.58,0.58,0.57,0.58,0.46,121553600.0
1992-03-26,0.58,0.58,0.57,0.57,0.46,123020800.0
1992-03-27,0.57,0.57,0.54,0.54,0.44,264532800.0
1992-03-30,0.55,0.55,0.52,0.52,0.42,339035200.0
1992-03-31,0.52,0.53,0.52,0.52,0.42,212632000.0
1992-04-01,0.51,0.53,0.51,0.53,0.42,159656000.0
1992-04-02,0.53,0.53,0.52,0.52,0.42,133974400.0
1992-04-03,0.52,0.53,0.52,0.53,0.42,116457600.0
1992-04-06,0.53,0.54,0.53,0.54,0.44,101987200.0
1992-04-07,0.54,0.55,0.51,0.51,0.41,230216000.0
1992-04-08,0.51,0.51,0.49,0.5,0.4,367024000.0
1992-04-09,0.5,0.52,0.49,0.51,0.41,192136000.0
1992-04-10,0.51,0.51,0.49,0.5,0.4,274064000.0
1992-04-13,0.5,0.51,0.49,0.5,0.41,122830400.0
1992-04-14,0.52,0.53,0.51,0.52,0.42,144401600.0
1992-04-15,0.52,0.54,0.51,0.54,0.43,217358400.0
1992-04-16,0.54,0.54,0.52,0.53,0.42,258686400.0
1992-04-20,0.53,0.53,0.5,0.51,0.41,206046400.0
1992-04-21,0.51,0.51,0.5,0.5,0.4,180364800.0
1992-04-22,0.5,0.52,0.5,0.51,0.41,171528000.0
1992-04-23,0.51,0.52,0.5,0.51,0.41,182817600.0
1992-04-24,0.51,0.52,0.5,0.5,0.41,98280000.0
1992-04-27,0.5,0.5,0.49,0.5,0.4,140268800.0
1992-04-28,0.49,0.5,0.47,0.48,0.39,174126400.0
1992-04-29,0.48,0.51,0.48,0.51,0.41,198900800.0
1992-04-30,0.51,0.54,0.5,0.54,0.43,260265600.0
1992-05-01,0.54,0.54,0.52,0.53,0.43,134377600.0
1992-05-04,0.53,0.55,0.53,0.54,0.43,123233600.0
1992-05-05,0.54,0.54,0.53,0.54,0.43,180084800.0
1992-05-06,0.54,0.55,0.54,0.55,0.44,177990400.0
1992-05-07,0.55,0.56,0.54,0.54,0.44,172356800.0
1992-05-08,0.55,0.56,0.54,0.55,0.45,198699200.0
1992-05-11,0.55,0.56,0.55,0.56,0.45,90899200.0
1992-05-12,0.56,0.56,0.55,0.56,0.45,77044800.0
1992-05-13,0.56,0.56,0.56,0.56,0.45,97473600.0
1992-05-14,0.56,0.56,0.54,0.55,0.44,156923200.0
1992-05-15,0.54,0.55,0.54,0.54,0.44,121307200.0
1992-05-18,0.55,0.55,0.54,0.54,0.43,129091200.0
1992-05-19,0.54,0.54,0.53,0.53,0.43,131678400.0
1992-05-20,0.53,0.54,0.53,0.54,0.43,173208000.0
1992-05-21,0.54,0.54,0.52,0.53,0.42,137692800.0
1992-05-22,0.53,0.53,0.53,0.53,0.43,46468800.0
1992-05-26,0.53,0.53,0.52,0.53,0.43,95614400.0
1992-05-27,0.53,0.54,0.53,0.54,0.43,154089600.0
1992-05-28,0.54,0.54,0.53,0.53,0.43,127243200.0
1992-05-29,0.53,0.54,0.53,0.53,0.43,178248000.0
1992-06-01,0.51,0.53,0.5,0.51,0.41,248046400.0
1992-06-02,0.51,0.51,0.5,0.5,0.41,155680000.0
1992-06-03,0.5,0.5,0.48,0.48,0.39,300574400.0
1992-06-04,0.48,0.49,0.48,0.49,0.39,180152000.0
1992-06-05,0.49,0.49,0.48,0.49,0.39,112728000.0
1992-06-08,0.49,0.49,0.48,0.48,0.39,104339200.0
1992-06-09,0.48,0.48,0.48,0.48,0.39,101281600.0
1992-06-10,0.48,0.49,0.48,0.48,0.39,126604800.0
1992-06-11,0.48,0.48,0.48,0.48,0.39,140515200.0
1992-06-12,0.49,0.49,0.48,0.49,0.39,96510400.0
1992-06-15,0.48,0.48,0.47,0.47,0.38,189190400.0
1992-06-16,0.46,0.46,0.44,0.44,0.35,365355200.0
1992-06-17,0.44,0.44,0.42,0.42,0.34,304248000.0
1992-06-18,0.42,0.44,0.4,0.4,0.33,433720000.0
1992-06-19,0.41,0.41,0.39,0.4,0.32,427436800.0
1992-06-22,0.39,0.4,0.38,0.4,0.32,389939200.0
1992-06-23,0.4,0.41,0.4,0.4,0.33,311550400.0
1992-06-24,0.41,0.41,0.4,0.41,0.33,211064000.0
1992-06-25,0.42,0.42,0.4,0.41,0.33,160608000.0
1992-06-26,0.41,0.41,0.4,0.4,0.33,110364800.0
1992-06-29,0.41,0.42,0.4,0.42,0.34,188428800.0
1992-06-30,0.42,0.43,0.42,0.43,0.35,193345600.0
1992-07-01,0.43,0.44,0.43,0.44,0.35,143528000.0
1992-07-02,0.44,0.44,0.41,0.41,0.33,256648000.0
1992-07-06,0.42,0.42,0.41,0.41,0.33,122001600.0
1992-07-07,0.41,0.41,0.39,0.4,0.32,207088000.0
1992-07-08,0.39,0.41,0.39,0.41,0.33,195955200.0
1992-07-09,0.41,0.42,0.41,0.41,0.33,165793600.0
1992-07-10,0.41,0.41,0.4,0.41,0.33,143796800.0
1992-07-13,0.41,0.42,0.4,0.42,0.34,125563200.0
1992-07-14,0.42,0.43,0.42,0.42,0.34,125988800.0
1992-07-15,0.42,0.44,0.42,0.43,0.35,174462400.0
1992-07-16,0.43,0.44,0.42,0.44,0.35,139798400.0
1992-07-17,0.4,0.41,0.4,0.4,0.32,423640000.0
1992-07-20,0.4,0.4,0.39,0.4,0.32,192124800.0
1992-07-21,0.41,0.41,0.4,0.41,0.33,131947200.0
1992-07-22,0.4,0.41,0.39,0.4,0.32,161974400.0
1992-07-23,0.4,0.4,0.39,0.4,0.32,171516800.0
1992-07-24,0.4,0.41,0.39,0.41,0.33,134971200.0
1992-07-27,0.41,0.42,0.4,0.4,0.33,2396800.0
1992-07-28,0.41,0.42,0.4,0.42,0.33,134243200.0
1992-07-29,0.42,0.43,0.42,0.42,0.34,250768000.0
1992-07-30,0.42,0.42,0.42,0.42,0.34,137894400.0
1992-07-31,0.42,0.42,0.42,0.42,0.34,90708800.0
1992-08-03,0.42,0.42,0.41,0.41,0.33,68544000.0
1992-08-04,0.4,0.41,0.4,0.41,0.33,119716800.0
1992-08-05,0.41,0.41,0.4,0.4,0.32,139260800.0
1992-08-06,0.4,0.4,0.38,0.39,0.32,257969600.0
1992-08-07,0.38,0.39,0.37,0.39,0.31,219161600.0
1992-08-10,0.39,0.4,0.38,0.39,0.32,91448000.0
1992-08-11,0.4,0.4,0.38,0.39,0.31,121307200.0
1992-08-12,0.39,0.4,0.39,0.39,0.32,121385600.0
1992-08-13,0.4,0.41,0.4,0.4,0.32,170990400.0
1992-08-14,0.4,0.4,0.4,0.4,0.32,136102400.0
1992-08-17,0.4,0.4,0.39,0.4,0.32,128710400.0
1992-08-18,0.4,0.4,0.4,0.4,0.32,112313600.0
1992-08-19,0.4,0.4,0.4,0.4,0.32,170542400.0
1992-08-20,0.4,0.4,0.4,0.4,0.32,108908800.0
1992-08-21,0.4,0.4,0.39,0.4,0.32,109468800.0
1992-08-24,0.4,0.4,0.39,0.39,0.31,152174400.0
1992-08-25,0.39,0.4,0.39,0.4,0.32,132361600.0
1992-08-26,0.4,0.4,0.39,0.4,0.32,121060800.0
1992-08-27,0.4,0.4,0.4,0.4,0.32,82745600.0
1992-08-28,0.4,0.4,0.39,0.4,0.32,61241600.0
1992-08-31,0.4,0.41,0.4,0.41,0.33,121116800.0
1992-09-01,0.41,0.42,0.41,0.42,0.34,60289600.0
1992-09-02,0.42,0.44,0.42,0.43,0.35,189896000.0
1992-09-03,0.44,0.44,0.43,0.43,0.34,211859200.0
1992-09-04,0.43,0.43,0.42,0.42,0.34,63235200.0
1992-09-08,0.42,0.43,0.42,0.43,0.34,70000000.0
1992-09-09,0.43,0.44,0.43,0.44,0.35,157203200.0
1992-09-10,0.43,0.44,0.42,0.44,0.36,228177600.0
1992-09-11,0.44,0.44,0.42,0.43,0.34,179883200.0
1992-09-14,0.44,0.45,0.43,0.44,0.36,214681600.0
1992-09-15,0.44,0.44,0.43,0.43,0.35,218523200.0
1992-09-16,0.43,0.43,0.42,0.42,0.34,178718400.0
1992-09-17,0.42,0.42,0.41,0.41,0.33,172435200.0
1992-09-18,0.41,0.42,0.4,0.42,0.34,115606400.0
1992-09-21,0.42,0.43,0.41,0.42,0.34,89678400.0
1992-09-22,0.42,0.42,0.4,0.41,0.33,111540800.0
1992-09-23,0.41,0.42,0.41,0.42,0.34,123972800.0
1992-09-24,0.42,0.43,0.41,0.41,0.33,125652800.0
1992-09-25,0.41,0.42,0.4,0.41,0.33,137468800.0
1992-09-28,0.4,0.4,0.39,0.4,0.32,149520000.0
1992-09-29,0.4,0.41,0.39,0.4,0.32,157270400.0
1992-09-30,0.4,0.41,0.4,0.4,0.33,100049600.0
1992-10-01,0.4,0.4,0.4,0.4,0.32,122729600.0
1992-10-02,0.4,0.4,0.38,0.39,0.32,113545600.0
1992-10-05,0.39,0.39,0.37,0.39,0.31,264958400.0
1992-10-06,0.39,0.4,0.38,0.4,0.32,113444800.0
1992-10-07,0.4,0.4,0.39,0.39,0.32,113310400.0
1992-10-08,0.39,0.4,0.38,0.39,0.31,126974400.0
1992-10-09,0.39,0.39,0.38,0.39,0.31,58744000.0
1992-10-12,0.39,0.4,0.39,0.39,0.32,71635200.0
1992-10-13,0.4,0.41,0.39,0.41,0.33,147179200.0
1992-10-14,0.4,0.41,0.4,0.41,0.33,95726400.0
1992-10-15,0.41,0.41,0.4,0.41,0.33,75420800.0
1992-10-16,0.42,0.44,0.42,0.44,0.35,451348800.0
1992-10-19,0.44,0.44,0.43,0.44,0.35,196044800.0
1992-10-20,0.44,0.45,0.43,0.44,0.35,287246400.0
1992-10-21,0.44,0.44,0.43,0.43,0.35,114251200.0
1992-10-22,0.43,0.44,0.43,0.44,0.35,84470400.0
1992-10-23,0.44,0.44,0.43,0.44,0.35,91425600.0
1992-10-26,0.44,0.46,0.43,0.46,0.37,250689600.0
1992-10-27,0.46,0.47,0.46,0.46,0.37,211960000.0
1992-10-28,0.46,0.47,0.45,0.47,0.38,196593600.0
1992-10-29,0.47,0.48,0.46,0.48,0.38,213897600.0
1992-10-30,0.48,0.48,0.46,0.47,0.38,129830400.0
1992-11-02,0.47,0.47,0.46,0.47,0.38,170094400.0
1992-11-03,0.47,0.47,0.46,0.46,0.38,112750400.0
1992-11-04,0.46,0.47,0.46,0.47,0.38,141960000.0
1992-11-05,0.47,0.49,0.47,0.49,0.4,298054400.0
1992-11-06,0.49,0.5,0.49,0.5,0.4,263972800.0
1992-11-09,0.5,0.5,0.49,0.49,0.4,112929600.0
1992-11-10,0.49,0.5,0.49,0.5,0.41,122225600.0
1992-11-11,0.5,0.52,0.5,0.51,0.41,140425600.0
1992-11-12,0.51,0.51,0.5,0.51,0.41,107598400.0
1992-11-13,0.51,0.51,0.5,0.5,0.41,84750400.0
1992-11-16,0.5,0.52,0.5,0.51,0.41,67547200.0
1992-11-17,0.51,0.51,0.49,0.49,0.4,168806400.0
1992-11-18,0.5,0.52,0.5,0.52,0.42,304808000.0
1992-11-19,0.52,0.53,0.52,0.52,0.42,240542400.0
1992-11-20,0.52,0.52,0.51,0.51,0.41,155489600.0
1992-11-23,0.5,0.51,0.5,0.51,0.41,152723200.0
1992-11-24,0.51,0.51,0.5,0.51,0.41,156822400.0
1992-11-25,0.51,0.51,0.5,0.5,0.41,117342400.0
1992-11-27,0.5,0.51,0.5,0.5,0.41,47196800.0
1992-11-30,0.5,0.51,0.5,0.51,0.42,160507200.0
1992-12-01,0.51,0.53,0.51,0.52,0.42,130144000.0
1992-12-02,0.52,0.52,0.51,0.51,0.41,97776000.0
1992-12-03,0.5,0.51,0.5,0.51,0.42,187588800.0
1992-12-04,0.51,0.51,0.5,0.51,0.41,95782400.0
1992-12-07,0.51,0.52,0.51,0.52,0.42,144222400.0
1992-12-08,0.52,0.52,0.52,0.52,0.42,196638400.0
1992-12-09,0.52,0.52,0.51,0.51,0.42,159409600.0
1992-12-10,0.51,0.51,0.5,0.51,0.41,140190400.0
1992-12-11,0.51,0.52,0.51,0.51,0.42,120187200.0
1992-12-14,0.51,0.52,0.51,0.51,0.41,110510400.0
1992-12-15,0.51,0.51,0.5,0.5,0.41,182537600.0
1992-12-16,0.5,0.51,0.49,0.49,0.4,225926400.0
1992-12-17,0.49,0.51,0.49,0.51,0.41,233867200.0
1992-12-18,0.51,0.53,0.51,0.52,0.42,235457600.0
1992-12-21,0.52,0.54,0.52,0.53,0.43,256065600.0
1992-12-22,0.53,0.55,0.53,0.54,0.44,280168000.0
1992-12-23,0.54,0.54,0.53,0.53,0.43,112336000.0
1992-12-24,0.54,0.54,0.53,0.53,0.43,45964800.0
1992-12-28,0.53,0.53,0.53,0.53,0.43,70448000.0
1992-12-29,0.53,0.54,0.53,0.53,0.43,116278400.0
1992-12-30,0.53,0.53,0.52,0.52,0.42,100587200.0
1992-12-31,0.52,0.54,0.52,0.53,0.43,92232000.0
1993-01-04,0.53,0.54,0.52,0.52,0.42,129136000.0
1993-01-05,0.52,0.53,0.51,0.53,0.43,186256000.0
1993-01-06,0.54,0.55,0.54,0.55,0.45,281400000.0
1993-01-07,0.55,0.56,0.54,0.54,0.44,272137600.0
1993-01-08,0.54,0.56,0.53,0.56,0.45,320936000.0
1993-01-11,0.55,0.57,0.55,0.57,0.46,273728000.0
1993-01-12,0.56,0.57,0.55,0.55,0.44,346158400.0
1993-01-13,0.55,0.57,0.55,0.57,0.46,199640000.0
1993-01-14,0.57,0.58,0.57,0.58,0.47,367808000.0
1993-01-15,0.54,0.56,0.54,0.54,0.44,902630400.0
1993-01-18,0.53,0.54,0.52,0.53,0.43,333636800.0
1993-01-19,0.53,0.54,0.53,0.53,0.43,274041600.0
1993-01-20,0.53,0.54,0.53,0.54,0.43,158737600.0
1993-01-21,0.53,0.54,0.52,0.54,0.43,184419200.0
1993-01-22,0.54,0.54,0.53,0.53,0.43,146944000.0
1993-01-25,0.53,0.54,0.53,0.54,0.43,202272000.0
1993-01-26,0.54,0.55,0.54,0.54,0.44,285622400.0
1993-01-27,0.54,0.55,0.52,0.54,0.44,226620800.0
1993-01-28,0.54,0.54,0.53,0.53,0.43,184038400.0
1993-01-29,0.54,0.55,0.53,0.53,0.43,266100800.0
1993-02-01,0.53,0.55,0.53,0.55,0.44,240553600.0
1993-02-02,0.54,0.55,0.54,0.54,0.44,182336000.0
1993-02-03,0.54,0.54,0.52,0.54,0.43,264185600.0
1993-02-04,0.54,0.54,0.53,0.53,0.43,208152000.0
1993-02-05,0.53,0.53,0.5,0.51,0.41,367617600.0
1993-02-08,0.51,0.51,0.5,0.5,0.41,281075200.0
1993-02-09,0.51,0.51,0.5,0.51,0.41,238660800.0
1993-02-10,0.51,0.51,0.49,0.5,0.4,268284800.0
1993-02-11,0.5,0.5,0.49,0.49,0.4,168268800.0
1993-02-12,0.49,0.5,0.48,0.48,0.39,275396800.0
1993-02-16,0.48,0.48,0.46,0.47,0.38,407736000.0
1993-02-17,0.48,0.48,0.46,0.48,0.39,249580800.0
1993-02-18,0.49,0.49,0.48,0.49,0.4,280123200.0
1993-02-19,0.49,0.5,0.49,0.49,0.4,177800000.0
1993-02-22,0.49,0.5,0.49,0.49,0.4,98761600.0
1993-02-23,0.49,0.49,0.48,0.48,0.39,194073600.0
1993-02-24,0.47,0.48,0.47,0.48,0.39,286563200.0
1993-02-25,0.48,0.49,0.48,0.49,0.4,167227200.0
1993-02-26,0.48,0.48,0.47,0.47,0.38,294884800.0
1993-03-01,0.47,0.48,0.47,0.48,0.39,119302400.0
1993-03-02,0.47,0.49,0.47,0.48,0.39,147694400.0
1993-03-03,0.48,0.49,0.48,0.49,0.4,202697600.0
1993-03-04,0.49,0.49,0.48,0.49,0.4,188339200.0
1993-03-05,0.49,0.5,0.49,0.49,0.4,111619200.0
1993-03-08,0.49,0.51,0.49,0.5,0.41,177004800.0
1993-03-09,0.5,0.51,0.5,0.51,0.41,154828800.0
1993-03-10,0.51,0.51,0.5,0.51,0.41,132496000.0
1993-03-11,0.51,0.51,0.5,0.51,0.41,144614400.0
1993-03-12,0.51,0.51,0.5,0.5,0.41,126694400.0
1993-03-15,0.5,0.51,0.49,0.51,0.41,136035200.0
1993-03-16,0.51,0.52,0.5,0.5,0.41,101281600.0
1993-03-17,0.5,0.51,0.49,0.49,0.4,176220800.0
1993-03-18,0.49,0.5,0.49,0.49,0.39,106187200.0
1993-03-19,0.49,0.49,0.48,0.48,0.39,154100800.0
1993-03-22,0.48,0.48,0.47,0.48,0.39,165200000.0
1993-03-23,0.48,0.48,0.47,0.47,0.38,102536000.0
1993-03-24,0.47,0.48,0.47,0.48,0.39,143068800.0
1993-03-25,0.48,0.49,0.48,0.49,0.4,171046400.0
1993-03-26,0.49,0.49,0.47,0.48,0.39,151760000.0
1993-03-29,0.47,0.47,0.45,0.46,0.37,261710400.0
1993-03-30,0.46,0.47,0.45,0.47,0.38,264051200.0
1993-03-31,0.47,0.47,0.46,0.46,0.37,223036800.0
1993-04-01,0.46,0.46,0.46,0.46,0.37,108203200.0
1993-04-02,0.45,0.46,0.44,0.45,0.36,253792000.0
1993-04-05,0.45,0.45,0.44,0.45,0.36,149172800.0
1993-04-06,0.45,0.45,0.44,0.44,0.35,168369600.0
1993-04-07,0.44,0.45,0.43,0.45,0.37,162848000.0
1993-04-08,0.45,0.45,0.44,0.44,0.36,163430400.0
1993-04-12,0.44,0.46,0.44,0.45,0.36,93049600.0
1993-04-13,0.45,0.46,0.43,0.43,0.35,164483200.0
1993-04-14,0.43,0.44,0.43,0.44,0.35,170060800.0
1993-04-15,0.43,0.43,0.42,0.42,0.34,218702400.0
1993-04-16,0.43,0.44,0.42,0.43,0.35,686795200.0
1993-04-19,0.43,0.44,0.43,0.43,0.35,227864000.0
1993-04-20,0.44,0.45,0.43,0.45,0.36,240049600.0
1993-04-21,0.45,0.45,0.44,0.44,0.36,205273600.0
1993-04-22,0.44,0.45,0.44,0.45,0.36,157673600.0
1993-04-23,0.44,0.45,0.44,0.44,0.36,134142400.0
1993-04-26,0.44,0.44,0.43,0.44,0.35,102804800.0
1993-04-27,0.44,0.45,0.44,0.45,0.36,129673600.0
1993-04-28,0.44,0.46,0.44,0.46,0.37,163240000.0
1993-04-29,0.46,0.46,0.45,0.45,0.37,82443200.0
1993-04-30,0.45,0.47,0.45,0.46,0.37,132339200.0
1993-05-03,0.46,0.46,0.46,0.46,0.38,65184000.0
1993-05-04,0.47,0.48,0.46,0.48,0.39,170822400.0
1993-05-05,0.47,0.5,0.47,0.49,0.39,253064000.0
1993-05-06,0.49,0.49,0.48,0.48,0.39,70459200.0
1993-05-07,0.48,0.49,0.48,0.49,0.4,81894400.0
1993-05-10,0.49,0.5,0.49,0.49,0.4,137928000.0
1993-05-11,0.49,0.49,0.48,0.49,0.39,158379200.0
1993-05-12,0.48,0.49,0.47,0.48,0.39,105224000.0
1993-05-13,0.48,0.5,0.48,0.5,0.4,361726400.0
1993-05-14,0.49,0.5,0.49,0.5,0.4,117409600.0
1993-05-17,0.5,0.5,0.49,0.5,0.4,69641600.0
1993-05-18,0.5,0.5,0.49,0.5,0.4,163475200.0
1993-05-19,0.49,0.51,0.49,0.51,0.41,172771200.0
1993-05-20,0.51,0.53,0.51,0.52,0.43,290528000.0
1993-05-21,0.52,0.53,0.51,0.51,0.42,148198400.0
1993-05-24,0.51,0.52,0.51,0.51,0.42,150315200.0
1993-05-25,0.51,0.51,0.5,0.5,0.41,180723200.0
1993-05-26,0.5,0.52,0.49,0.52,0.42,121564800.0
1993-05-27,0.52,0.52,0.51,0.51,0.42,197288000.0
1993-05-28,0.51,0.51,0.5,0.51,0.41,183948800.0
1993-06-01,0.5,0.52,0.5,0.51,0.41,135072000.0
1993-06-02,0.51,0.52,0.5,0.51,0.41,200480000.0
1993-06-03,0.51,0.51,0.5,0.5,0.41,156856000.0
1993-06-04,0.5,0.5,0.49,0.49,0.4,213684800.0
1993-06-07,0.49,0.49,0.45,0.45,0.37,482305600.0
1993-06-08,0.44,0.45,0.43,0.44,0.36,621096000.0
1993-06-09,0.4,0.41,0.39,0.4,0.32,1178419200.0
1993-06-10,0.39,0.4,0.38,0.4,0.32,553705600.0
1993-06-11,0.4,0.4,0.39,0.39,0.32,242323200.0
1993-06-14,0.39,0.4,0.39,0.4,0.32,249491200.0
1993-06-15,0.4,0.4,0.37,0.38,0.3,448324800.0
1993-06-16,0.38,0.39,0.37,0.38,0.31,353080000.0
1993-06-17,0.38,0.38,0.36,0.37,0.3,409438400.0
1993-06-18,0.37,0.38,0.35,0.37,0.3,311292800.0
1993-06-21,0.36,0.36,0.35,0.35,0.29,273582400.0
1993-06-22,0.36,0.38,0.35,0.37,0.3,336380800.0
1993-06-23,0.37,0.37,0.36,0.36,0.29,180723200.0
1993-06-24,0.36,0.37,0.36,0.37,0.3,222835200.0
1993-06-25,0.36,0.36,0.35,0.36,0.29,257163200.0
1993-06-28,0.36,0.36,0.35,0.36,0.29,353617600.0
1993-06-29,0.36,0.36,0.34,0.35,0.28,294268800.0
1993-06-30,0.35,0.35,0.34,0.35,0.29,200256000.0
1993-07-01,0.35,0.35,0.34,0.34,0.28,218164800.0
1993-07-02,0.34,0.35,0.34,0.34,0.28,191632000.0
1993-07-06,0.34,0.35,0.33,0.34,0.27,155254400.0
1993-07-07,0.33,0.34,0.32,0.33,0.26,227035200.0
1993-07-08,0.33,0.33,0.32,0.33,0.26,138969600.0
1993-07-09,0.33,0.33,0.33,0.33,0.27,156878400.0
1993-07-12,0.33,0.34,0.32,0.34,0.28,173880000.0
1993-07-13,0.35,0.35,0.33,0.33,0.27,158110400.0
1993-07-14,0.33,0.33,0.32,0.33,0.27,246299200.0
1993-07-15,0.33,0.34,0.31,0.32,0.26,338038400.0
1993-07-16,0.25,0.26,0.24,0.25,0.2,2120596800.0
1993-07-19,0.25,0.26,0.23,0.23,0.19,806232000.0
1993-07-20,0.23,0.25,0.23,0.24,0.2,531910400.0
1993-07-21,0.23,0.24,0.23,0.23,0.19,455907200.0
1993-07-22,0.23,0.24,0.23,0.24,0.19,211176000.0
1993-07-23,0.24,0.25,0.23,0.23,0.19,233777600.0
1993-07-26,0.24,0.25,0.23,0.24,0.2,152824000.0
1993-07-27,0.24,0.25,0.23,0.24,0.19,198609600.0
1993-07-28,0.23,0.24,0.23,0.24,0.2,91795200.0
1993-07-29,0.24,0.25,0.24,0.24,0.2,121374400.0
1993-07-30,0.25,0.25,0.24,0.25,0.2,214446400.0
1993-08-02,0.25,0.26,0.25,0.25,0.21,216305600.0
1993-08-03,0.26,0.26,0.26,0.26,0.21,176478400.0
1993-08-04,0.26,0.27,0.26,0.27,0.22,242995200.0
1993-08-05,0.27,0.27,0.26,0.26,0.21,209372800.0
1993-08-06,0.26,0.27,0.26,0.26,0.21,125921600.0
1993-08-09,0.26,0.27,0.26,0.27,0.22,161414400.0
1993-08-10,0.26,0.27,0.25,0.25,0.21,152779200.0
1993-08-11,0.25,0.25,0.24,0.25,0.2,166969600.0
1993-08-12,0.25,0.25,0.23,0.24,0.19,338172800.0
1993-08-13,0.24,0.25,0.23,0.24,0.2,138812800.0
1993-08-16,0.25,0.25,0.24,0.25,0.2,102446400.0
1993-08-17,0.25,0.25,0.24,0.25,0.21,108180800.0
1993-08-18,0.26,0.27,0.25,0.25,0.21,188720000.0
1993-08-19,0.26,0.26,0.25,0.25,0.2,152129600.0
1993-08-20,0.25,0.25,0.24,0.25,0.2,99937600.0
1993-08-23,0.25,0.26,0.25,0.25,0.21,91179200.0
1993-08-24,0.25,0.26,0.25,0.25,0.2,101259200.0
1993-08-25,0.25,0.25,0.24,0.24,0.2,145768000.0
1993-08-26,0.24,0.24,0.24,0.24,0.2,176142400.0
1993-08-27,0.24,0.24,0.23,0.24,0.19,186569600.0
1993-08-30,0.24,0.24,0.23,0.23,0.19,273739200.0
1993-08-31,0.24,0.24,0.23,0.24,0.19,127870400.0
1993-09-01,0.24,0.24,0.23,0.23,0.19,225568000.0
1993-09-02,0.23,0.23,0.23,0.23,0.19,282262400.0
1993-09-03,0.23,0.23,0.23,0.23,0.19,162937600.0
1993-09-07,0.23,0.24,0.23,0.23,0.19,143539200.0
1993-09-08,0.23,0.24,0.23,0.24,0.2,226632000.0
1993-09-09,0.24,0.24,0.23,0.23,0.19,149531200.0
1993-09-10,0.23,0.23,0.23,0.23,0.19,134489600.0
1993-09-13,0.23,0.24,0.22,0.23,0.18,255785600.0
1993-09-14,0.22,0.22,0.21,0.22,0.18,276640000.0
1993-09-15,0.22,0.22,0.21,0.22,0.18,257723200.0
1993-09-16,0.22,0.22,0.22,0.22,0.18,85960000.0
1993-09-17,0.22,0.23,0.22,0.23,0.18,172032000.0
1993-09-20,0.23,0.23,0.22,0.22,0.18,111036800.0
1993-09-21,0.22,0.23,0.21,0.22,0.18,146496000.0
1993-09-22,0.22,0.23,0.22,0.23,0.19,110488000.0
1993-09-23,0.23,0.23,0.22,0.22,0.18,130950400.0
1993-09-24,0.22,0.23,0.22,0.22,0.18,76574400.0
1993-09-27,0.22,0.23,0.22,0.22,0.18,113176000.0
1993-09-28,0.22,0.22,0.22,0.22,0.18,94550400.0
1993-09-29,0.22,0.22,0.21,0.21,0.17,236745600.0
1993-09-30,0.21,0.21,0.21,0.21,0.17,274904000.0
1993-10-01,0.2,0.21,0.2,0.2,0.17,335988800.0
1993-10-04,0.2,0.21,0.2,0.2,0.17,192841600.0
1993-10-05,0.21,0.21,0.21,0.21,0.17,176310400.0
1993-10-06,0.21,0.21,0.21,0.21,0.17,175280000.0
1993-10-07,0.21,0.21,0.2,0.21,0.17,134904000.0
1993-10-08,0.21,0.21,0.2,0.2,0.16,139406400.0
1993-10-11,0.2,0.21,0.2,0.21,0.17,161145600.0
1993-10-12,0.21,0.22,0.21,0.21,0.17,306342400.0
1993-10-13,0.22,0.22,0.21,0.21,0.17,177004800.0
1993-10-14,0.21,0.22,0.21,0.21,0.17,160686400.0
1993-10-15,0.25,0.25,0.24,0.25,0.21,955248000.0
1993-10-18,0.25,0.26,0.25,0.25,0.21,332998400.0
1993-10-19,0.25,0.25,0.24,0.25,0.2,213572800.0
1993-10-20,0.25,0.25,0.24,0.25,0.2,138409600.0
1993-10-21,0.25,0.28,0.24,0.27,0.22,627110400.0
1993-10-22,0.27,0.28,0.27,0.27,0.22,396076800.0
1993-10-25,0.27,0.27,0.26,0.27,0.22,219128000.0
1993-10-26,0.27,0.27,0.26,0.27,0.22,222476800.0
1993-10-27,0.27,0.29,0.27,0.28,0.23,459065600.0
1993-10-28,0.28,0.29,0.28,0.28,0.23,244462400.0
1993-10-29,0.28,0.28,0.27,0.27,0.22,136864000.0
1993-11-01,0.27,0.28,0.27,0.28,0.23,105974400.0
1993-11-02,0.28,0.29,0.28,0.29,0.24,224246400.0
1993-11-03,0.29,0.29,0.28,0.28,0.23,176960000.0
1993-11-04,0.28,0.29,0.27,0.29,0.24,185371200.0
1993-11-05,0.28,0.29,0.27,0.28,0.23,378033600.0
1993-11-08,0.29,0.29,0.27,0.27,0.22,166992000.0
1993-11-09,0.28,0.28,0.27,0.27,0.22,171248000.0
1993-11-10,0.27,0.27,0.27,0.27,0.22,76977600.0
1993-11-11,0.27,0.29,0.27,0.28,0.23,142430400.0
1993-11-12,0.28,0.29,0.27,0.28,0.23,143662400.0
1993-11-15,0.28,0.29,0.28,0.29,0.23,157102400.0
1993-11-16,0.29,0.31,0.28,0.3,0.25,303083200.0
1993-11-17,0.3,0.31,0.29,0.3,0.24,302624000.0
1993-11-18,0.3,0.3,0.29,0.3,0.24,114408000.0
1993-11-19,0.29,0.3,0.29,0.29,0.24,122964800.0
1993-11-22,0.29,0.29,0.29,0.29,0.24,150606400.0
1993-11-23,0.29,0.29,0.28,0.29,0.24,186166400.0
1993-11-24,0.29,0.3,0.29,0.29,0.24,90440000.0
1993-11-26,0.29,0.29,0.29,0.29,0.24,43444800.0
1993-11-29,0.29,0.29,0.28,0.28,0.23,96712000.0
1993-11-30,0.28,0.29,0.28,0.28,0.23,112660800.0
1993-12-01,0.29,0.29,0.28,0.28,0.23,111216000.0
1993-12-02,0.28,0.29,0.28,0.28,0.23,100654400.0
1993-12-03,0.28,0.29,0.28,0.28,0.23,120467200.0
1993-12-06,0.28,0.29,0.28,0.29,0.24,156979200.0
1993-12-07,0.29,0.29,0.28,0.29,0.24,63851200.0
1993-12-08,0.29,0.29,0.28,0.28,0.23,39592000.0
1993-12-09,0.28,0.29,0.27,0.27,0.22,182761600.0
1993-12-10,0.27,0.27,0.25,0.25,0.21,497257600.0
1993-12-13,0.25,0.26,0.25,0.26,0.22,244328000.0
1993-12-14,0.26,0.27,0.26,0.26,0.21,293664000.0
1993-12-15,0.26,0.27,0.26,0.27,0.22,123883200.0
1993-12-16,0.26,0.27,0.26,0.26,0.21,126369600.0
1993-12-17,0.26,0.27,0.26,0.26,0.22,145152000.0
1993-12-20,0.26,0.27,0.25,0.25,0.21,189033600.0
1993-12-21,0.25,0.26,0.24,0.25,0.2,251126400.0
1993-12-22,0.24,0.25,0.24,0.25,0.2,181372800.0
1993-12-23,0.24,0.24,0.24,0.24,0.2,226956800.0
1993-12-27,0.25,0.26,0.24,0.25,0.21,159936000.0
1993-12-28,0.26,0.26,0.25,0.26,0.21,159499200.0
1993-12-29,0.26,0.26,0.25,0.25,0.21,107352000.0
1993-12-30,0.25,0.27,0.25,0.27,0.22,314552000.0
1993-12-31,0.27,0.27,0.26,0.26,0.21,160966400.0
1994-01-03,0.26,0.27,0.26,0.27,0.22,181529600.0
1994-01-04,0.27,0.28,0.27,0.28,0.23,285174400.0
1994-01-05,0.28,0.3,0.28,0.3,0.25,612136000.0
1994-01-06,0.3,0.3,0.29,0.29,0.24,366508800.0
1994-01-07,0.29,0.3,0.28,0.3,0.24,298793600.0
1994-01-10,0.29,0.3,0.29,0.3,0.25,201588800.0
1994-01-11,0.3,0.3,0.28,0.28,0.23,355398400.0
1994-01-12,0.29,0.29,0.27,0.27,0.22,439118400.0
1994-01-13,0.27,0.27,0.27,0.27,0.22,531596800.0
1994-01-14,0.27,0.28,0.27,0.28,0.23,214513600.0
1994-01-17,0.28,0.28,0.27,0.27,0.22,145712000.0
1994-01-18,0.27,0.27,0.26,0.26,0.21,362801600.0
1994-01-19,0.26,0.27,0.26,0.26,0.21,281590400.0
1994-01-20,0.26,0.27,0.26,0.27,0.22,268083200.0
1994-01-21,0.3,0.3,0.29,0.3,0.24,980134400.0
1994-01-24,0.3,0.31,0.3,0.31,0.26,692148800.0
1994-01-25,0.31,0.31,0.3,0.3,0.25,442332800.0
1994-01-26,0.3,0.3,0.3,0.3,0.25,165804800.0
1994-01-27,0.3,0.31,0.29,0.3,0.25,132249600.0
1994-01-28,0.31,0.31,0.3,0.3,0.25,136438400.0
1994-01-31,0.3,0.3,0.29,0.29,0.24,238380800.0
1994-02-01,0.29,0.3,0.29,0.3,0.24,156721600.0
1994-02-02,0.3,0.3,0.29,0.29,0.24,146451200.0
1994-02-03,0.29,0.3,0.29,0.3,0.25,137995200.0
1994-02-04,0.3,0.31,0.3,0.3,0.25,354009600.0
1994-02-07,0.3,0.33,0.3,0.33,0.27,725446400.0
1994-02-08,0.32,0.33,0.31,0.32,0.26,285387200.0
1994-02-09,0.32,0.33,0.31,0.32,0.27,186984000.0
1994-02-10,0.32,0.33,0.32,0.33,0.27,302030400.0
1994-02-11,0.32,0.33,0.32,0.33,0.27,164248000.0
1994-02-14,0.33,0.34,0.33,0.33,0.27,245548800.0
1994-02-15,0.33,0.33,0.32,0.33,0.27,129774400.0
1994-02-16,0.33,0.33,0.33,0.33,0.27,122024000.0
1994-02-17,0.33,0.34,0.32,0.33,0.27,145152000.0
1994-02-18,0.33,0.33,0.32,0.32,0.27,149072000.0
1994-02-22,0.32,0.33,0.32,0.33,0.27,214569600.0
1994-02-23,0.33,0.34,0.33,0.33,0.27,260534400.0
1994-02-24,0.33,0.33,0.32,0.33,0.27,197859200.0
1994-02-25,0.33,0.33,0.32,0.32,0.26,236824000.0
1994-02-28,0.32,0.33,0.32,0.33,0.27,123827200.0
1994-03-01,0.33,0.33,0.32,0.32,0.27,211870400.0
1994-03-02,0.31,0.32,0.31,0.32,0.26,294145600.0
1994-03-03,0.32,0.32,0.32,0.32,0.26,188473600.0
1994-03-04,0.32,0.33,0.32,0.33,0.27,226844800.0
1994-03-07,0.33,0.34,0.33,0.34,0.28,310396800.0
1994-03-08,0.34,0.34,0.33,0.33,0.27,186054400.0
1994-03-09,0.33,0.33,0.32,0.33,0.28,248539200.0
1994-03-10,0.33,0.34,0.33,0.33,0.27,143763200.0
1994-03-11,0.33,0.34,0.33,0.33,0.27,161840000.0
1994-03-14,0.34,0.34,0.34,0.34,0.28,441705600.0
1994-03-15,0.34,0.34,0.33,0.34,0.28,204545600.0
1994-03-16,0.33,0.34,0.33,0.33,0.27,147168000.0
1994-03-17,0.33,0.33,0.32,0.33,0.27,156228800.0
1994-03-18,0.33,0.33,0.32,0.32,0.27,223675200.0
1994-03-21,0.32,0.33,0.31,0.32,0.26,246512000.0
1994-03-22,0.31,0.32,0.31,0.31,0.26,242827200.0
1994-03-23,0.31,0.32,0.31,0.31,0.26,216686400.0
1994-03-24,0.31,0.31,0.3,0.31,0.25,188092800.0
1994-03-25,0.31,0.31,0.29,0.29,0.24,343638400.0
1994-03-28,0.29,0.3,0.29,0.3,0.24,282576000.0
1994-03-29,0.3,0.3,0.29,0.29,0.24,213516800.0
1994-03-30,0.29,0.3,0.28,0.29,0.24,169825600.0
1994-03-31,0.29,0.3,0.28,0.3,0.24,209059200.0
1994-04-04,0.29,0.3,0.28,0.3,0.24,168302400.0
1994-04-05,0.3,0.31,0.3,0.3,0.25,97899200.0
1994-04-06,0.3,0.3,0.29,0.3,0.25,129091200.0
1994-04-07,0.3,0.3,0.29,0.3,0.25,77369600.0
1994-04-08,0.3,0.3,0.3,0.3,0.25,176848000.0
1994-04-11,0.3,0.3,0.29,0.3,0.25,106825600.0
1994-04-12,0.3,0.3,0.28,0.29,0.23,136830400.0
1994-04-13,0.29,0.29,0.28,0.28,0.23,233139200.0
1994-04-14,0.27,0.28,0.27,0.28,0.23,221995200.0
1994-04-15,0.28,0.28,0.27,0.27,0.22,188350400.0
1994-04-18,0.27,0.27,0.26,0.26,0.22,230294400.0
1994-04-19,0.27,0.27,0.25,0.26,0.21,166252800.0
1994-04-20,0.26,0.27,0.25,0.25,0.21,281848000.0
1994-04-21,0.25,0.27,0.24,0.26,0.22,410536000.0
1994-04-22,0.28,0.29,0.25,0.27,0.22,697827200.0
1994-04-25,0.27,0.28,0.26,0.28,0.23,359240000.0
1994-04-26,0.28,0.28,0.28,0.28,0.23,164225600.0
1994-04-28,0.28,0.28,0.27,0.27,0.22,100475200.0
1994-04-29,0.27,0.27,0.27,0.27,0.22,94785600.0
1994-05-02,0.27,0.28,0.27,0.28,0.23,123222400.0
1994-05-03,0.28,0.28,0.26,0.27,0.22,132899200.0
1994-05-04,0.28,0.3,0.27,0.29,0.24,364156800.0
1994-05-05,0.3,0.3,0.29,0.29,0.24,288332800.0
1994-05-06,0.29,0.29,0.28,0.29,0.24,187779200.0
1994-05-09,0.29,0.29,0.27,0.28,0.23,140470400.0
1994-05-10,0.28,0.29,0.28,0.28,0.23,146843200.0
1994-05-11,0.28,0.28,0.27,0.27,0.22,145521600.0
1994-05-12,0.27,0.27,0.26,0.27,0.22,107105600.0
1994-05-13,0.27,0.27,0.26,0.27,0.22,92612800.0
1994-05-16,0.27,0.27,0.26,0.26,0.22,135385600.0
1994-05-17,0.27,0.27,0.26,0.26,0.22,180107200.0
1994-05-18,0.27,0.27,0.26,0.27,0.22,123860800.0
1994-05-19,0.27,0.29,0.27,0.29,0.24,273582400.0
1994-05-20,0.28,0.29,0.28,0.28,0.23,98145600.0
1994-05-23,0.28,0.28,0.27,0.27,0.22,119952000.0
1994-05-24,0.28,0.28,0.27,0.27,0.23,126448000.0
1994-05-25,0.27,0.28,0.27,0.28,0.23,136113600.0
1994-05-26,0.28,0.28,0.27,0.27,0.22,73035200.0
1994-05-27,0.27,0.27,0.26,0.27,0.22,108684800.0
1994-05-31,0.26,0.26,0.25,0.26,0.22,257398400.0
1994-06-01,0.25,0.26,0.25,0.25,0.21,385761600.0
1994-06-02,0.25,0.25,0.24,0.24,0.2,384921600.0
1994-06-03,0.24,0.25,0.24,0.25,0.2,353684800.0
1994-06-06,0.25,0.25,0.24,0.24,0.2,126033600.0
1994-06-07,0.24,0.25,0.24,0.25,0.2,140246400.0
1994-06-08,0.25,0.25,0.23,0.23,0.19,274164800.0
1994-06-09,0.23,0.24,0.23,0.24,0.2,293529600.0
1994-06-10,0.24,0.24,0.24,0.24,0.2,142732800.0
1994-06-13,0.24,0.24,0.24,0.24,0.2,92904000.0
1994-06-14,0.24,0.24,0.24,0.24,0.2,154358400.0
1994-06-15,0.24,0.25,0.24,0.25,0.21,159476800.0
1994-06-16,0.25,0.25,0.23,0.24,0.19,218220800.0
1994-06-17,0.23,0.24,0.23,0.24,0.2,224492800.0
1994-06-20,0.23,0.24,0.23,0.24,0.2,199897600.0
1994-06-21,0.24,0.24,0.23,0.23,0.19,243275200.0
1994-06-22,0.23,0.24,0.23,0.23,0.19,113859200.0
1994-06-23,0.23,0.23,0.22,0.22,0.19,203896000.0
1994-06-24,0.22,0.23,0.22,0.23,0.19,292857600.0
1994-06-27,0.23,0.23,0.22,0.23,0.19,255953600.0
1994-06-28,0.23,0.24,0.23,0.24,0.2,174227200.0
1994-06-29,0.24,0.24,0.23,0.23,0.19,135564800.0
1994-06-30,0.23,0.24,0.23,0.24,0.2,101729600.0
1994-07-01,0.24,0.24,0.23,0.23,0.19,179278400.0
1994-07-05,0.23,0.24,0.23,0.24,0.2,85848000.0
1994-07-06,0.23,0.24,0.23,0.23,0.19,97384000.0
1994-07-07,0.23,0.24,0.23,0.24,0.2,170150400.0
1994-07-08,0.24,0.25,0.24,0.24,0.2,208230400.0
1994-07-11,0.24,0.24,0.24,0.24,0.2,106422400.0
1994-07-12,0.24,0.25,0.24,0.25,0.21,242312000.0
1994-07-13,0.25,0.27,0.25,0.27,0.22,450262400.0
1994-07-14,0.26,0.27,0.25,0.26,0.21,180667200.0
1994-07-15,0.25,0.26,0.25,0.25,0.21,94964800.0
1994-07-18,0.25,0.26,0.25,0.25,0.21,76428800.0
1994-07-19,0.26,0.26,0.24,0.25,0.2,116368000.0
1994-07-20,0.24,0.25,0.24,0.24,0.2,217369600.0
1994-07-21,0.24,0.25,0.24,0.25,0.21,289475200.0
1994-07-22,0.28,0.29,0.27,0.28,0.23,786576000.0
1994-07-25,0.28,0.28,0.27,0.28,0.23,422654400.0
1994-07-26,0.28,0.29,0.28,0.28,0.23,188809600.0
1994-07-27,0.28,0.28,0.27,0.28,0.23,133784000.0
1994-07-28,0.28,0.29,0.28,0.28,0.23,245313600.0
1994-07-29,0.28,0.3,0.28,0.3,0.25,555766400.0
1994-08-01,0.3,0.3,0.29,0.3,0.25,229275200.0
1994-08-02,0.3,0.3,0.29,0.29,0.24,269561600.0
1994-08-03,0.29,0.3,0.29,0.3,0.24,226844800.0
1994-08-04,0.3,0.3,0.3,0.3,0.25,184755200.0
1994-08-05,0.29,0.3,0.29,0.3,0.25,87012800.0
1994-08-08,0.3,0.3,0.29,0.3,0.25,141276800.0
1994-08-09,0.3,0.3,0.3,0.3,0.25,78601600.0
1994-08-10,0.3,0.31,0.3,0.31,0.26,253568000.0
1994-08-11,0.31,0.31,0.3,0.31,0.25,298088000.0
1994-08-12,0.31,0.31,0.3,0.31,0.26,179648000.0
1994-08-15,0.31,0.31,0.31,0.31,0.26,120075200.0
1994-08-16,0.31,0.31,0.3,0.31,0.26,155736000.0
1994-08-17,0.31,0.32,0.31,0.31,0.26,286182400.0
1994-08-18,0.31,0.31,0.31,0.31,0.26,206259200.0
1994-08-19,0.31,0.31,0.31,0.31,0.26,130547200.0
1994-08-22,0.31,0.31,0.31,0.31,0.26,152420800.0
1994-08-23,0.31,0.32,0.31,0.31,0.26,214446400.0
1994-08-24,0.31,0.31,0.31,0.31,0.26,171584000.0
1994-08-25,0.31,0.32,0.31,0.31,0.26,298793600.0
1994-08-26,0.31,0.32,0.31,0.32,0.26,204198400.0
1994-08-29,0.32,0.32,0.31,0.32,0.26,152107200.0
1994-08-30,0.31,0.32,0.31,0.32,0.27,182078400.0
1994-08-31,0.32,0.33,0.32,0.32,0.27,351836800.0
1994-09-01,0.32,0.32,0.31,0.31,0.26,204288000.0
1994-09-02,0.31,0.32,0.31,0.32,0.26,101304000.0
1994-09-06,0.31,0.32,0.31,0.32,0.26,91425600.0
1994-09-07,0.32,0.33,0.32,0.32,0.27,203896000.0
1994-09-08,0.32,0.32,0.32,0.32,0.27,158838400.0
1994-09-09,0.32,0.32,0.32,0.32,0.26,157236800.0
1994-09-12,0.32,0.32,0.32,0.32,0.26,90540800.0
1994-09-13,0.32,0.32,0.32,0.32,0.26,104227200.0
1994-09-14,0.32,0.32,0.31,0.31,0.26,99086400.0
1994-09-15,0.31,0.32,0.31,0.32,0.27,258955200.0
1994-09-16,0.32,0.33,0.32,0.32,0.27,364145600.0
1994-09-19,0.32,0.33,0.32,0.32,0.26,174350400.0
1994-09-20,0.31,0.32,0.31,0.31,0.26,197254400.0
1994-09-21,0.31,0.31,0.3,0.3,0.25,234841600.0
1994-09-22,0.31,0.31,0.3,0.3,0.25,146238400.0
1994-09-23,0.3,0.31,0.3,0.3,0.25,132876800.0
1994-09-26,0.3,0.31,0.3,0.3,0.25,141702400.0
1994-09-27,0.3,0.3,0.3,0.3,0.25,109088000.0
1994-09-28,0.3,0.31,0.3,0.3,0.25,81267200.0
1994-09-29,0.3,0.31,0.3,0.3,0.25,109379200.0
1994-09-30,0.3,0.31,0.3,0.3,0.25,71702400.0
1994-10-03,0.3,0.3,0.29,0.3,0.25,129595200.0
1994-10-04,0.3,0.3,0.29,0.3,0.25,162388800.0
1994-10-05,0.3,0.34,0.3,0.34,0.28,709800000.0
1994-10-06,0.33,0.33,0.32,0.32,0.27,526915200.0
1994-10-07,0.32,0.33,0.32,0.33,0.27,364392000.0
1994-10-10,0.33,0.35,0.33,0.35,0.29,523409600.0
1994-10-11,0.37,0.37,0.35,0.35,0.29,842307200.0
1994-10-12,0.35,0.38,0.35,0.38,0.31,597318400.0
1994-10-13,0.38,0.38,0.36,0.37,0.3,525302400.0
1994-10-14,0.37,0.38,0.36,0.37,0.3,176052800.0
1994-10-17,0.36,0.37,0.35,0.35,0.29,303990400.0
1994-10-18,0.36,0.37,0.36,0.37,0.31,468686400.0
1994-10-19,0.37,0.38,0.37,0.37,0.31,351086400.0
1994-10-20,0.37,0.37,0.36,0.37,0.3,218142400.0
1994-10-21,0.36,0.38,0.36,0.38,0.32,322705600.0
1994-10-24,0.38,0.39,0.37,0.38,0.31,204500800.0
1994-10-25,0.37,0.38,0.37,0.38,0.32,301481600.0
1994-10-26,0.38,0.39,0.38,0.39,0.32,196772800.0
1994-10-27,0.39,0.39,0.38,0.38,0.32,159409600.0
1994-10-28,0.38,0.38,0.37,0.38,0.31,273324800.0
1994-10-31,0.38,0.39,0.37,0.39,0.32,355902400.0
1994-11-01,0.38,0.39,0.38,0.39,0.32,218097600.0
1994-11-02,0.39,0.39,0.37,0.37,0.31,218747200.0
1994-11-03,0.37,0.38,0.37,0.37,0.31,110521600.0
1994-11-04,0.37,0.37,0.36,0.36,0.3,192046400.0
1994-11-07,0.36,0.37,0.36,0.36,0.3,113041600.0
1994-11-08,0.36,0.38,0.36,0.38,0.31,348969600.0
1994-11-09,0.38,0.38,0.37,0.37,0.31,406336000.0
1994-11-10,0.37,0.37,0.37,0.37,0.31,152980800.0
1994-11-11,0.37,0.37,0.37,0.37,0.3,62272000.0
1994-11-14,0.37,0.38,0.37,0.38,0.31,139630400.0
1994-11-15,0.38,0.38,0.37,0.37,0.31,167619200.0
1994-11-16,0.36,0.37,0.36,0.37,0.3,187398400.0
1994-11-17,0.36,0.37,0.36,0.36,0.3,150438400.0
1994-11-18,0.36,0.36,0.35,0.36,0.3,147033600.0
1994-11-21,0.36,0.36,0.34,0.34,0.28,202596800.0
1994-11-22,0.34,0.35,0.33,0.33,0.28,224336000.0
1994-11-23,0.33,0.34,0.32,0.33,0.27,327812800.0
1994-11-25,0.33,0.34,0.33,0.34,0.28,84224000.0
1994-11-28,0.34,0.34,0.33,0.34,0.28,138678400.0
1994-11-29,0.34,0.34,0.34,0.34,0.28,144132800.0
1994-11-30,0.34,0.35,0.33,0.33,0.28,312032000.0
1994-12-01,0.33,0.34,0.32,0.32,0.27,309321600.0
1994-12-02,0.33,0.33,0.32,0.33,0.27,172256000.0
1994-12-05,0.33,0.33,0.32,0.33,0.28,180275200.0
1994-12-06,0.33,0.34,0.33,0.34,0.28,238089600.0
1994-12-07,0.33,0.34,0.32,0.33,0.27,137300800.0
1994-12-08,0.33,0.33,0.32,0.32,0.27,169859200.0
1994-12-09,0.32,0.32,0.31,0.32,0.27,260724800.0
1994-12-12,0.32,0.33,0.32,0.33,0.27,224078400.0
1994-12-13,0.33,0.33,0.32,0.32,0.27,119201600.0
1994-12-14,0.33,0.34,0.33,0.34,0.28,311427200.0
1994-12-15,0.34,0.34,0.33,0.33,0.28,227595200.0
1994-12-16,0.33,0.34,0.33,0.33,0.28,179782400.0
1994-12-19,0.33,0.35,0.33,0.35,0.29,332819200.0
1994-12-20,0.35,0.35,0.34,0.34,0.29,175145600.0
1994-12-21,0.34,0.34,0.33,0.34,0.28,157438400.0
1994-12-22,0.34,0.35,0.34,0.34,0.29,133078400.0
1994-12-23,0.34,0.35,0.34,0.35,0.29,93889600.0
1994-12-27,0.35,0.35,0.35,0.35,0.29,81916800.0
1994-12-28,0.35,0.35,0.34,0.35,0.29,89163200.0
1994-12-29,0.35,0.36,0.35,0.35,0.29,121340800.0
1994-12-30,0.35,0.36,0.35,0.35,0.29,73091200.0
1995-01-03,0.35,0.35,0.34,0.34,0.28,103868800.0
1995-01-04,0.34,0.35,0.34,0.35,0.29,158681600.0
1995-01-05,0.35,0.35,0.35,0.35,0.29,73640000.0
1995-01-06,0.37,0.39,0.37,0.38,0.31,1076622400.0
1995-01-09,0.37,0.37,0.37,0.37,0.31,274086400.0
1995-01-10,0.37,0.39,0.37,0.39,0.32,614790400.0
1995-01-11,0.39,0.43,0.38,0.42,0.35,873824000.0
1995-01-12,0.41,0.41,0.4,0.41,0.34,551779200.0
1995-01-13,0.41,0.41,0.4,0.4,0.33,351377600.0
1995-01-16,0.4,0.4,0.4,0.4,0.33,188977600.0
1995-01-17,0.4,0.41,0.39,0.4,0.33,330108800.0
1995-01-18,0.4,0.41,0.4,0.41,0.34,127657600.0
1995-01-19,0.41,0.41,0.4,0.41,0.34,314294400.0
1995-01-20,0.42,0.42,0.38,0.38,0.32,1000361600.0
1995-01-23,0.37,0.38,0.37,0.38,0.31,398540800.0
1995-01-24,0.38,0.38,0.37,0.37,0.31,218097600.0
1995-01-25,0.35,0.38,0.35,0.37,0.3,517070400.0
1995-01-26,0.36,0.37,0.35,0.35,0.29,246388800.0
1995-01-27,0.36,0.36,0.35,0.36,0.3,298569600.0
1995-01-30,0.36,0.36,0.36,0.36,0.3,230585600.0
1995-01-31,0.36,0.36,0.36,0.36,0.3,212777600.0
1995-02-01,0.36,0.36,0.36,0.36,0.3,158368000.0
1995-02-02,0.36,0.37,0.36,0.37,0.31,203582400.0
1995-02-03,0.38,0.38,0.36,0.36,0.3,319211200.0
1995-02-06,0.36,0.36,0.35,0.36,0.3,243028800.0
1995-02-07,0.36,0.37,0.36,0.36,0.3,201600000.0
1995-02-08,0.37,0.38,0.36,0.38,0.31,402864000.0
1995-02-09,0.38,0.39,0.38,0.39,0.32,475395200.0
1995-02-10,0.39,0.39,0.39,0.39,0.32,350963200.0
1995-02-13,0.39,0.4,0.39,0.39,0.33,283371200.0
1995-02-14,0.39,0.39,0.38,0.38,0.32,165614400.0
1995-02-15,0.39,0.39,0.38,0.38,0.32,184475200.0
1995-02-16,0.39,0.39,0.38,0.39,0.32,218780800.0
1995-02-17,0.38,0.38,0.38,0.38,0.32,121788800.0
1995-02-21,0.38,0.38,0.36,0.37,0.31,301582400.0
1995-02-22,0.36,0.37,0.36,0.36,0.3,293417600.0
1995-02-23,0.37,0.37,0.36,0.36,0.3,314708800.0
1995-02-24,0.36,0.36,0.34,0.35,0.29,568814400.0
1995-02-27,0.34,0.35,0.34,0.34,0.28,268811200.0
1995-02-28,0.34,0.36,0.34,0.35,0.29,222969600.0
1995-03-01,0.35,0.36,0.35,0.36,0.3,224448000.0
1995-03-02,0.36,0.36,0.35,0.36,0.3,268744000.0
1995-03-03,0.35,0.36,0.35,0.36,0.3,145768000.0
1995-03-06,0.35,0.36,0.35,0.35,0.3,132720000.0
1995-03-07,0.36,0.36,0.34,0.34,0.29,150785600.0
1995-03-08,0.35,0.36,0.34,0.35,0.29,364873600.0
1995-03-09,0.36,0.36,0.35,0.35,0.3,196683200.0
1995-03-10,0.35,0.36,0.35,0.35,0.29,137412800.0
1995-03-13,0.35,0.35,0.34,0.34,0.28,325752000.0
1995-03-14,0.34,0.34,0.31,0.31,0.26,727865600.0
1995-03-15,0.32,0.32,0.31,0.31,0.26,730968000.0
1995-03-16,0.31,0.32,0.31,0.31,0.26,316736000.0
1995-03-17,0.32,0.32,0.31,0.31,0.26,215644800.0
1995-03-20,0.31,0.32,0.31,0.31,0.26,189884800.0
1995-03-21,0.32,0.33,0.31,0.32,0.27,305368000.0
1995-03-22,0.32,0.35,0.32,0.34,0.28,479147200.0
1995-03-23,0.34,0.34,0.33,0.33,0.28,170094400.0
1995-03-24,0.33,0.34,0.33,0.34,0.28,128116800.0
1995-03-27,0.34,0.34,0.33,0.33,0.28,142800000.0
1995-03-28,0.32,0.32,0.3,0.31,0.26,689796800.0
1995-03-29,0.3,0.31,0.3,0.31,0.26,496876800.0
1995-03-30,0.31,0.32,0.31,0.32,0.26,273414400.0
1995-03-31,0.31,0.32,0.31,0.31,0.26,183243200.0
1995-04-03,0.32,0.32,0.31,0.32,0.26,154302400.0
1995-04-04,0.32,0.32,0.3,0.3,0.25,428198400.0
1995-04-05,0.3,0.31,0.3,0.31,0.26,264857600.0
1995-04-06,0.33,0.34,0.32,0.33,0.27,722825600.0
1995-04-07,0.33,0.33,0.32,0.33,0.27,295724800.0
1995-04-10,0.33,0.33,0.32,0.33,0.27,117801600.0
1995-04-11,0.33,0.34,0.33,0.34,0.28,214513600.0
1995-04-12,0.34,0.35,0.33,0.35,0.29,474712000.0
1995-04-13,0.35,0.35,0.34,0.34,0.28,174361600.0
1995-04-17,0.34,0.35,0.34,0.34,0.29,208812800.0
1995-04-18,0.34,0.34,0.33,0.33,0.28,231134400.0
1995-04-19,0.33,0.33,0.32,0.32,0.27,279428800.0
1995-04-20,0.33,0.34,0.33,0.34,0.28,329504000.0
1995-04-21,0.33,0.35,0.33,0.35,0.29,666624000.0
1995-04-24,0.35,0.35,0.34,0.35,0.29,272238400.0
1995-04-25,0.35,0.35,0.33,0.34,0.28,273638400.0
1995-04-26,0.34,0.35,0.33,0.34,0.28,230440000.0
1995-04-27,0.34,0.34,0.34,0.34,0.28,139865600.0
1995-04-28,0.34,0.34,0.33,0.34,0.28,195316800.0
1995-05-01,0.34,0.35,0.34,0.34,0.28,177956800.0
1995-05-02,0.34,0.34,0.33,0.34,0.28,120008000.0
1995-05-03,0.34,0.34,0.34,0.34,0.28,168784000.0
1995-05-04,0.34,0.36,0.34,0.34,0.29,303643200.0
1995-05-05,0.35,0.35,0.34,0.35,0.29,208006400.0
1995-05-08,0.36,0.37,0.35,0.36,0.3,386971200.0
1995-05-09,0.36,0.37,0.36,0.37,0.31,322929600.0
1995-05-10,0.37,0.37,0.36,0.37,0.31,275072000.0
1995-05-11,0.37,0.37,0.36,0.37,0.31,523622400.0
1995-05-12,0.36,0.39,0.36,0.39,0.32,647953600.0
1995-05-15,0.39,0.39,0.38,0.39,0.32,393355200.0
1995-05-16,0.39,0.4,0.38,0.39,0.33,332516800.0
1995-05-17,0.39,0.4,0.39,0.39,0.33,263144000.0
1995-05-18,0.39,0.39,0.39,0.39,0.32,371571200.0
1995-05-19,0.38,0.39,0.38,0.38,0.32,322593600.0
1995-05-22,0.38,0.39,0.38,0.39,0.33,371884800.0
1995-05-23,0.39,0.4,0.39,0.39,0.33,276662400.0
1995-05-24,0.39,0.4,0.38,0.39,0.32,264667200.0
1995-05-25,0.39,0.39,0.38,0.39,0.32,182862400.0
1995-05-26,0.38,0.39,0.38,0.38,0.32,114553600.0
1995-05-30,0.38,0.38,0.37,0.38,0.31,196380800.0
1995-05-31,0.38,0.38,0.37,0.37,0.31,159532800.0
1995-06-01,0.37,0.38,0.37,0.38,0.31,186726400.0
1995-06-02,0.37,0.38,0.37,0.38,0.31,105694400.0
1995-06-05,0.38,0.39,0.38,0.39,0.32,254654400.0
1995-06-06,0.39,0.4,0.39,0.39,0.33,315268800.0
1995-06-07,0.39,0.39,0.39,0.39,0.32,124521600.0
1995-06-08,0.39,0.39,0.38,0.38,0.32,136136000.0
1995-06-09,0.39,0.39,0.39,0.39,0.32,186625600.0
1995-06-12,0.39,0.4,0.39,0.39,0.33,212116800.0
1995-06-13,0.4,0.4,0.39,0.39,0.33,125944000.0
1995-06-14,0.39,0.39,0.39,0.39,0.33,118048000.0
1995-06-15,0.39,0.39,0.39,0.39,0.33,92758400.0
1995-06-16,0.39,0.39,0.39,0.39,0.33,89208000.0
1995-06-19,0.39,0.4,0.39,0.4,0.33,469537600.0
1995-06-20,0.41,0.43,0.41,0.42,0.35,738528000.0
1995-06-21,0.43,0.45,0.42,0.44,0.37,626012800.0
1995-06-22,0.44,0.44,0.43,0.44,0.37,473916800.0
1995-06-23,0.44,0.44,0.43,0.44,0.36,231963200.0
1995-06-26,0.43,0.43,0.43,0.43,0.36,152779200.0
1995-06-27,0.42,0.43,0.41,0.41,0.35,217100800.0
1995-06-28,0.41,0.42,0.41,0.42,0.35,266358400.0
1995-06-29,0.41,0.43,0.41,0.42,0.35,232556800.0
1995-06-30,0.42,0.43,0.41,0.41,0.35,165491200.0
1995-07-03,0.42,0.42,0.41,0.42,0.35,39390400.0
1995-07-05,0.42,0.43,0.42,0.42,0.35,177060800.0
1995-07-06,0.42,0.42,0.41,0.42,0.35,184094400.0
1995-07-07,0.42,0.44,0.42,0.43,0.36,387116800.0
1995-07-10,0.43,0.45,0.43,0.43,0.36,297931200.0
1995-07-11,0.43,0.43,0.42,0.42,0.35,214692800.0
1995-07-12,0.42,0.43,0.41,0.42,0.35,283808000.0
1995-07-13,0.42,0.44,0.42,0.43,0.36,352329600.0
1995-07-14,0.42,0.44,0.42,0.44,0.36,277928000.0
1995-07-17,0.44,0.44,0.43,0.44,0.37,226161600.0
1995-07-18,0.44,0.44,0.43,0.43,0.36,254632000.0
1995-07-19,0.42,0.43,0.4,0.41,0.34,521035200.0
1995-07-20,0.41,0.42,0.4,0.42,0.35,331273600.0
1995-07-21,0.38,0.4,0.38,0.39,0.33,757881600.0
1995-07-24,0.39,0.41,0.39,0.41,0.34,214625600.0
1995-07-25,0.41,0.41,0.41,0.41,0.34,263524800.0
1995-07-26,0.41,0.41,0.41,0.41,0.34,171449600.0
1995-07-27,0.41,0.42,0.41,0.42,0.35,325180800.0
1995-07-28,0.42,0.42,0.4,0.41,0.34,260937600.0
1995-07-31,0.41,0.41,0.4,0.4,0.34,158524800.0
1995-08-01,0.4,0.4,0.39,0.39,0.32,210918400.0
1995-08-02,0.39,0.4,0.39,0.4,0.33,275128000.0
1995-08-03,0.39,0.41,0.39,0.4,0.34,213931200.0
1995-08-04,0.4,0.4,0.39,0.4,0.33,192315200.0
1995-08-07,0.39,0.4,0.39,0.39,0.32,193760000.0
1995-08-08,0.39,0.39,0.38,0.38,0.32,234595200.0
1995-08-09,0.38,0.39,0.38,0.39,0.32,369017600.0
1995-08-10,0.39,0.39,0.38,0.38,0.32,164024000.0
1995-08-11,0.38,0.39,0.37,0.38,0.32,206931200.0
1995-08-14,0.38,0.39,0.38,0.39,0.32,167406400.0
1995-08-15,0.39,0.39,0.39,0.39,0.33,317867200.0
1995-08-16,0.39,0.4,0.39,0.4,0.33,292633600.0
1995-08-17,0.4,0.41,0.39,0.4,0.33,246892800.0
1995-08-18,0.4,0.4,0.39,0.4,0.34,241158400.0
1995-08-21,0.4,0.41,0.39,0.39,0.33,271779200.0
1995-08-22,0.4,0.4,0.39,0.4,0.33,217044800.0
1995-08-23,0.4,0.41,0.4,0.41,0.34,253803200.0
1995-08-24,0.41,0.41,0.41,0.41,0.34,287929600.0
1995-08-25,0.41,0.41,0.4,0.4,0.33,134344000.0
1995-08-28,0.4,0.4,0.38,0.38,0.32,243040000.0
1995-08-29,0.38,0.39,0.38,0.39,0.32,317060800.0
1995-08-30,0.39,0.39,0.39,0.39,0.32,153473600.0
1995-08-31,0.39,0.39,0.38,0.38,0.32,87864000.0
1995-09-01,0.38,0.39,0.38,0.38,0.32,98380800.0
1995-09-05,0.39,0.39,0.38,0.39,0.33,179972800.0
1995-09-06,0.39,0.39,0.39,0.39,0.33,200760000.0
1995-09-07,0.39,0.4,0.39,0.4,0.33,262326400.0
1995-09-08,0.4,0.4,0.4,0.4,0.33,174776000.0
1995-09-11,0.4,0.41,0.4,0.4,0.33,172491200.0
1995-09-12,0.4,0.4,0.38,0.38,0.32,326256000.0
1995-09-13,0.38,0.39,0.38,0.38,0.32,322750400.0
1995-09-14,0.37,0.37,0.35,0.36,0.3,550558400.0
1995-09-15,0.33,0.36,0.32,0.32,0.27,1211963200.0
1995-09-18,0.32,0.33,0.32,0.33,0.27,621488000.0
1995-09-19,0.33,0.33,0.32,0.33,0.27,490022400.0
1995-09-20,0.33,0.33,0.33,0.33,0.27,321809600.0
1995-09-21,0.33,0.33,0.32,0.33,0.28,347334400.0
1995-09-22,0.33,0.33,0.32,0.33,0.28,398641600.0
1995-09-25,0.34,0.34,0.33,0.33,0.28,315212800.0
1995-09-26,0.34,0.34,0.33,0.33,0.28,250902400.0
1995-09-27,0.33,0.33,0.31,0.32,0.27,451236800.0
1995-09-28,0.33,0.34,0.33,0.34,0.28,331184000.0
1995-09-29,0.34,0.34,0.33,0.33,0.28,283416000.0
1995-10-02,0.34,0.34,0.33,0.34,0.28,392000000.0
1995-10-03,0.34,0.34,0.33,0.34,0.28,289822400.0
1995-10-04,0.33,0.33,0.32,0.32,0.27,266772800.0
1995-10-05,0.32,0.33,0.32,0.33,0.27,244070400.0
1995-10-06,0.33,0.33,0.32,0.32,0.27,309041600.0
1995-10-09,0.32,0.32,0.31,0.31,0.26,372568000.0
1995-10-10,0.31,0.31,0.3,0.31,0.26,400265600.0
1995-10-11,0.31,0.32,0.3,0.31,0.26,332875200.0
1995-10-12,0.31,0.32,0.31,0.32,0.26,162052800.0
1995-10-13,0.32,0.33,0.32,0.32,0.27,235188800.0
1995-10-16,0.32,0.33,0.32,0.32,0.27,182067200.0
1995-10-17,0.33,0.33,0.32,0.33,0.27,178617600.0
1995-10-18,0.33,0.35,0.33,0.33,0.28,512400000.0
1995-10-19,0.32,0.32,0.31,0.31,0.26,944899200.0
1995-10-20,0.31,0.31,0.31,0.31,0.26,386332800.0
1995-10-23,0.31,0.31,0.31,0.31,0.26,197803200.0
1995-10-24,0.32,0.32,0.31,0.31,0.26,213494400.0
1995-10-25,0.31,0.32,0.31,0.31,0.26,133302400.0
1995-10-26,0.31,0.31,0.31,0.31,0.26,125865600.0
1995-10-27,0.31,0.31,0.3,0.31,0.26,154212800.0
1995-10-30,0.31,0.31,0.31,0.31,0.26,175638400.0
1995-10-31,0.31,0.33,0.31,0.32,0.27,289217600.0
1995-11-01,0.33,0.33,0.32,0.33,0.27,193233600.0
1995-11-02,0.33,0.33,0.32,0.33,0.27,152756800.0
1995-11-03,0.33,0.33,0.32,0.33,0.27,179435200.0
1995-11-06,0.33,0.35,0.32,0.34,0.29,311774400.0
1995-11-07,0.34,0.36,0.33,0.35,0.3,736388800.0
1995-11-08,0.35,0.37,0.35,0.35,0.29,358825600.0
1995-11-09,0.35,0.36,0.35,0.35,0.29,260108800.0
1995-11-10,0.35,0.36,0.35,0.35,0.3,223115200.0
1995-11-13,0.36,0.37,0.36,0.36,0.31,317374400.0
1995-11-14,0.37,0.38,0.37,0.37,0.31,407276800.0
1995-11-15,0.38,0.38,0.36,0.37,0.31,248136000.0
1995-11-16,0.36,0.37,0.35,0.36,0.3,226228800.0
1995-11-17,0.36,0.36,0.35,0.36,0.3,128531200.0
1995-11-20,0.36,0.36,0.34,0.34,0.29,148456000.0
1995-11-21,0.35,0.35,0.34,0.34,0.29,191609600.0
1995-11-22,0.34,0.35,0.34,0.34,0.29,98806400.0
1995-11-24,0.35,0.36,0.35,0.36,0.3,109950400.0
1995-11-27,0.36,0.36,0.35,0.35,0.3,115875200.0
1995-11-28,0.35,0.36,0.35,0.36,0.3,176288000.0
1995-11-29,0.36,0.36,0.35,0.35,0.29,105268800.0
1995-11-30,0.35,0.35,0.34,0.34,0.29,174854400.0
1995-12-01,0.34,0.34,0.33,0.34,0.28,204209600.0
1995-12-04,0.36,0.36,0.35,0.35,0.3,480681600.0
1995-12-05,0.34,0.36,0.34,0.35,0.3,363596800.0
1995-12-06,0.35,0.36,0.34,0.35,0.29,201107200.0
1995-12-07,0.35,0.35,0.34,0.34,0.29,141926400.0
1995-12-08,0.35,0.35,0.34,0.35,0.3,141355200.0
1995-12-11,0.35,0.35,0.34,0.34,0.29,111652800.0
1995-12-12,0.34,0.34,0.34,0.34,0.29,177553600.0
1995-12-13,0.34,0.35,0.33,0.34,0.29,684902400.0
1995-12-14,0.35,0.35,0.34,0.34,0.29,333502400.0
1995-12-15,0.32,0.33,0.31,0.31,0.26,726880000.0
1995-12-18,0.31,0.31,0.28,0.29,0.24,666534400.0
1995-12-19,0.29,0.3,0.29,0.29,0.25,430864000.0
1995-12-20,0.3,0.3,0.29,0.29,0.24,365736000.0
1995-12-21,0.29,0.29,0.28,0.29,0.24,332875200.0
1995-12-22,0.29,0.29,0.29,0.29,0.24,234662400.0
1995-12-26,0.29,0.29,0.28,0.29,0.24,139507200.0
1995-12-27,0.29,0.3,0.28,0.29,0.24,268564800.0
1995-12-28,0.29,0.29,0.28,0.29,0.24,249995200.0
1995-12-29,0.29,0.29,0.28,0.28,0.24,304136000.0
1996-01-02,0.29,0.29,0.28,0.29,0.24,139294400.0
1996-01-03,0.29,0.29,0.28,0.29,0.24,429833600.0
1996-01-04,0.29,0.29,0.28,0.28,0.24,300182400.0
1996-01-05,0.28,0.31,0.28,0.31,0.26,445928000.0
1996-01-08,0.31,0.32,0.3,0.31,0.26,121340800.0
1996-01-09,0.31,0.31,0.29,0.29,0.25,251216000.0
1996-01-10,0.29,0.31,0.29,0.31,0.26,365433600.0
1996-01-11,0.29,0.31,0.29,0.31,0.26,756739200.0
1996-01-12,0.31,0.31,0.3,0.3,0.25,401856000.0
1996-01-15,0.3,0.31,0.3,0.3,0.26,363081600.0
1996-01-16,0.31,0.31,0.3,0.31,0.26,352912000.0
1996-01-17,0.31,0.31,0.3,0.3,0.26,236409600.0
1996-01-18,0.29,0.3,0.27,0.29,0.24,698387200.0
1996-01-19,0.28,0.28,0.26,0.27,0.22,829225600.0
1996-01-22,0.27,0.28,0.26,0.27,0.23,499744000.0
1996-01-23,0.3,0.3,0.28,0.28,0.24,988288000.0
1996-01-24,0.29,0.29,0.28,0.29,0.24,655894400.0
1996-01-25,0.28,0.29,0.27,0.27,0.23,445200000.0
1996-01-26,0.27,0.28,0.26,0.27,0.23,735750400.0
1996-01-29,0.26,0.27,0.26,0.26,0.22,332595200.0
1996-01-30,0.24,0.25,0.24,0.24,0.2,622843200.0
1996-01-31,0.25,0.25,0.24,0.25,0.21,328059200.0
1996-02-01,0.25,0.25,0.25,0.25,0.21,333043200.0
1996-02-02,0.26,0.26,0.26,0.26,0.22,555979200.0
1996-02-05,0.27,0.27,0.26,0.26,0.22,318729600.0
1996-02-06,0.26,0.27,0.26,0.26,0.22,226217600.0
1996-02-07,0.27,0.27,0.25,0.25,0.21,360326400.0
1996-02-08,0.25,0.25,0.25,0.25,0.21,263166400.0
1996-02-09,0.25,0.25,0.25,0.25,0.21,205688000.0
1996-02-12,0.25,0.25,0.25,0.25,0.21,194275200.0
1996-02-13,0.25,0.26,0.25,0.25,0.21,228502400.0
1996-02-14,0.25,0.25,0.24,0.25,0.21,163184000.0
1996-02-15,0.25,0.25,0.24,0.25,0.21,122080000.0
1996-02-16,0.25,0.25,0.25,0.25,0.21,156441600.0
1996-02-20,0.25,0.26,0.25,0.26,0.22,376913600.0
1996-02-21,0.26,0.27,0.26,0.26,0.22,221838400.0
1996-02-22,0.27,0.27,0.26,0.27,0.22,184184000.0
1996-02-23,0.27,0.27,0.26,0.27,0.22,173286400.0
1996-02-26,0.27,0.27,0.26,0.26,0.22,118283200.0
1996-02-27,0.27,0.27,0.25,0.26,0.21,149161600.0
1996-02-28,0.26,0.26,0.25,0.25,0.21,187913600.0
1996-02-29,0.25,0.25,0.24,0.25,0.21,112884800.0
1996-03-01,0.25,0.25,0.24,0.24,0.2,231134400.0
1996-03-04,0.24,0.24,0.23,0.23,0.2,187555200.0
1996-03-05,0.24,0.24,0.23,0.24,0.2,118440000.0
1996-03-06,0.24,0.24,0.23,0.23,0.2,99052800.0
1996-03-07,0.23,0.24,0.23,0.23,0.19,260064000.0
1996-03-08,0.23,0.23,0.22,0.23,0.2,149004800.0
1996-03-11,0.23,0.24,0.23,0.23,0.19,127008000.0
1996-03-12,0.23,0.24,0.23,0.23,0.19,96152000.0
1996-03-13,0.23,0.23,0.23,0.23,0.19,99680000.0
1996-03-14,0.23,0.23,0.23,0.23,0.19,93363200.0
1996-03-15,0.23,0.23,0.23,0.23,0.19,101382400.0
1996-03-18,0.23,0.23,0.23,0.23,0.2,109132800.0
1996-03-19,0.24,0.24,0.23,0.23,0.19,124364800.0
1996-03-20,0.23,0.23,0.22,0.23,0.19,115987200.0
1996-03-21,0.23,0.23,0.22,0.22,0.19,109984000.0
1996-03-22,0.23,0.23,0.22,0.23,0.19,107564800.0
1996-03-25,0.23,0.23,0.21,0.21,0.18,164371200.0
1996-03-26,0.21,0.22,0.21,0.21,0.18,160798400.0
1996-03-27,0.21,0.23,0.21,0.23,0.19,429296000.0
1996-03-28,0.22,0.23,0.22,0.22,0.18,295892800.0
1996-03-29,0.22,0.22,0.21,0.22,0.18,166521600.0
1996-04-01,0.22,0.23,0.22,0.23,0.19,158636800.0
1996-04-02,0.23,0.23,0.22,0.22,0.19,101438400.0
1996-04-03,0.22,0.22,0.22,0.22,0.18,72240000.0
1996-04-04,0.22,0.22,0.21,0.22,0.18,86049600.0
1996-04-08,0.21,0.22,0.21,0.22,0.18,168828800.0
1996-04-09,0.22,0.24,0.22,0.23,0.2,235076800.0
1996-04-10,0.23,0.24,0.23,0.23,0.2,174764800.0
1996-04-11,0.23,0.23,0.23,0.23,0.19,98268800.0
1996-04-12,0.23,0.23,0.23,0.23,0.19,81435200.0
1996-04-15,0.23,0.23,0.22,0.23,0.19,154078400.0
1996-04-16,0.23,0.23,0.23,0.23,0.19,101416000.0
1996-04-17,0.23,0.23,0.22,0.23,0.19,85411200.0
1996-04-18,0.23,0.23,0.22,0.22,0.19,217246400.0
1996-04-19,0.22,0.22,0.22,0.22,0.19,101796800.0
1996-04-22,0.23,0.23,0.22,0.22,0.19,111115200.0
1996-04-23,0.22,0.23,0.22,0.22,0.19,169948800.0
1996-04-24,0.22,0.22,0.22,0.22,0.18,128340800.0
1996-04-25,0.22,0.22,0.22,0.22,0.19,174406400.0
1996-04-26,0.22,0.22,0.22,0.22,0.19,188865600.0
1996-04-29,0.22,0.22,0.22,0.22,0.19,121049600.0
1996-04-30,0.22,0.22,0.22,0.22,0.18,136662400.0
1996-05-01,0.22,0.22,0.22,0.22,0.18,112705600.0
1996-05-02,0.22,0.22,0.21,0.21,0.18,188305600.0
1996-05-03,0.22,0.22,0.21,0.21,0.18,108460800.0
1996-05-06,0.22,0.23,0.22,0.23,0.19,289486400.0
1996-05-07,0.24,0.24,0.23,0.24,0.2,353539200.0
1996-05-08,0.24,0.24,0.23,0.24,0.2,186793600.0
1996-05-09,0.24,0.24,0.23,0.23,0.2,98078400.0
1996-05-10,0.23,0.24,0.23,0.24,0.2,110588800.0
1996-05-13,0.24,0.25,0.24,0.24,0.2,187017600.0
1996-05-14,0.25,0.25,0.25,0.25,0.21,197624000.0
1996-05-15,0.25,0.26,0.25,0.25,0.21,292364800.0
1996-05-16,0.25,0.26,0.25,0.25,0.21,130076800.0
1996-05-17,0.25,0.25,0.25,0.25,0.21,123300800.0
1996-05-20,0.25,0.25,0.25,0.25,0.21,84515200.0
1996-05-21,0.25,0.25,0.24,0.24,0.2,114385600.0
1996-05-22,0.24,0.24,0.23,0.23,0.2,201880000.0
1996-05-23,0.23,0.24,0.23,0.23,0.2,124051200.0
1996-05-24,0.23,0.24,0.23,0.24,0.2,113243200.0
1996-05-28,0.24,0.24,0.24,0.24,0.2,101852800.0
1996-05-29,0.23,0.23,0.22,0.22,0.19,219520000.0
1996-05-30,0.22,0.23,0.22,0.23,0.19,103465600.0
1996-05-31,0.23,0.24,0.23,0.23,0.2,162646400.0
1996-06-03,0.23,0.23,0.22,0.22,0.19,125462400.0
1996-06-04,0.21,0.22,0.21,0.22,0.18,762238400.0
1996-06-05,0.23,0.23,0.22,0.22,0.19,510104000.0
1996-06-06,0.22,0.23,0.22,0.22,0.18,362096000.0
1996-06-07,0.21,0.22,0.21,0.22,0.18,267769600.0
1996-06-10,0.22,0.22,0.21,0.22,0.18,106366400.0
1996-06-11,0.22,0.22,0.21,0.21,0.18,153059200.0
1996-06-12,0.22,0.22,0.21,0.22,0.18,151916800.0
1996-06-13,0.22,0.22,0.21,0.22,0.18,191419200.0
1996-06-14,0.22,0.22,0.21,0.21,0.18,144961600.0
1996-06-17,0.22,0.22,0.21,0.21,0.18,112929600.0
1996-06-18,0.21,0.21,0.2,0.2,0.17,223227200.0
1996-06-19,0.21,0.21,0.2,0.21,0.17,134467200.0
1996-06-20,0.21,0.21,0.2,0.2,0.17,147089600.0
1996-06-21,0.2,0.2,0.2,0.2,0.17,161851200.0
1996-06-24,0.2,0.2,0.2,0.2,0.17,122763200.0
1996-06-25,0.2,0.2,0.18,0.18,0.15,246960000.0
1996-06-26,0.18,0.19,0.18,0.18,0.15,404331200.0
1996-06-27,0.18,0.19,0.18,0.18,0.15,229241600.0
1996-06-28,0.19,0.19,0.18,0.19,0.16,115684800.0
1996-07-01,0.19,0.19,0.19,0.19,0.16,131980800.0
1996-07-02,0.19,0.19,0.19,0.19,0.16,89006400.0
1996-07-03,0.18,0.18,0.17,0.17,0.15,288612800.0
1996-07-05,0.17,0.18,0.17,0.17,0.15,106153600.0
1996-07-08,0.18,0.18,0.17,0.17,0.14,188910400.0
1996-07-09,0.17,0.18,0.17,0.17,0.14,187824000.0
1996-07-10,0.17,0.17,0.17,0.17,0.14,169388800.0
1996-07-11,0.17,0.17,0.16,0.16,0.13,291155200.0
1996-07-12,0.16,0.16,0.15,0.16,0.14,268990400.0
1996-07-15,0.16,0.16,0.15,0.15,0.13,133224000.0
1996-07-16,0.16,0.16,0.14,0.15,0.13,289217600.0
1996-07-17,0.16,0.16,0.15,0.15,0.13,233598400.0
1996-07-18,0.19,0.19,0.18,0.19,0.16,897052800.0
1996-07-19,0.19,0.19,0.19,0.19,0.16,265977600.0
1996-07-22,0.19,0.19,0.18,0.18,0.15,152208000.0
1996-07-23,0.18,0.18,0.18,0.18,0.15,130121600.0
1996-07-24,0.18,0.19,0.18,0.19,0.16,264073600.0
1996-07-25,0.19,0.19,0.19,0.19,0.16,114430400.0
1996-07-26,0.19,0.2,0.19,0.2,0.17,123681600.0
1996-07-29,0.2,0.2,0.19,0.2,0.17,195697600.0
1996-07-30,0.2,0.2,0.19,0.19,0.16,189403200.0
1996-07-31,0.19,0.2,0.19,0.2,0.17,92780800.0
1996-08-01,0.2,0.2,0.19,0.19,0.16,110163200.0
1996-08-02,0.19,0.2,0.19,0.19,0.16,127948800.0
1996-08-05,0.19,0.2,0.19,0.19,0.16,101012800.0
1996-08-06,0.19,0.19,0.19,0.19,0.16,93587200.0
1996-08-07,0.19,0.2,0.19,0.2,0.17,248460800.0
1996-08-08,0.2,0.2,0.2,0.2,0.17,101516800.0
1996-08-09,0.2,0.21,0.2,0.21,0.17,230787200.0
1996-08-12,0.21,0.21,0.2,0.21,0.17,151345600.0
1996-08-13,0.2,0.21,0.2,0.2,0.17,103510400.0
1996-08-14,0.2,0.21,0.2,0.2,0.17,71859200.0
1996-08-15,0.2,0.2,0.2,0.2,0.17,107620800.0
1996-08-16,0.2,0.2,0.2,0.2,0.17,141758400.0
1996-08-19,0.2,0.21,0.2,0.21,0.18,226318400.0
1996-08-20,0.21,0.21,0.21,0.21,0.18,211758400.0
1996-08-21,0.21,0.21,0.2,0.21,0.17,113344000.0
1996-08-22,0.21,0.21,0.2,0.21,0.17,87684800.0
1996-08-23,0.21,0.21,0.21,0.21,0.18,203459200.0
1996-08-26,0.21,0.22,0.21,0.22,0.18,89678400.0
1996-08-27,0.22,0.22,0.21,0.22,0.19,289307200.0
1996-08-28,0.22,0.22,0.22,0.22,0.19,163598400.0
1996-08-29,0.22,0.22,0.22,0.22,0.18,106926400.0
1996-08-30,0.22,0.22,0.22,0.22,0.18,105728000.0
1996-09-03,0.22,0.22,0.21,0.22,0.18,68297600.0
1996-09-04,0.21,0.22,0.21,0.22,0.18,101449600.0
1996-09-05,0.21,0.21,0.2,0.2,0.17,279585600.0
1996-09-06,0.21,0.21,0.2,0.21,0.17,240833600.0
1996-09-09,0.2,0.2,0.2,0.2,0.17,148243200.0
1996-09-10,0.2,0.2,0.19,0.19,0.16,155713600.0
1996-09-11,0.19,0.19,0.19,0.19,0.16,147201600.0
1996-09-12,0.19,0.19,0.18,0.18,0.15,260915200.0
1996-09-13,0.18,0.19,0.18,0.19,0.16,166611200.0
1996-09-16,0.19,0.21,0.19,0.2,0.17,244652800.0
1996-09-17,0.2,0.21,0.2,0.21,0.17,209171200.0
1996-09-18,0.21,0.22,0.2,0.21,0.18,353360000.0
1996-09-19,0.21,0.21,0.21,0.21,0.18,119470400.0
1996-09-20,0.21,0.21,0.2,0.2,0.17,149150400.0
1996-09-23,0.2,0.2,0.2,0.2,0.17,45763200.0
1996-09-24,0.2,0.2,0.2,0.2,0.17,143785600.0
1996-09-25,0.2,0.2,0.2,0.2,0.17,109043200.0
1996-09-26,0.2,0.2,0.2,0.2,0.17,103286400.0
1996-09-27,0.2,0.2,0.2,0.2,0.17,81569600.0
1996-09-30,0.2,0.2,0.2,0.2,0.17,85444800.0
1996-10-01,0.2,0.22,0.2,0.22,0.18,539246400.0
1996-10-02,0.21,0.22,0.21,0.21,0.18,276819200.0
1996-10-03,0.21,0.21,0.2,0.2,0.17,227718400.0
1996-10-04,0.2,0.21,0.2,0.2,0.17,133459200.0
1996-10-07,0.21,0.21,0.2,0.21,0.17,95715200.0
1996-10-08,0.21,0.22,0.21,0.21,0.17,190433600.0
1996-10-09,0.21,0.21,0.2,0.21,0.17,85209600.0
1996-10-10,0.21,0.22,0.21,0.22,0.18,276696000.0
1996-10-11,0.22,0.22,0.21,0.22,0.18,120691200.0
1996-10-14,0.22,0.23,0.22,0.23,0.19,269684800.0
1996-10-15,0.23,0.23,0.22,0.23,0.19,363059200.0
1996-10-16,0.23,0.23,0.22,0.23,0.19,334745600.0
1996-10-17,0.25,0.25,0.24,0.24,0.2,1026625600.0
1996-10-18,0.24,0.24,0.23,0.24,0.2,382659200.0
1996-10-21,0.24,0.24,0.23,0.23,0.19,187611200.0
1996-10-22,0.23,0.23,0.22,0.22,0.19,213718400.0
1996-10-23,0.22,0.23,0.22,0.22,0.19,160059200.0
1996-10-24,0.22,0.22,0.22,0.22,0.19,84369600.0
1996-10-25,0.22,0.22,0.22,0.22,0.18,77560000.0
1996-10-28,0.22,0.22,0.22,0.22,0.18,119996800.0
1996-10-29,0.22,0.22,0.21,0.21,0.17,199628800.0
1996-10-30,0.21,0.21,0.2,0.2,0.17,257051200.0
1996-10-31,0.21,0.21,0.2,0.21,0.17,194219200.0
1996-11-01,0.21,0.22,0.21,0.22,0.18,211332800.0
1996-11-04,0.22,0.22,0.21,0.22,0.18,91268800.0
1996-11-05,0.22,0.23,0.22,0.23,0.19,378112000.0
1996-11-06,0.23,0.23,0.22,0.23,0.19,180308800.0
1996-11-07,0.23,0.23,0.23,0.23,0.19,155075200.0
1996-11-08,0.23,0.23,0.23,0.23,0.2,188708800.0
1996-11-11,0.24,0.24,0.23,0.23,0.2,92534400.0
1996-11-12,0.23,0.23,0.22,0.23,0.19,142956800.0
1996-11-13,0.23,0.23,0.22,0.23,0.19,83608000.0
1996-11-14,0.23,0.23,0.23,0.23,0.19,48529600.0
1996-11-15,0.23,0.23,0.22,0.22,0.19,130715200.0
1996-11-18,0.22,0.22,0.22,0.22,0.19,152835200.0
1996-11-19,0.22,0.22,0.22,0.22,0.19,124432000.0
1996-11-20,0.22,0.23,0.22,0.22,0.19,103096000.0
1996-11-21,0.22,0.22,0.22,0.22,0.18,70604800.0
1996-11-22,0.22,0.23,0.22,0.23,0.19,103980800.0
1996-11-25,0.23,0.23,0.22,0.22,0.19,78948800.0
1996-11-26,0.22,0.22,0.21,0.22,0.18,112985600.0
1996-11-27,0.22,0.22,0.22,0.22,0.18,89040000.0
1996-11-29,0.22,0.22,0.21,0.22,0.18,42291200.0
1996-12-02,0.22,0.22,0.21,0.22,0.19,174977600.0
1996-12-03,0.23,0.23,0.22,0.22,0.19,275531200.0
1996-12-04,0.22,0.23,0.22,0.22,0.19,190825600.0
1996-12-05,0.22,0.23,0.22,0.22,0.19,142139200.0
1996-12-06,0.22,0.23,0.21,0.22,0.19,229387200.0
1996-12-09,0.23,0.23,0.22,0.22,0.19,158648000.0
1996-12-10,0.22,0.22,0.22,0.22,0.18,184284800.0
1996-12-11,0.21,0.22,0.21,0.21,0.18,163363200.0
1996-12-12,0.22,0.22,0.21,0.21,0.18,87001600.0
1996-12-13,0.21,0.21,0.21,0.21,0.17,89096000.0
1996-12-16,0.21,0.21,0.2,0.2,0.17,149240000.0
1996-12-17,0.2,0.2,0.2,0.2,0.17,157248000.0
1996-12-18,0.2,0.21,0.2,0.21,0.17,205072000.0
1996-12-19,0.21,0.21,0.2,0.2,0.17,136886400.0
1996-12-20,0.2,0.21,0.19,0.21,0.18,546436800.0
1996-12-23,0.21,0.22,0.21,0.21,0.17,332304000.0
1996-12-24,0.21,0.21,0.2,0.21,0.17,57612800.0
1996-12-26,0.21,0.21,0.2,0.21,0.17,84884800.0
1996-12-27,0.2,0.21,0.2,0.21,0.17,136998400.0
1996-12-30,0.21,0.21,0.19,0.19,0.16,261800000.0
1996-12-31,0.19,0.19,0.19,0.19,0.16,383745600.0
1997-01-02,0.19,0.19,0.19,0.19,0.16,143113600.0
1997-01-03,0.19,0.2,0.19,0.19,0.16,119716800.0
1997-01-06,0.16,0.16,0.15,0.16,0.13,1882832000.0
1997-01-07,0.16,0.16,0.16,0.16,0.13,976931200.0
1997-01-08,0.16,0.16,0.16,0.16,0.13,1100131200.0
1997-01-09,0.16,0.16,0.16,0.16,0.13,446656000.0
1997-01-10,0.16,0.16,0.16,0.16,0.14,353718400.0
1997-01-13,0.17,0.17,0.16,0.16,0.14,305748800.0
1997-01-14,0.16,0.16,0.16,0.16,0.13,255774400.0
1997-01-15,0.16,0.16,0.15,0.15,0.13,433092800.0
1997-01-16,0.15,0.15,0.15,0.15,0.13,671305600.0
1997-01-17,0.15,0.15,0.15,0.15,0.13,325147200.0
1997-01-20,0.15,0.15,0.15,0.15,0.13,291625600.0
1997-01-21,0.15,0.15,0.15,0.15,0.13,284827200.0
1997-01-22,0.16,0.16,0.15,0.15,0.13,205620800.0
1997-01-23,0.15,0.16,0.15,0.15,0.13,172345600.0
1997-01-24,0.15,0.15,0.15,0.15,0.13,188283200.0
1997-01-27,0.15,0.15,0.15,0.15,0.12,214043200.0
1997-01-28,0.15,0.15,0.15,0.15,0.12,210560000.0
1997-01-29,0.15,0.15,0.15,0.15,0.12,151704000.0
1997-01-30,0.15,0.15,0.15,0.15,0.13,139932800.0
1997-01-31,0.15,0.15,0.15,0.15,0.12,199628800.0
1997-02-03,0.15,0.15,0.15,0.15,0.12,368110400.0
1997-02-04,0.15,0.15,0.14,0.14,0.12,712644800.0
1997-02-05,0.14,0.14,0.14,0.14,0.11,394486400.0
1997-02-06,0.14,0.14,0.14,0.14,0.12,399504000.0
1997-02-07,0.15,0.15,0.14,0.14,0.12,235267200.0
1997-02-10,0.14,0.14,0.14,0.14,0.12,185404800.0
1997-02-11,0.14,0.14,0.14,0.14,0.12,140078400.0
1997-02-12,0.14,0.14,0.14,0.14,0.12,176265600.0
1997-02-13,0.14,0.14,0.14,0.14,0.12,195832000.0
1997-02-14,0.15,0.15,0.14,0.15,0.12,237249600.0
1997-02-18,0.15,0.16,0.15,0.16,0.13,368278400.0
1997-02-19,0.16,0.16,0.15,0.16,0.13,241292800.0
1997-02-20,0.16,0.16,0.15,0.15,0.13,124947200.0
1997-02-21,0.15,0.15,0.14,0.15,0.12,211086400.0
1997-02-24,0.15,0.15,0.15,0.15,0.12,117588800.0
1997-02-25,0.15,0.16,0.15,0.15,0.13,138084800.0
1997-02-26,0.15,0.15,0.15,0.15,0.13,103174400.0
1997-02-27,0.15,0.15,0.15,0.15,0.13,102995200.0
1997-02-28,0.15,0.15,0.15,0.15,0.12,121878400.0
1997-03-03,0.15,0.15,0.14,0.14,0.12,130457600.0
1997-03-04,0.15,0.15,0.14,0.15,0.12,103196800.0
1997-03-05,0.15,0.15,0.15,0.15,0.13,96163200.0
1997-03-06,0.15,0.15,0.15,0.15,0.12,116289600.0
1997-03-07,0.15,0.15,0.15,0.15,0.12,70616000.0
1997-03-10,0.15,0.15,0.15,0.15,0.12,99187200.0
1997-03-11,0.15,0.15,0.14,0.15,0.12,98504000.0
1997-03-12,0.15,0.15,0.14,0.15,0.12,70996800.0
1997-03-13,0.15,0.15,0.14,0.15,0.12,105089600.0
1997-03-14,0.15,0.15,0.15,0.15,0.12,230417600.0
1997-03-17,0.15,0.15,0.14,0.15,0.12,192752000.0
1997-03-18,0.15,0.15,0.14,0.15,0.12,127075200.0
1997-03-19,0.15,0.15,0.14,0.14,0.12,208230400.0
1997-03-20,0.14,0.16,0.14,0.15,0.13,317038400.0
1997-03-21,0.16,0.16,0.15,0.15,0.12,136460800.0
1997-03-24,0.15,0.15,0.15,0.15,0.12,71220800.0
1997-03-25,0.15,0.15,0.14,0.15,0.12,112560000.0
1997-03-26,0.15,0.15,0.15,0.15,0.13,106836800.0
1997-03-27,0.16,0.17,0.15,0.17,0.14,1138905600.0
1997-03-31,0.17,0.17,0.15,0.16,0.14,970244800.0
1997-04-01,0.16,0.16,0.16,0.16,0.13,220259200.0
1997-04-02,0.16,0.16,0.16,0.16,0.14,222432000.0
1997-04-03,0.17,0.17,0.16,0.17,0.14,548856000.0
1997-04-04,0.17,0.18,0.17,0.17,0.14,475249600.0
1997-04-07,0.18,0.18,0.17,0.17,0.15,255259200.0
1997-04-08,0.18,0.18,0.17,0.17,0.14,193827200.0
1997-04-09,0.17,0.17,0.17,0.17,0.14,244988800.0
1997-04-10,0.17,0.17,0.17,0.17,0.14,116984000.0
1997-04-11,0.17,0.17,0.16,0.16,0.14,79564800.0
1997-04-14,0.16,0.17,0.16,0.17,0.14,112358400.0
1997-04-15,0.17,0.17,0.16,0.16,0.14,136046400.0
1997-04-16,0.17,0.17,0.16,0.17,0.14,86217600.0
1997-04-17,0.16,0.17,0.16,0.17,0.14,219464000.0
1997-04-18,0.17,0.17,0.16,0.16,0.14,141444800.0
1997-04-21,0.17,0.17,0.16,0.16,0.14,89152000.0
1997-04-22,0.16,0.17,0.16,0.17,0.14,94651200.0
1997-04-23,0.16,0.17,0.16,0.16,0.14,54488000.0
1997-04-24,0.17,0.17,0.16,0.16,0.13,74939200.0
1997-04-25,0.16,0.16,0.16,0.16,0.13,87382400.0
1997-04-28,0.16,0.16,0.16,0.16,0.13,46771200.0
1997-04-29,0.16,0.16,0.16,0.16,0.13,51755200.0
1997-04-30,0.15,0.15,0.15,0.15,0.13,257633600.0
1997-05-01,0.15,0.15,0.15,0.15,0.13,72340800.0
1997-05-02,0.15,0.15,0.15,0.15,0.13,101987200.0
1997-05-05,0.15,0.15,0.15,0.15,0.13,98492800.0
1997-05-06,0.15,0.15,0.15,0.15,0.13,83148800.0
1997-05-07,0.15,0.15,0.15,0.15,0.12,114217600.0
1997-05-08,0.15,0.15,0.15,0.15,0.13,82936000.0
1997-05-09,0.15,0.16,0.15,0.15,0.13,188372800.0
1997-05-12,0.15,0.16,0.15,0.16,0.13,164976000.0
1997-05-13,0.16,0.16,0.15,0.16,0.13,197019200.0
1997-05-14,0.16,0.16,0.16,0.16,0.13,135643200.0
1997-05-15,0.16,0.16,0.16,0.16,0.13,99008000.0
1997-05-16,0.16,0.16,0.15,0.15,0.13,93296000.0
1997-05-19,0.16,0.16,0.15,0.15,0.13,52259200.0
1997-05-20,0.15,0.16,0.15,0.15,0.13,84828800.0
1997-05-21,0.15,0.15,0.15,0.15,0.13,122248000.0
1997-05-22,0.15,0.15,0.15,0.15,0.12,76764800.0
1997-05-23,0.15,0.15,0.15,0.15,0.13,67032000.0
1997-05-27,0.15,0.16,0.15,0.15,0.13,82084800.0
1997-05-28,0.16,0.16,0.15,0.15,0.13,87539200.0
1997-05-29,0.15,0.15,0.15,0.15,0.12,111182400.0
1997-05-30,0.15,0.15,0.15,0.15,0.12,177329600.0
1997-06-02,0.15,0.15,0.15,0.15,0.13,41585600.0
1997-06-03,0.15,0.15,0.15,0.15,0.13,65240000.0
1997-06-04,0.15,0.15,0.15,0.15,0.12,80404800.0
1997-06-05,0.15,0.15,0.15,0.15,0.13,64612800.0
1997-06-06,0.15,0.15,0.15,0.15,0.13,52875200.0
1997-06-09,0.15,0.15,0.15,0.15,0.12,74804800.0
1997-06-10,0.15,0.15,0.14,0.15,0.12,139048000.0
1997-06-11,0.15,0.15,0.15,0.15,0.12,105403200.0
1997-06-12,0.15,0.15,0.14,0.14,0.12,78691200.0
1997-06-13,0.14,0.14,0.14,0.14,0.12,132070400.0
1997-06-16,0.14,0.14,0.14,0.14,0.12,134008000.0
1997-06-17,0.14,0.15,0.14,0.15,0.12,142251200.0
1997-06-18,0.14,0.15,0.14,0.14,0.12,109648000.0
1997-06-19,0.14,0.14,0.14,0.14,0.12,121027200.0
1997-06-20,0.14,0.14,0.14,0.14,0.12,110185600.0
1997-06-23,0.14,0.14,0.14,0.14,0.12,99545600.0
1997-06-24,0.14,0.14,0.14,0.14,0.11,111148800.0
1997-06-25,0.14,0.14,0.13,0.14,0.11,198632000.0
1997-06-26,0.14,0.14,0.13,0.13,0.11,381987200.0
1997-06-27,0.13,0.13,0.13,0.13,0.11,157953600.0
1997-06-30,0.13,0.13,0.13,0.13,0.11,171180800.0
1997-07-01,0.12,0.13,0.12,0.12,0.1,450676800.0
1997-07-02,0.12,0.12,0.12,0.12,0.1,249961600.0
1997-07-03,0.12,0.12,0.12,0.12,0.1,186782400.0
1997-07-07,0.12,0.13,0.12,0.12,0.1,191475200.0
1997-07-08,0.12,0.13,0.12,0.12,0.1,95692800.0
1997-07-09,0.12,0.12,0.12,0.12,0.1,142016000.0
1997-07-10,0.11,0.12,0.11,0.12,0.1,492508800.0
1997-07-11,0.12,0.14,0.12,0.14,0.11,734944000.0
1997-07-14,0.14,0.14,0.13,0.14,0.12,411006400.0
1997-07-15,0.14,0.14,0.14,0.14,0.12,418353600.0
1997-07-16,0.14,0.15,0.14,0.15,0.12,446252800.0
1997-07-17,0.15,0.16,0.15,0.16,0.13,746267200.0
1997-07-18,0.16,0.16,0.15,0.15,0.13,317564800.0
1997-07-21,0.16,0.16,0.14,0.14,0.12,354916800.0
1997-07-22,0.15,0.15,0.15,0.15,0.12,231336000.0
1997-07-23,0.15,0.15,0.14,0.14,0.12,141288000.0
1997-07-24,0.14,0.14,0.14,0.14,0.12,133492800.0
1997-07-25,0.14,0.15,0.14,0.15,0.12,217963200.0
1997-07-28,0.15,0.15,0.15,0.15,0.12,110510400.0
1997-07-29,0.15,0.15,0.15,0.15,0.12,71243200.0
1997-07-30,0.15,0.16,0.15,0.16,0.13,374304000.0
1997-07-31,0.16,0.16,0.15,0.16,0.13,263816000.0
1997-08-01,0.16,0.17,0.16,0.17,0.14,481913600.0
1997-08-04,0.17,0.18,0.17,0.18,0.15,611318400.0
1997-08-05,0.18,0.18,0.17,0.18,0.15,247128000.0
1997-08-06,0.23,0.25,0.22,0.23,0.2,4190480000.0
1997-08-07,0.26,0.26,0.25,0.26,0.22,3755438400.0
1997-08-08,0.25,0.25,0.23,0.24,0.2,1814164800.0
1997-08-11,0.23,0.24,0.21,0.22,0.18,1550998400.0
1997-08-12,0.21,0.22,0.2,0.2,0.17,1048398400.0
1997-08-13,0.2,0.21,0.18,0.21,0.18,1201424000.0
1997-08-14,0.21,0.22,0.2,0.21,0.17,434448000.0
1997-08-15,0.21,0.21,0.2,0.21,0.17,260960000.0
1997-08-18,0.21,0.21,0.2,0.21,0.18,217840000.0
1997-08-19,0.21,0.22,0.21,0.22,0.18,289161600.0
1997-08-20,0.22,0.22,0.22,0.22,0.18,324307200.0
1997-08-21,0.22,0.22,0.21,0.21,0.18,259280000.0
1997-08-22,0.21,0.21,0.21,0.21,0.18,227628800.0
1997-08-25,0.21,0.21,0.2,0.21,0.17,138633600.0
1997-08-26,0.2,0.21,0.2,0.2,0.17,226206400.0
1997-08-27,0.2,0.2,0.2,0.2,0.17,190635200.0
1997-08-28,0.2,0.2,0.2,0.2,0.17,95670400.0
1997-08-29,0.19,0.2,0.19,0.19,0.16,109670400.0
1997-09-02,0.2,0.2,0.2,0.2,0.17,186043200.0
1997-09-03,0.2,0.21,0.2,0.2,0.17,284132800.0
1997-09-04,0.2,0.2,0.2,0.2,0.17,122539200.0
1997-09-05,0.2,0.2,0.2,0.2,0.17,136707200.0
1997-09-08,0.2,0.2,0.19,0.19,0.16,175156800.0
1997-09-09,0.19,0.2,0.19,0.19,0.16,159028800.0
1997-09-10,0.19,0.21,0.19,0.2,0.17,274064000.0
1997-09-11,0.2,0.21,0.2,0.2,0.17,209876800.0
1997-09-12,0.2,0.2,0.19,0.2,0.17,113680000.0
1997-09-15,0.2,0.2,0.19,0.19,0.16,96913600.0
1997-09-16,0.2,0.2,0.19,0.2,0.16,134220800.0
1997-09-17,0.2,0.2,0.19,0.19,0.16,86766400.0
1997-09-18,0.19,0.2,0.19,0.2,0.17,169164800.0
1997-09-19,0.2,0.2,0.19,0.2,0.16,94931200.0
1997-09-22,0.2,0.21,0.2,0.2,0.17,200368000.0
1997-09-23,0.2,0.2,0.19,0.19,0.16,200536000.0
1997-09-24,0.19,0.19,0.19,0.19,0.16,222432000.0
1997-09-25,0.19,0.19,0.19,0.19,0.16,223384000.0
1997-09-26,0.19,0.2,0.19,0.19,0.16,208320000.0
1997-09-29,0.19,0.2,0.19,0.2,0.17,167238400.0
1997-09-30,0.2,0.2,0.19,0.19,0.16,140571200.0
1997-10-01,0.19,0.19,0.19,0.19,0.16,130468800.0
1997-10-02,0.19,0.2,0.19,0.2,0.16,135408000.0
1997-10-03,0.2,0.2,0.19,0.2,0.17,162232000.0
1997-10-06,0.2,0.2,0.19,0.2,0.16,93296000.0
1997-10-07,0.2,0.2,0.19,0.19,0.16,109289600.0
1997-10-08,0.19,0.19,0.19,0.19,0.16,108841600.0
1997-10-09,0.19,0.2,0.19,0.19,0.16,187331200.0
1997-10-10,0.19,0.2,0.19,0.2,0.17,270401600.0
1997-10-13,0.2,0.2,0.2,0.2,0.17,158625600.0
1997-10-14,0.2,0.2,0.2,0.2,0.17,165816000.0
1997-10-15,0.2,0.22,0.2,0.21,0.18,810868800.0
1997-10-16,0.19,0.2,0.19,0.19,0.16,739188800.0
1997-10-17,0.19,0.19,0.18,0.18,0.15,438670400.0
1997-10-20,0.18,0.18,0.17,0.17,0.14,411835200.0
1997-10-21,0.17,0.17,0.17,0.17,0.14,475272000.0
1997-10-22,0.17,0.17,0.17,0.17,0.14,151177600.0
1997-10-23,0.16,0.16,0.16,0.16,0.13,186782400.0
1997-10-24,0.16,0.16,0.15,0.15,0.12,388236800.0
1997-10-27,0.15,0.16,0.15,0.15,0.13,329358400.0
1997-10-28,0.14,0.17,0.14,0.16,0.14,343313600.0
1997-10-29,0.16,0.17,0.15,0.16,0.13,177587200.0
1997-10-30,0.15,0.16,0.15,0.15,0.12,188955200.0
1997-10-31,0.16,0.16,0.15,0.15,0.13,267086400.0
1997-11-03,0.16,0.16,0.15,0.16,0.13,126011200.0
1997-11-04,0.16,0.16,0.16,0.16,0.13,168593600.0
1997-11-05,0.16,0.17,0.16,0.16,0.14,387116800.0
1997-11-06,0.17,0.17,0.17,0.17,0.14,617086400.0
1997-11-07,0.17,0.18,0.17,0.18,0.15,795614400.0
1997-11-10,0.19,0.19,0.17,0.17,0.14,1398241600.0
1997-11-11,0.17,0.17,0.16,0.16,0.14,332483200.0
1997-11-12,0.16,0.17,0.16,0.16,0.13,208062400.0
1997-11-13,0.16,0.16,0.16,0.16,0.14,257521600.0
1997-11-14,0.16,0.17,0.16,0.16,0.14,135038400.0
1997-11-17,0.17,0.17,0.16,0.17,0.14,205027200.0
1997-11-18,0.17,0.17,0.16,0.16,0.14,146641600.0
1997-11-19,0.16,0.16,0.16,0.16,0.14,79587200.0
1997-11-20,0.16,0.17,0.16,0.17,0.14,128172800.0
1997-11-21,0.17,0.17,0.16,0.16,0.14,97776000.0
1997-11-24,0.16,0.16,0.16,0.16,0.13,157348800.0
1997-11-25,0.16,0.16,0.15,0.16,0.13,205430400.0
1997-11-26,0.16,0.16,0.15,0.16,0.13,60412800.0
1997-11-28,0.16,0.16,0.16,0.16,0.13,41316800.0
1997-12-01,0.16,0.16,0.15,0.16,0.13,87236800.0
1997-12-02,0.16,0.16,0.14,0.14,0.12,396816000.0
1997-12-03,0.14,0.14,0.14,0.14,0.12,343056000.0
1997-12-04,0.14,0.14,0.14,0.14,0.12,199640000.0
1997-12-05,0.14,0.14,0.14,0.14,0.12,221468800.0
1997-12-08,0.14,0.14,0.14,0.14,0.12,133582400.0
1997-12-09,0.14,0.14,0.13,0.14,0.11,243051200.0
1997-12-10,0.13,0.13,0.13,0.13,0.11,194880000.0
1997-12-11,0.13,0.13,0.12,0.13,0.11,256939200.0
1997-12-12,0.13,0.13,0.13,0.13,0.11,160563200.0
1997-12-15,0.13,0.13,0.12,0.12,0.1,165894400.0
1997-12-16,0.13,0.13,0.13,0.13,0.11,185628800.0
1997-12-17,0.13,0.13,0.12,0.12,0.1,265294400.0
1997-12-18,0.13,0.13,0.12,0.12,0.1,202048000.0
1997-12-19,0.12,0.12,0.12,0.12,0.1,190612800.0
1997-12-22,0.12,0.13,0.12,0.12,0.1,159476800.0
1997-12-23,0.12,0.12,0.12,0.12,0.1,458830400.0
1997-12-24,0.12,0.12,0.12,0.12,0.1,97832000.0
1997-12-26,0.12,0.12,0.12,0.12,0.1,107878400.0
1997-12-29,0.12,0.12,0.11,0.12,0.1,278196800.0
1997-12-30,0.12,0.12,0.11,0.12,0.1,342507200.0
1997-12-31,0.12,0.12,0.12,0.12,0.1,406358400.0
1998-01-02,0.12,0.15,0.12,0.15,0.12,718110400.0
1998-01-05,0.15,0.15,0.14,0.14,0.12,651873600.0
1998-01-06,0.14,0.18,0.13,0.17,0.14,1812473600.0
1998-01-07,0.17,0.17,0.15,0.16,0.13,1041622400.0
1998-01-08,0.16,0.17,0.15,0.16,0.14,774020800.0
1998-01-09,0.16,0.17,0.16,0.16,0.14,886547200.0
1998-01-12,0.16,0.17,0.15,0.16,0.14,516398400.0
1998-01-13,0.17,0.18,0.17,0.17,0.15,636854400.0
1998-01-14,0.18,0.18,0.17,0.18,0.15,589265600.0
1998-01-15,0.17,0.18,0.17,0.17,0.14,559272000.0
1998-01-16,0.17,0.17,0.17,0.17,0.14,246355200.0
1998-01-20,0.17,0.17,0.17,0.17,0.14,241561600.0
1998-01-21,0.17,0.17,0.17,0.17,0.14,190209600.0
1998-01-22,0.17,0.18,0.17,0.17,0.14,329728000.0
1998-01-23,0.17,0.18,0.17,0.17,0.15,233161600.0
1998-01-26,0.17,0.17,0.17,0.17,0.15,146440000.0
1998-01-27,0.17,0.18,0.17,0.17,0.14,112235200.0
1998-01-28,0.17,0.17,0.17,0.17,0.14,151121600.0
1998-01-29,0.17,0.17,0.17,0.17,0.14,211881600.0
1998-01-30,0.16,0.17,0.16,0.16,0.14,162444800.0
1998-02-02,0.17,0.17,0.16,0.16,0.13,636742400.0
1998-02-03,0.16,0.17,0.16,0.16,0.14,402617600.0
1998-02-04,0.16,0.17,0.16,0.16,0.14,170195200.0
1998-02-05,0.16,0.17,0.16,0.16,0.14,238268800.0
1998-02-06,0.16,0.17,0.16,0.17,0.14,202339200.0
1998-02-09,0.16,0.17,0.16,0.17,0.14,494670400.0
1998-02-10,0.17,0.17,0.17,0.17,0.15,422016000.0
1998-02-11,0.17,0.17,0.17,0.17,0.14,211668800.0
1998-02-12,0.17,0.17,0.17,0.17,0.15,203750400.0
1998-02-13,0.17,0.18,0.17,0.17,0.15,207995200.0
1998-02-17,0.17,0.18,0.17,0.18,0.15,182750400.0
1998-02-18,0.17,0.19,0.17,0.18,0.15,494592000.0
1998-02-19,0.19,0.19,0.18,0.18,0.15,399660800.0
1998-02-20,0.18,0.18,0.18,0.18,0.15,325416000.0
1998-02-23,0.18,0.19,0.18,0.19,0.16,477489600.0
1998-02-24,0.19,0.19,0.19,0.19,0.16,456590400.0
1998-02-25,0.19,0.2,0.19,0.2,0.17,712667200.0
1998-02-26,0.2,0.21,0.2,0.21,0.18,595134400.0
1998-02-27,0.21,0.21,0.2,0.21,0.18,519601600.0
1998-03-02,0.21,0.21,0.2,0.2,0.17,400444800.0
1998-03-03,0.2,0.21,0.19,0.21,0.17,334073600.0
1998-03-04,0.2,0.22,0.2,0.22,0.18,817824000.0
1998-03-05,0.21,0.22,0.21,0.21,0.18,675124800.0
1998-03-06,0.21,0.22,0.21,0.22,0.18,666467200.0
1998-03-09,0.21,0.22,0.2,0.2,0.17,574929600.0
1998-03-10,0.21,0.22,0.2,0.21,0.18,712902400.0
1998-03-11,0.22,0.23,0.22,0.23,0.2,1214337600.0
1998-03-12,0.23,0.24,0.23,0.24,0.2,744363200.0
1998-03-13,0.24,0.24,0.23,0.24,0.2,566160000.0
1998-03-16,0.24,0.24,0.23,0.24,0.2,402360000.0
1998-03-17,0.24,0.24,0.23,0.24,0.2,410256000.0
1998-03-18,0.23,0.24,0.23,0.24,0.2,276998400.0
1998-03-19,0.24,0.24,0.24,0.24,0.2,160059200.0
1998-03-20,0.24,0.24,0.23,0.24,0.2,215476800.0
1998-03-23,0.23,0.23,0.22,0.23,0.2,414736000.0
1998-03-24,0.24,0.25,0.23,0.25,0.21,675931200.0
1998-03-25,0.25,0.25,0.24,0.24,0.2,387374400.0
1998-03-26,0.24,0.24,0.24,0.24,0.2,202966400.0
1998-03-27,0.24,0.24,0.24,0.24,0.2,255595200.0
1998-03-30,0.24,0.25,0.24,0.24,0.21,250700800.0
1998-03-31,0.24,0.25,0.24,0.25,0.21,266896000.0
1998-04-01,0.24,0.25,0.24,0.25,0.21,186883200.0
1998-04-02,0.24,0.24,0.24,0.24,0.2,194308800.0
1998-04-03,0.24,0.24,0.24,0.24,0.2,203067200.0
1998-04-06,0.24,0.24,0.23,0.23,0.2,347592000.0
1998-04-07,0.23,0.23,0.22,0.23,0.19,292700800.0
1998-04-08,0.23,0.23,0.22,0.22,0.19,225198400.0
1998-04-09,0.22,0.23,0.22,0.23,0.19,170307200.0
1998-04-13,0.23,0.24,0.22,0.24,0.2,288299200.0
1998-04-14,0.24,0.24,0.24,0.24,0.2,327846400.0
1998-04-15,0.24,0.25,0.24,0.24,0.21,557513600.0
1998-04-16,0.26,0.26,0.25,0.26,0.21,1837953600.0
1998-04-17,0.26,0.26,0.25,0.25,0.21,592166400.0
1998-04-20,0.25,0.26,0.25,0.26,0.22,517776000.0
1998-04-21,0.26,0.26,0.25,0.26,0.22,348028800.0
1998-04-22,0.26,0.26,0.25,0.25,0.21,284950400.0
1998-04-23,0.24,0.26,0.24,0.25,0.21,475294400.0
1998-04-24,0.25,0.25,0.25,0.25,0.21,215544000.0
1998-04-27,0.24,0.25,0.24,0.25,0.21,409796800.0
1998-04-28,0.25,0.25,0.23,0.24,0.2,237171200.0
1998-04-29,0.24,0.24,0.24,0.24,0.2,189537600.0
1998-04-30,0.24,0.25,0.24,0.24,0.21,179950400.0
1998-05-01,0.25,0.25,0.24,0.25,0.21,184072000.0
1998-05-04,0.26,0.26,0.26,0.26,0.22,571144000.0
1998-05-05,0.26,0.27,0.26,0.27,0.22,419283200.0
1998-05-06,0.27,0.27,0.26,0.27,0.23,897008000.0
1998-05-07,0.27,0.27,0.27,0.27,0.23,552899200.0
1998-05-08,0.27,0.27,0.27,0.27,0.23,270816000.0
1998-05-11,0.28,0.28,0.27,0.28,0.23,665022400.0
1998-05-12,0.27,0.27,0.27,0.27,0.23,257812800.0
1998-05-13,0.27,0.28,0.26,0.27,0.23,314417600.0
1998-05-14,0.27,0.27,0.27,0.27,0.23,162680000.0
1998-05-15,0.27,0.27,0.26,0.26,0.22,272585600.0
1998-05-18,0.26,0.26,0.25,0.25,0.21,232388800.0
1998-05-19,0.26,0.26,0.26,0.26,0.22,218265600.0
1998-05-20,0.26,0.27,0.26,0.26,0.22,190176000.0
1998-05-21,0.26,0.27,0.26,0.26,0.22,130995200.0
1998-05-22,0.26,0.26,0.24,0.25,0.21,266593600.0
1998-05-26,0.25,0.25,0.24,0.24,0.2,311774400.0
1998-05-27,0.23,0.24,0.23,0.24,0.2,370193600.0
1998-05-28,0.24,0.25,0.24,0.24,0.21,298491200.0
1998-05-29,0.25,0.25,0.24,0.24,0.2,216720000.0
1998-06-01,0.24,0.25,0.23,0.23,0.2,319692800.0
1998-06-02,0.24,0.24,0.23,0.24,0.2,179300800.0
1998-06-03,0.24,0.24,0.23,0.23,0.2,145140800.0
1998-06-04,0.24,0.24,0.23,0.24,0.2,156139200.0
1998-06-05,0.24,0.24,0.24,0.24,0.2,123323200.0
1998-06-08,0.24,0.25,0.24,0.24,0.2,126627200.0
1998-06-09,0.24,0.25,0.24,0.25,0.21,275744000.0
1998-06-10,0.25,0.26,0.25,0.25,0.21,229230400.0
1998-06-11,0.25,0.26,0.25,0.25,0.21,180118400.0
1998-06-12,0.25,0.25,0.24,0.25,0.21,223854400.0
1998-06-15,0.24,0.25,0.24,0.25,0.21,136662400.0
1998-06-16,0.25,0.25,0.24,0.25,0.21,129684800.0
1998-06-17,0.25,0.26,0.25,0.25,0.21,187174400.0
1998-06-18,0.25,0.25,0.24,0.24,0.2,119996800.0
1998-06-19,0.24,0.24,0.24,0.24,0.2,137558400.0
1998-06-22,0.24,0.25,0.24,0.24,0.21,134568000.0
1998-06-23,0.24,0.25,0.24,0.25,0.21,231056000.0
1998-06-24,0.25,0.26,0.24,0.25,0.21,273795200.0
1998-06-25,0.26,0.26,0.25,0.26,0.21,191811200.0
1998-06-26,0.25,0.26,0.25,0.25,0.21,111115200.0
1998-06-29,0.25,0.26,0.25,0.26,0.22,166185600.0
1998-06-30,0.26,0.26,0.25,0.26,0.22,131062400.0
1998-07-01,0.26,0.27,0.25,0.27,0.22,314115200.0
1998-07-02,0.27,0.27,0.26,0.26,0.22,298110400.0
1998-07-06,0.26,0.27,0.26,0.27,0.23,270950400.0
1998-07-07,0.27,0.28,0.27,0.27,0.23,241472000.0
1998-07-08,0.27,0.29,0.27,0.29,0.24,932814400.0
1998-07-09,0.29,0.3,0.28,0.28,0.24,566608000.0
1998-07-10,0.29,0.29,0.28,0.29,0.24,302523200.0
1998-07-13,0.29,0.3,0.28,0.3,0.25,715388800.0
1998-07-14,0.3,0.3,0.3,0.3,0.25,548531200.0
1998-07-15,0.3,0.31,0.3,0.31,0.26,594966400.0
1998-07-16,0.34,0.34,0.32,0.33,0.28,2561350400.0
1998-07-17,0.33,0.33,0.32,0.33,0.28,629552000.0
1998-07-20,0.33,0.33,0.32,0.32,0.27,383891200.0
1998-07-21,0.32,0.33,0.32,0.32,0.27,329504000.0
1998-07-22,0.31,0.32,0.31,0.31,0.26,280728000.0
1998-07-23,0.31,0.32,0.31,0.31,0.26,253131200.0
1998-07-24,0.32,0.32,0.3,0.31,0.26,271286400.0
1998-07-27,0.31,0.31,0.3,0.31,0.26,214233600.0
1998-07-28,0.3,0.31,0.29,0.3,0.25,225377600.0
1998-07-29,0.3,0.32,0.3,0.31,0.26,447720000.0
1998-07-30,0.32,0.33,0.32,0.33,0.27,362297600.0
1998-07-31,0.33,0.33,0.31,0.31,0.26,183108800.0
1998-08-03,0.31,0.32,0.3,0.31,0.26,301761600.0
1998-08-04,0.32,0.32,0.3,0.31,0.26,293921600.0
1998-08-05,0.3,0.32,0.3,0.32,0.27,454081600.0
1998-08-06,0.31,0.33,0.31,0.33,0.28,438614400.0
1998-08-07,0.33,0.33,0.32,0.33,0.27,298020800.0
1998-08-10,0.32,0.34,0.32,0.34,0.28,488600000.0
1998-08-11,0.34,0.37,0.33,0.35,0.29,1759475200.0
1998-08-12,0.35,0.37,0.35,0.36,0.3,689774400.0
1998-08-13,0.36,0.36,0.35,0.35,0.3,390779200.0
1998-08-14,0.36,0.36,0.35,0.36,0.3,450777600.0
1998-08-17,0.37,0.38,0.36,0.37,0.31,930876800.0
1998-08-18,0.38,0.39,0.38,0.38,0.32,605953600.0
1998-08-19,0.39,0.39,0.37,0.37,0.31,485990400.0
1998-08-20,0.37,0.37,0.36,0.36,0.3,391921600.0
1998-08-21,0.36,0.39,0.35,0.38,0.32,813377600.0
1998-08-24,0.39,0.39,0.36,0.37,0.31,610176000.0
1998-08-25,0.38,0.38,0.36,0.36,0.31,495566400.0
1998-08-26,0.36,0.37,0.35,0.36,0.3,406481600.0
1998-08-27,0.35,0.35,0.32,0.33,0.28,1114243200.0
1998-08-28,0.33,0.34,0.3,0.31,0.26,932254400.0
1998-08-31,0.31,0.31,0.28,0.28,0.23,868224000.0
1998-09-01,0.28,0.32,0.27,0.3,0.26,869075200.0
1998-09-02,0.32,0.33,0.31,0.32,0.27,843001600.0
1998-09-03,0.31,0.31,0.3,0.31,0.26,409752000.0
1998-09-04,0.32,0.33,0.3,0.31,0.26,377272000.0
1998-09-08,0.34,0.34,0.33,0.34,0.29,402796800.0
1998-09-09,0.34,0.34,0.33,0.33,0.28,354692800.0
1998-09-10,0.32,0.34,0.32,0.34,0.29,526881600.0
1998-09-11,0.34,0.35,0.33,0.34,0.28,352284800.0
1998-09-14,0.34,0.35,0.33,0.33,0.28,247072000.0
1998-09-15,0.33,0.34,0.33,0.34,0.29,433652800.0
1998-09-16,0.34,0.35,0.33,0.33,0.28,258876800.0
1998-09-17,0.32,0.33,0.32,0.32,0.27,269292800.0
1998-09-18,0.32,0.33,0.32,0.33,0.28,305076800.0
1998-09-21,0.32,0.33,0.32,0.33,0.28,295870400.0
1998-09-22,0.33,0.34,0.32,0.33,0.28,257936000.0
1998-09-23,0.33,0.34,0.33,0.34,0.29,287918400.0
1998-09-24,0.34,0.35,0.34,0.34,0.29,482843200.0
1998-09-25,0.34,0.35,0.34,0.35,0.29,228289600.0
1998-09-28,0.35,0.36,0.34,0.35,0.29,405417600.0
1998-09-29,0.35,0.36,0.34,0.35,0.3,305132800.0
1998-09-30,0.35,0.35,0.34,0.34,0.29,167182400.0
1998-10-01,0.33,0.34,0.32,0.32,0.27,370216000.0
1998-10-02,0.32,0.32,0.3,0.31,0.26,475574400.0
1998-10-05,0.3,0.31,0.28,0.29,0.24,551880000.0
1998-10-06,0.3,0.31,0.29,0.29,0.24,399862400.0
1998-10-07,0.29,0.3,0.28,0.29,0.24,473356800.0
1998-10-08,0.28,0.28,0.25,0.28,0.23,689214400.0
1998-10-09,0.28,0.31,0.27,0.31,0.26,668236800.0
1998-10-12,0.33,0.34,0.33,0.33,0.28,622899200.0
1998-10-13,0.34,0.35,0.32,0.35,0.29,941628800.0
1998-10-14,0.35,0.37,0.33,0.33,0.28,2280017600.0
1998-10-15,0.32,0.33,0.32,0.33,0.27,840672000.0
1998-10-16,0.33,0.34,0.33,0.33,0.28,615563200.0
1998-10-19,0.33,0.34,0.32,0.33,0.28,475776000.0
1998-10-20,0.34,0.34,0.32,0.32,0.27,382088000.0
1998-10-21,0.33,0.33,0.32,0.33,0.28,430617600.0
1998-10-22,0.33,0.34,0.32,0.33,0.28,317374400.0
1998-10-23,0.33,0.33,0.31,0.32,0.27,355980800.0
1998-10-26,0.32,0.34,0.32,0.33,0.28,475843200.0
1998-10-27,0.34,0.35,0.31,0.31,0.26,538193600.0
1998-10-28,0.31,0.33,0.31,0.33,0.28,363708800.0
1998-10-29,0.33,0.33,0.32,0.33,0.27,344579200.0
1998-10-30,0.33,0.33,0.32,0.33,0.28,317643200.0
1998-11-02,0.33,0.34,0.33,0.34,0.28,253769600.0
1998-11-03,0.33,0.34,0.33,0.34,0.28,370451200.0
1998-11-04,0.34,0.35,0.34,0.35,0.29,627883200.0
1998-11-05,0.34,0.35,0.34,0.34,0.29,607118400.0
1998-11-06,0.34,0.34,0.33,0.34,0.29,797339200.0
1998-11-09,0.34,0.34,0.32,0.33,0.27,660788800.0
1998-11-10,0.32,0.32,0.31,0.31,0.26,883982400.0
1998-11-11,0.32,0.32,0.29,0.3,0.25,948505600.0
1998-11-12,0.3,0.31,0.29,0.3,0.26,595100800.0
1998-11-13,0.31,0.32,0.31,0.32,0.27,791817600.0
1998-11-16,0.32,0.33,0.32,0.32,0.27,384529600.0
1998-11-17,0.32,0.32,0.31,0.31,0.26,210728000.0
1998-11-18,0.31,0.32,0.31,0.32,0.27,329660800.0
1998-11-19,0.32,0.33,0.32,0.32,0.27,346528000.0
1998-11-20,0.33,0.33,0.31,0.32,0.27,399224000.0
1998-11-23,0.32,0.33,0.31,0.32,0.27,577953600.0
1998-11-24,0.32,0.33,0.32,0.32,0.27,319748800.0
1998-11-25,0.32,0.32,0.31,0.31,0.26,303800000.0
1998-11-27,0.31,0.31,0.31,0.31,0.26,153104000.0
1998-11-30,0.31,0.31,0.28,0.29,0.24,561489600.0
1998-12-01,0.29,0.31,0.28,0.3,0.26,865737600.0
1998-12-02,0.3,0.33,0.3,0.32,0.27,962483200.0
1998-12-03,0.32,0.33,0.3,0.3,0.25,626046400.0
1998-12-04,0.31,0.31,0.29,0.29,0.25,721369600.0
1998-12-07,0.3,0.3,0.29,0.3,0.25,566596800.0
1998-12-08,0.3,0.3,0.29,0.29,0.24,680108800.0
1998-12-09,0.29,0.29,0.28,0.29,0.24,592916800.0
1998-12-10,0.29,0.29,0.28,0.29,0.24,391249600.0
1998-12-11,0.29,0.3,0.29,0.3,0.25,689998400.0
1998-12-14,0.29,0.3,0.29,0.29,0.24,501446400.0
1998-12-15,0.29,0.3,0.29,0.3,0.25,264712000.0
1998-12-16,0.3,0.31,0.29,0.29,0.25,374348800.0
1998-12-17,0.29,0.3,0.29,0.3,0.25,330612800.0
1998-12-18,0.3,0.32,0.3,0.31,0.26,791492800.0
1998-12-21,0.32,0.32,0.31,0.31,0.26,357448000.0
1998-12-22,0.32,0.34,0.32,0.34,0.29,1150800000.0
1998-12-23,0.34,0.36,0.34,0.36,0.3,1235035200.0
1998-12-24,0.36,0.36,0.35,0.35,0.29,199987200.0
1998-12-28,0.35,0.37,0.35,0.36,0.31,725312000.0
1998-12-29,0.37,0.37,0.36,0.36,0.31,387352000.0
1998-12-30,0.36,0.37,0.36,0.36,0.3,237361600.0
1998-12-31,0.36,0.37,0.35,0.37,0.31,271689600.0
1999-01-04,0.38,0.38,0.36,0.37,0.31,952884800.0
1999-01-05,0.37,0.39,0.37,0.39,0.33,1410113600.0
1999-01-06,0.39,0.39,0.37,0.37,0.31,1348569600.0
1999-01-07,0.38,0.4,0.38,0.4,0.34,1429019200.0
1999-01-08,0.42,0.42,0.39,0.4,0.34,678832000.0
1999-01-11,0.41,0.41,0.4,0.41,0.34,560974400.0
1999-01-12,0.41,0.42,0.39,0.41,0.35,820736000.0
1999-01-13,0.38,0.42,0.38,0.42,0.35,1047816000.0
1999-01-14,0.41,0.41,0.37,0.37,0.31,1723859200.0
1999-01-15,0.37,0.38,0.36,0.37,0.31,1006006400.0
1999-01-19,0.37,0.38,0.36,0.36,0.31,534889600.0
1999-01-20,0.37,0.38,0.36,0.36,0.3,778120000.0
1999-01-21,0.36,0.36,0.33,0.35,0.29,600488000.0
1999-01-22,0.34,0.35,0.33,0.35,0.29,345766400.0
1999-01-25,0.35,0.35,0.35,0.35,0.3,385336000.0
1999-01-26,0.36,0.36,0.35,0.36,0.3,560044800.0
1999-01-27,0.37,0.37,0.36,0.36,0.3,364952000.0
1999-01-28,0.36,0.37,0.36,0.36,0.31,336280000.0
1999-01-29,0.37,0.37,0.36,0.37,0.31,242715200.0
1999-02-01,0.37,0.37,0.36,0.37,0.31,278913600.0
1999-02-02,0.36,0.36,0.35,0.35,0.29,307160000.0
1999-02-03,0.35,0.36,0.35,0.36,0.3,338744000.0
1999-02-04,0.36,0.36,0.34,0.34,0.28,463780800.0
1999-02-05,0.34,0.34,0.32,0.32,0.27,777201600.0
1999-02-08,0.33,0.34,0.32,0.34,0.28,468227200.0
1999-02-09,0.34,0.35,0.33,0.33,0.28,701153600.0
1999-02-10,0.33,0.35,0.32,0.34,0.29,563628800.0
1999-02-11,0.35,0.35,0.34,0.35,0.3,565196800.0
1999-02-12,0.35,0.35,0.33,0.34,0.28,428904000.0
1999-02-16,0.35,0.35,0.34,0.34,0.29,300227200.0
1999-02-17,0.34,0.35,0.33,0.33,0.28,296060800.0
1999-02-18,0.34,0.34,0.32,0.32,0.27,500169600.0
1999-02-19,0.32,0.34,0.32,0.33,0.28,361692800.0
1999-02-22,0.33,0.35,0.33,0.34,0.29,298670400.0
1999-02-23,0.34,0.35,0.34,0.34,0.29,322179200.0
1999-02-24,0.35,0.35,0.33,0.33,0.28,212755200.0
1999-02-25,0.33,0.34,0.33,0.33,0.28,264600000.0
1999-02-26,0.33,0.33,0.31,0.31,0.26,667251200.0
1999-03-01,0.31,0.31,0.3,0.3,0.25,487827200.0
1999-03-02,0.3,0.32,0.3,0.31,0.26,683054400.0
1999-03-03,0.31,0.31,0.3,0.31,0.26,293350400.0
1999-03-04,0.31,0.31,0.29,0.3,0.25,367270400.0
1999-03-05,0.31,0.31,0.29,0.3,0.25,468036800.0
1999-03-08,0.3,0.31,0.3,0.31,0.26,550670400.0
1999-03-09,0.31,0.31,0.3,0.3,0.26,319692800.0
1999-03-10,0.31,0.31,0.29,0.29,0.24,546280000.0
1999-03-11,0.29,0.3,0.29,0.29,0.24,473659200.0
1999-03-12,0.29,0.3,0.29,0.3,0.25,271398400.0
1999-03-15,0.3,0.31,0.3,0.3,0.26,352161600.0
1999-03-16,0.31,0.32,0.31,0.32,0.27,399828800.0
1999-03-17,0.32,0.32,0.3,0.3,0.26,366318400.0
1999-03-18,0.31,0.32,0.31,0.32,0.27,227080000.0
1999-03-19,0.32,0.32,0.29,0.3,0.25,536502400.0
1999-03-22,0.3,0.31,0.29,0.31,0.26,593611200.0
1999-03-23,0.31,0.31,0.29,0.29,0.25,415553600.0
1999-03-24,0.3,0.3,0.29,0.3,0.25,400153600.0
1999-03-25,0.31,0.31,0.3,0.3,0.25,399963200.0
1999-03-26,0.3,0.3,0.29,0.3,0.25,253836800.0
1999-03-29,0.3,0.32,0.3,0.32,0.27,568870400.0
1999-03-30,0.31,0.32,0.31,0.32,0.27,554523200.0
1999-03-31,0.32,0.33,0.32,0.32,0.27,422352000.0
1999-04-01,0.32,0.33,0.32,0.32,0.27,262057600.0
1999-04-05,0.32,0.34,0.32,0.33,0.28,460936000.0
1999-04-06,0.33,0.34,0.33,0.34,0.29,628588800.0
1999-04-07,0.34,0.34,0.32,0.33,0.28,411812800.0
1999-04-08,0.33,0.33,0.32,0.33,0.28,296408000.0
1999-04-09,0.32,0.33,0.32,0.33,0.28,268542400.0
1999-04-12,0.31,0.33,0.31,0.32,0.27,395819200.0
1999-04-13,0.32,0.33,0.31,0.31,0.26,412384000.0
1999-04-14,0.31,0.33,0.31,0.32,0.27,681027200.0
1999-04-15,0.32,0.32,0.31,0.32,0.27,1734476800.0
1999-04-16,0.32,0.32,0.31,0.32,0.27,502219200.0
1999-04-19,0.32,0.32,0.3,0.3,0.25,921816000.0
1999-04-20,0.3,0.31,0.3,0.3,0.26,523857600.0
1999-04-21,0.3,0.31,0.3,0.31,0.26,351400000.0
1999-04-22,0.31,0.33,0.31,0.32,0.27,740174400.0
1999-04-23,0.32,0.35,0.32,0.35,0.29,1046841600.0
1999-04-26,0.35,0.37,0.35,0.37,0.31,927931200.0
1999-04-27,0.38,0.41,0.38,0.41,0.34,2106048000.0
1999-04-28,0.4,0.41,0.39,0.39,0.33,954990400.0
1999-04-29,0.39,0.4,0.37,0.38,0.32,789308800.0
1999-04-30,0.39,0.42,0.39,0.41,0.35,1472329600.0
1999-05-03,0.41,0.45,0.41,0.44,0.37,1470436800.0
1999-05-04,0.43,0.43,0.41,0.42,0.35,811238400.0
1999-05-05,0.41,0.42,0.4,0.42,0.35,579297600.0
1999-05-06,0.42,0.42,0.39,0.4,0.33,433148800.0
1999-05-07,0.4,0.41,0.38,0.41,0.34,434716800.0
1999-05-10,0.42,0.42,0.4,0.4,0.34,392996800.0
1999-05-11,0.4,0.41,0.39,0.4,0.34,458595200.0
1999-05-12,0.4,0.42,0.39,0.42,0.35,395124800.0
1999-05-13,0.41,0.42,0.41,0.41,0.35,295523200.0
1999-05-14,0.4,0.41,0.4,0.4,0.33,226632000.0
1999-05-17,0.39,0.4,0.38,0.4,0.33,210761600.0
1999-05-18,0.4,0.41,0.4,0.4,0.34,418376000.0
1999-05-19,0.41,0.41,0.39,0.4,0.34,298278400.0
1999-05-20,0.41,0.41,0.38,0.38,0.32,417715200.0
1999-05-21,0.38,0.4,0.38,0.39,0.33,463187200.0
1999-05-24,0.39,0.4,0.37,0.37,0.31,260926400.0
1999-05-25,0.37,0.38,0.37,0.37,0.31,366508800.0
1999-05-26,0.37,0.4,0.37,0.39,0.33,437550400.0
1999-05-27,0.39,0.39,0.38,0.39,0.33,336761600.0
1999-05-28,0.39,0.4,0.39,0.39,0.33,201129600.0
1999-06-01,0.4,0.4,0.4,0.4,0.34,461025600.0
1999-06-02,0.4,0.43,0.39,0.42,0.35,521057600.0
1999-06-03,0.42,0.43,0.42,0.42,0.36,488510400.0
1999-06-04,0.43,0.43,0.42,0.43,0.36,368681600.0
1999-06-07,0.43,0.44,0.42,0.44,0.37,418286400.0
1999-06-08,0.44,0.44,0.42,0.43,0.36,313656000.0
1999-06-09,0.42,0.43,0.42,0.43,0.36,353785600.0
1999-06-10,0.43,0.43,0.42,0.43,0.36,317049600.0
1999-06-11,0.43,0.43,0.41,0.41,0.35,185046400.0
1999-06-14,0.42,0.42,0.4,0.41,0.34,157080000.0
1999-06-15,0.4,0.42,0.4,0.41,0.35,130390400.0
1999-06-16,0.41,0.43,0.41,0.43,0.36,225019200.0
1999-06-17,0.43,0.43,0.41,0.41,0.35,224403200.0
1999-06-18,0.41,0.42,0.4,0.42,0.35,208062400.0
1999-06-21,0.42,0.42,0.41,0.42,0.35,135150400.0
1999-06-22,0.41,0.42,0.41,0.41,0.34,151076800.0
1999-06-23,0.4,0.4,0.39,0.39,0.33,531496000.0
1999-06-24,0.39,0.39,0.38,0.38,0.32,433361600.0
1999-06-25,0.38,0.38,0.38,0.38,0.32,294134400.0
1999-06-28,0.38,0.38,0.38,0.38,0.32,277692800.0
1999-06-29,0.38,0.41,0.38,0.41,0.34,380385600.0
1999-06-30,0.41,0.42,0.4,0.41,0.35,343268800.0
1999-07-01,0.41,0.42,0.4,0.4,0.34,149217600.0
1999-07-02,0.41,0.42,0.4,0.41,0.35,123681600.0
1999-07-06,0.41,0.43,0.41,0.42,0.36,453812800.0
1999-07-07,0.42,0.45,0.42,0.45,0.37,1099156800.0
1999-07-08,0.46,0.49,0.45,0.49,0.41,1625041600.0
1999-07-09,0.49,0.5,0.47,0.5,0.42,608697600.0
1999-07-12,0.5,0.5,0.48,0.49,0.41,303912000.0
1999-07-13,0.48,0.48,0.47,0.48,0.4,283259200.0
1999-07-14,0.49,0.51,0.49,0.5,0.42,624556800.0
1999-07-15,0.5,0.5,0.46,0.48,0.4,1691804800.0
1999-07-16,0.48,0.49,0.47,0.47,0.4,411499200.0
1999-07-19,0.48,0.5,0.47,0.49,0.41,561299200.0
1999-07-20,0.49,0.5,0.47,0.47,0.4,442075200.0
1999-07-21,0.48,0.49,0.47,0.48,0.41,718166400.0
1999-07-22,0.48,0.48,0.46,0.47,0.39,406728000.0
1999-07-23,0.47,0.48,0.47,0.48,0.4,229051200.0
1999-07-26,0.47,0.47,0.45,0.45,0.38,351187200.0
1999-07-27,0.47,0.48,0.47,0.48,0.4,395908800.0
1999-07-28,0.48,0.49,0.47,0.49,0.41,328910400.0
1999-07-29,0.48,0.49,0.47,0.48,0.4,275475200.0
1999-07-30,0.49,0.5,0.49,0.5,0.42,383140800.0
1999-08-02,0.5,0.52,0.5,0.5,0.42,362443200.0
1999-08-03,0.51,0.51,0.48,0.49,0.41,368379200.0
1999-08-04,0.49,0.5,0.48,0.48,0.4,371425600.0
1999-08-05,0.48,0.49,0.47,0.49,0.41,322537600.0
1999-08-06,0.48,0.49,0.48,0.48,0.41,435556800.0
1999-08-09,0.49,0.49,0.48,0.49,0.41,233284800.0
1999-08-10,0.48,0.5,0.48,0.49,0.42,416225600.0
1999-08-11,0.5,0.53,0.5,0.53,0.45,850337600.0
1999-08-12,0.53,0.55,0.52,0.54,0.45,666108800.0
1999-08-13,0.54,0.55,0.53,0.54,0.45,298435200.0
1999-08-16,0.53,0.54,0.53,0.54,0.45,276931200.0
1999-08-17,0.54,0.54,0.53,0.54,0.45,320936000.0
1999-08-18,0.54,0.55,0.53,0.54,0.45,468574400.0
1999-08-19,0.53,0.54,0.52,0.52,0.44,550020800.0
1999-08-20,0.53,0.53,0.52,0.53,0.44,327947200.0
1999-08-23,0.53,0.55,0.53,0.54,0.46,355566400.0
1999-08-24,0.54,0.54,0.54,0.54,0.45,502264000.0
1999-08-25,0.54,0.55,0.54,0.55,0.46,295164800.0
1999-08-26,0.55,0.56,0.55,0.55,0.47,404488000.0
1999-08-27,0.56,0.58,0.56,0.58,0.49,446835200.0
1999-08-30,0.58,0.58,0.55,0.55,0.47,336593600.0
1999-08-31,0.56,0.59,0.55,0.58,0.49,634547200.0
1999-09-01,0.6,0.61,0.59,0.61,0.52,788625600.0
1999-09-02,0.6,0.64,0.6,0.63,0.53,895148800.0
1999-09-03,0.64,0.67,0.63,0.66,0.55,1635267200.0
1999-09-07,0.66,0.7,0.66,0.68,0.57,984793600.0
1999-09-08,0.68,0.69,0.67,0.67,0.56,762204800.0
1999-09-09,0.67,0.68,0.66,0.67,0.57,534083200.0
1999-09-10,0.68,0.69,0.67,0.69,0.58,458763200.0
1999-09-13,0.69,0.69,0.67,0.67,0.56,252000000.0
1999-09-14,0.67,0.7,0.67,0.69,0.58,388292800.0
1999-09-15,0.7,0.71,0.67,0.67,0.57,359576000.0
1999-09-16,0.68,0.7,0.66,0.69,0.58,441884800.0
1999-09-17,0.69,0.69,0.68,0.69,0.58,277278400.0
1999-09-20,0.69,0.72,0.69,0.71,0.59,456668800.0
1999-09-21,0.65,0.65,0.62,0.62,0.52,3357558400.0
1999-09-22,0.62,0.64,0.62,0.63,0.53,1123169600.0
1999-09-23,0.64,0.64,0.56,0.57,0.48,1143755200.0
1999-09-24,0.57,0.6,0.56,0.58,0.49,1179875200.0
1999-09-27,0.59,0.6,0.55,0.55,0.46,948192000.0
1999-09-28,0.55,0.55,0.51,0.53,0.45,1414963200.0
1999-09-29,0.54,0.55,0.52,0.53,0.44,657283200.0
1999-09-30,0.53,0.57,0.53,0.57,0.48,908084800.0
1999-10-01,0.55,0.56,0.53,0.55,0.46,614790400.0
1999-10-04,0.56,0.58,0.56,0.58,0.48,459356800.0
1999-10-05,0.59,0.61,0.58,0.61,0.51,814206400.0
1999-10-06,0.62,0.62,0.6,0.6,0.5,804272000.0
1999-10-07,0.61,0.61,0.58,0.59,0.5,605886400.0
1999-10-08,0.59,0.59,0.57,0.59,0.49,382804800.0
1999-10-11,0.59,0.61,0.59,0.6,0.5,263121600.0
1999-10-12,0.61,0.62,0.6,0.6,0.51,563752000.0
1999-10-13,0.59,0.62,0.57,0.57,0.48,636731200.0
1999-10-14,0.62,0.65,0.62,0.65,0.55,1898803200.0
1999-10-15,0.64,0.68,0.63,0.67,0.56,1173177600.0
1999-10-18,0.66,0.66,0.64,0.65,0.55,776406400.0
1999-10-19,0.64,0.67,0.61,0.61,0.51,1022582400.0
1999-10-20,0.63,0.67,0.63,0.67,0.56,1081404800.0
1999-10-21,0.65,0.69,0.65,0.68,0.57,793452800.0
1999-10-22,0.69,0.69,0.66,0.66,0.55,419507200.0
1999-10-25,0.66,0.68,0.66,0.67,0.56,326592000.0
1999-10-26,0.67,0.67,0.65,0.67,0.56,361435200.0
1999-10-27,0.66,0.68,0.66,0.68,0.57,443072000.0
1999-10-28,0.69,0.71,0.68,0.7,0.58,504089600.0
1999-10-29,0.7,0.72,0.7,0.72,0.6,523051200.0
1999-11-01,0.71,0.72,0.69,0.69,0.58,278577600.0
1999-11-02,0.7,0.73,0.69,0.72,0.6,399235200.0
1999-11-03,0.73,0.74,0.72,0.73,0.61,328462400.0
1999-11-04,0.73,0.76,0.72,0.75,0.63,379086400.0
1999-11-05,0.76,0.79,0.75,0.79,0.66,416808000.0
1999-11-08,0.78,0.87,0.77,0.86,0.72,950924800.0
1999-11-09,0.84,0.84,0.79,0.8,0.67,809177600.0
1999-11-10,0.79,0.83,0.79,0.82,0.69,577897600.0
1999-11-11,0.82,0.83,0.8,0.82,0.69,269875200.0
1999-11-12,0.82,0.82,0.78,0.81,0.68,279059200.0
1999-11-15,0.8,0.83,0.79,0.8,0.67,259907200.0
1999-11-16,0.8,0.82,0.79,0.81,0.68,233856000.0
1999-11-17,0.81,0.85,0.8,0.81,0.68,364571200.0
1999-11-18,0.81,0.81,0.79,0.8,0.67,364784000.0
1999-11-19,0.8,0.83,0.79,0.83,0.69,312513600.0
1999-11-22,0.82,0.82,0.8,0.81,0.68,202361600.0
1999-11-23,0.82,0.85,0.79,0.83,0.7,543312000.0
1999-11-24,0.83,0.85,0.82,0.85,0.71,215107200.0
1999-11-26,0.85,0.85,0.84,0.85,0.71,132070400.0
1999-11-29,0.84,0.89,0.83,0.84,0.71,464161600.0
1999-11-30,0.88,0.93,0.87,0.87,0.73,843180800.0
1999-12-01,0.9,0.93,0.89,0.92,0.77,618564800.0
1999-12-02,0.92,0.99,0.91,0.98,0.83,567358400.0
1999-12-03,1.0,1.03,1.0,1.03,0.86,647920000.0
1999-12-06,1.02,1.05,0.99,1.04,0.87,466782400.0
1999-12-07,1.04,1.05,1.02,1.05,0.88,445020800.0
1999-12-08,1.04,1.05,0.98,0.98,0.83,412350400.0
1999-12-09,0.99,0.99,0.9,0.94,0.79,855198400.0
1999-12-10,0.94,0.98,0.88,0.92,0.77,637761600.0
1999-12-13,0.91,0.92,0.88,0.88,0.74,529961600.0
1999-12-14,0.88,0.89,0.85,0.85,0.71,435870400.0
1999-12-15,0.83,0.87,0.81,0.87,0.73,622977600.0
1999-12-16,0.88,0.88,0.84,0.88,0.74,463825600.0
1999-12-17,0.9,0.91,0.88,0.89,0.75,495006400.0
1999-12-20,0.89,0.89,0.86,0.88,0.74,283987200.0
1999-12-21,0.88,0.92,0.87,0.92,0.77,307596800.0
1999-12-22,0.92,0.93,0.88,0.89,0.75,327073600.0
1999-12-23,0.91,0.93,0.9,0.92,0.78,229532800.0
1999-12-27,0.93,0.93,0.89,0.89,0.75,168392000.0
1999-12-28,0.89,0.89,0.85,0.88,0.74,247576000.0
1999-12-29,0.86,0.91,0.85,0.9,0.76,284502400.0
1999-12-30,0.91,0.93,0.89,0.9,0.75,207144000.0
1999-12-31,0.9,0.92,0.89,0.92,0.77,163811200.0
2000-01-03,0.94,1.0,0.91,1.0,0.84,535796800.0
2000-01-04,0.97,0.99,0.9,0.92,0.77,512377600.0
2000-01-05,0.93,0.99,0.92,0.93,0.78,778321600.0
2000-01-06,0.95,0.96,0.85,0.85,0.71,767972800.0
2000-01-07,0.86,0.9,0.85,0.89,0.75,460734400.0
2000-01-10,0.91,0.91,0.85,0.87,0.73,505064000.0
2000-01-11,0.86,0.89,0.81,0.83,0.7,441548800.0
2000-01-12,0.85,0.85,0.77,0.78,0.65,976068800.0
2000-01-13,0.84,0.88,0.83,0.86,0.73,1032684800.0
2000-01-14,0.89,0.91,0.89,0.9,0.75,390376000.0
2000-01-18,0.9,0.95,0.9,0.93,0.78,459177600.0
2000-01-19,0.94,0.97,0.92,0.95,0.8,597643200.0
2000-01-20,1.03,1.08,1.01,1.01,0.85,1831132800.0
2000-01-21,1.02,1.02,0.98,0.99,0.84,495924800.0
2000-01-24,0.97,1.01,0.94,0.95,0.8,440876800.0
2000-01-25,0.94,1.01,0.91,1.0,0.84,497145600.0
2000-01-26,0.98,1.02,0.98,0.98,0.83,367158400.0
2000-01-27,0.97,1.01,0.96,0.98,0.83,340144000.0
2000-01-28,0.97,0.99,0.9,0.91,0.76,423348800.0
2000-01-31,0.9,0.93,0.84,0.93,0.78,701680000.0
2000-02-01,0.93,0.94,0.89,0.9,0.75,318035200.0
2000-02-02,0.9,0.91,0.87,0.88,0.74,464195200.0
2000-02-03,0.9,0.93,0.9,0.92,0.78,475193600.0
2000-02-04,0.93,0.98,0.93,0.96,0.81,425320000.0
2000-02-07,0.96,1.02,0.95,1.02,0.86,441067200.0
2000-02-08,1.02,1.04,0.99,1.03,0.86,408643200.0
2000-02-09,1.02,1.05,1.0,1.01,0.85,299364800.0
2000-02-10,1.01,1.02,0.98,1.01,0.85,302982400.0
2000-02-11,1.01,1.02,0.97,0.97,0.82,212251200.0
2000-02-14,0.98,1.03,0.97,1.03,0.87,367539200.0
2000-02-15,1.03,1.07,1.03,1.06,0.89,485744000.0
2000-02-16,1.05,1.05,1.0,1.02,0.86,378246400.0
2000-02-17,1.03,1.03,1.01,1.03,0.86,289497600.0
2000-02-18,1.02,1.03,0.99,0.99,0.83,233441600.0
2000-02-22,0.98,1.04,0.95,1.02,0.85,422296000.0
2000-02-23,1.01,1.06,0.99,1.04,0.87,473099200.0
2000-02-24,1.05,1.06,1.0,1.03,0.86,376432000.0
2000-02-25,1.03,1.04,0.98,0.99,0.83,249144000.0
2000-02-28,0.98,1.03,0.97,1.01,0.85,328328000.0
2000-02-29,1.01,1.05,1.01,1.02,0.86,368961600.0
2000-03-01,1.06,1.18,1.06,1.16,0.98,1077003200.0
2000-03-02,1.13,1.14,1.08,1.09,0.92,311259200.0
2000-03-03,1.11,1.14,1.07,1.14,0.96,323366400.0
2000-03-06,1.13,1.15,1.12,1.12,0.94,210560000.0
2000-03-07,1.13,1.14,1.08,1.1,0.92,273011200.0
2000-03-08,1.1,1.11,1.06,1.09,0.92,271230400.0
2000-03-09,1.08,1.12,1.06,1.09,0.92,276718400.0
2000-03-10,1.09,1.14,1.08,1.12,0.94,248606400.0
2000-03-13,1.09,1.13,1.07,1.08,0.91,303956800.0
2000-03-14,1.08,1.11,1.02,1.02,0.86,428579200.0
2000-03-15,1.03,1.07,1.02,1.04,0.87,443609600.0
2000-03-16,1.05,1.09,1.02,1.09,0.91,378100800.0
2000-03-17,1.07,1.12,1.07,1.12,0.94,305043200.0
2000-03-20,1.1,1.13,1.09,1.1,0.92,204489600.0
2000-03-21,1.09,1.22,1.09,1.2,1.01,524328000.0
2000-03-22,1.19,1.29,1.17,1.29,1.08,567996800.0
2000-03-23,1.27,1.34,1.25,1.26,1.06,562564800.0
2000-03-24,1.27,1.29,1.21,1.24,1.04,446913600.0
2000-03-27,1.23,1.29,1.22,1.25,1.05,279182400.0
2000-03-28,1.23,1.27,1.22,1.24,1.04,202966400.0
2000-03-29,1.24,1.24,1.19,1.21,1.02,239836800.0
2000-03-30,1.19,1.23,1.12,1.12,0.94,414400000.0
2000-03-31,1.14,1.23,1.13,1.21,1.02,404633600.0
2000-04-03,1.21,1.25,1.16,1.19,1.0,328563200.0
2000-04-04,1.18,1.19,1.04,1.14,0.96,660329600.0
2000-04-05,1.13,1.19,1.11,1.16,0.98,457665600.0
2000-04-06,1.17,1.2,1.1,1.12,0.94,259627200.0
2000-04-07,1.14,1.18,1.12,1.18,0.99,242435200.0
2000-04-10,1.18,1.19,1.11,1.12,0.94,212262400.0
2000-04-11,1.1,1.11,1.05,1.07,0.9,541822400.0
2000-04-12,1.06,1.06,0.94,0.98,0.82,941136000.0
2000-04-13,1.0,1.07,0.97,1.02,0.85,529827200.0
2000-04-14,0.98,1.05,0.97,1.0,0.84,667620800.0
2000-04-17,0.98,1.11,0.97,1.11,0.93,409561600.0
2000-04-18,1.1,1.13,1.07,1.13,0.95,390924800.0
2000-04-19,1.13,1.16,1.07,1.08,0.91,520150400.0
2000-04-20,1.1,1.11,1.05,1.06,0.89,722120000.0
2000-04-24,1.03,1.08,1.02,1.08,0.9,443620800.0
2000-04-25,1.09,1.15,1.09,1.15,0.96,391641600.0
2000-04-26,1.13,1.14,1.07,1.08,0.91,366912000.0
2000-04-27,1.05,1.13,1.04,1.13,0.95,326603200.0
2000-04-28,1.14,1.14,1.08,1.11,0.93,249580800.0
2000-05-01,1.11,1.12,1.09,1.11,0.93,226195200.0
2000-05-02,1.1,1.13,1.05,1.05,0.88,236432000.0
2000-05-03,1.06,1.08,1.0,1.03,0.86,489798400.0
2000-05-04,1.03,1.03,0.99,0.99,0.83,399515200.0
2000-05-05,0.99,1.02,0.99,1.01,0.85,284076800.0
2000-05-08,1.0,1.02,0.98,0.98,0.83,184900800.0
2000-05-09,0.98,0.99,0.94,0.94,0.79,327140800.0
2000-05-10,0.93,0.94,0.88,0.89,0.75,535091200.0
2000-05-11,0.91,0.93,0.88,0.92,0.77,499744000.0
2000-05-12,0.95,0.99,0.94,0.96,0.81,306913600.0
2000-05-15,0.96,0.96,0.89,0.9,0.76,678932800.0
2000-05-16,0.93,0.97,0.92,0.94,0.79,440451200.0
2000-05-17,0.93,0.93,0.9,0.91,0.76,398092800.0
2000-05-18,0.92,0.94,0.9,0.9,0.76,373777600.0
2000-05-19,0.89,0.89,0.83,0.84,0.71,740667200.0
2000-05-22,0.84,0.84,0.77,0.8,0.67,755507200.0
2000-05-23,0.81,0.83,0.76,0.77,0.64,517585600.0
2000-05-24,0.77,0.8,0.74,0.78,0.66,678462400.0
2000-05-25,0.79,0.83,0.77,0.78,0.65,406750400.0
2000-05-26,0.79,0.8,0.76,0.77,0.65,181148800.0
2000-05-30,0.78,0.79,0.73,0.78,0.66,713059200.0
2000-05-31,0.78,0.81,0.75,0.75,0.63,433507200.0
2000-06-01,0.73,0.8,0.72,0.8,0.67,903840000.0
2000-06-02,0.84,0.89,0.79,0.83,0.69,792848000.0
2000-06-05,0.83,0.85,0.8,0.82,0.69,323668800.0
2000-06-06,0.82,0.86,0.81,0.83,0.7,525481600.0
2000-06-07,0.84,0.87,0.82,0.86,0.72,337019200.0
2000-06-08,0.87,0.88,0.83,0.85,0.71,238526400.0
2000-06-09,0.86,0.87,0.84,0.85,0.72,252358400.0
2000-06-12,0.86,0.86,0.81,0.81,0.68,290337600.0
2000-06-13,0.81,0.85,0.79,0.84,0.71,351456000.0
2000-06-14,0.85,0.86,0.8,0.81,0.68,277446400.0
2000-06-15,0.81,0.83,0.79,0.82,0.69,248572800.0
2000-06-16,0.83,0.84,0.8,0.81,0.68,303564800.0
2000-06-19,0.81,0.87,0.8,0.86,0.73,394004800.0
2000-06-20,0.88,0.93,0.88,0.9,0.76,501390400.0
2000-06-21,0.9,1.02,0.9,0.99,0.83,490000000.0
2000-06-22,1.0,1.03,0.96,0.96,0.81,467712000.0
2000-06-23,0.96,0.98,0.91,0.92,0.78,204965600.0
2000-06-26,0.94,0.98,0.93,0.97,0.81,185354400.0
2000-06-27,0.96,0.99,0.92,0.92,0.78,203470400.0
2000-06-28,0.95,0.99,0.92,0.97,0.82,286428800.0
2000-06-29,0.95,0.96,0.91,0.92,0.77,203660800.0
2000-06-30,0.94,0.98,0.92,0.94,0.79,323097600.0
2000-07-03,0.93,0.97,0.93,0.95,0.8,70828800.0
2000-07-05,0.95,0.99,0.91,0.92,0.77,265216000.0
2000-07-06,0.94,0.95,0.89,0.93,0.78,309545600.0
2000-07-07,0.94,0.98,0.93,0.97,0.82,263603200.0
2000-07-10,0.97,1.04,0.96,1.02,0.86,397796000.0
2000-07-11,1.02,1.06,0.99,1.02,0.85,357896000.0
2000-07-12,1.04,1.05,1.01,1.05,0.88,225433600.0
2000-07-13,1.04,1.08,0.98,1.01,0.85,445659200.0
2000-07-14,1.02,1.05,1.02,1.03,0.87,190276800.0
2000-07-17,1.04,1.05,1.02,1.04,0.88,260002400.0
2000-07-18,1.04,1.05,1.02,1.02,0.86,318404800.0
2000-07-19,0.99,1.01,0.92,0.94,0.79,457872800.0
2000-07-20,0.98,1.02,0.97,0.98,0.83,465572800.0
2000-07-21,0.97,0.99,0.95,0.96,0.8,196235200.0
2000-07-24,0.94,0.94,0.85,0.87,0.73,412171200.0
2000-07-25,0.9,0.9,0.88,0.89,0.75,211607200.0
2000-07-26,0.89,0.92,0.88,0.89,0.75,210470400.0
2000-07-27,0.89,0.95,0.89,0.93,0.78,294985600.0
2000-07-28,0.93,0.94,0.84,0.86,0.73,237893600.0
2000-07-31,0.88,0.92,0.87,0.91,0.76,155299200.0
2000-08-01,0.9,0.91,0.88,0.88,0.74,137284000.0
2000-08-02,0.88,0.89,0.84,0.84,0.71,162355200.0
2000-08-03,0.81,0.86,0.79,0.86,0.72,339897600.0
2000-08-04,0.88,0.92,0.83,0.85,0.71,263121600.0
2000-08-07,0.85,0.88,0.84,0.86,0.72,187348000.0
2000-08-08,0.86,0.86,0.83,0.83,0.7,176674400.0
2000-08-09,0.86,0.86,0.84,0.85,0.71,379640800.0
2000-08-10,0.86,0.86,0.85,0.85,0.71,251714400.0
2000-08-11,0.84,0.86,0.81,0.85,0.72,238056000.0
2000-08-14,0.85,0.85,0.83,0.84,0.71,156660000.0
2000-08-15,0.84,0.86,0.83,0.83,0.7,114200800.0
2000-08-16,0.84,0.88,0.84,0.87,0.73,143673600.0
2000-08-17,0.86,0.94,0.86,0.92,0.77,270900000.0
2000-08-18,0.92,0.93,0.89,0.89,0.75,190176000.0
2000-08-21,0.9,0.92,0.89,0.9,0.76,134467200.0
2000-08-22,0.9,0.94,0.9,0.92,0.78,276802400.0
2000-08-23,0.92,0.98,0.91,0.97,0.82,236863200.0
2000-08-24,0.98,1.01,0.95,1.0,0.84,310766400.0
2000-08-25,1.01,1.03,1.01,1.01,0.85,334460000.0
2000-08-28,1.02,1.05,1.02,1.04,0.87,359004800.0
2000-08-29,1.03,1.06,1.03,1.06,0.89,267030400.0
2000-08-30,1.05,1.07,1.05,1.06,0.89,285392800.0
2000-08-31,1.05,1.1,1.05,1.09,0.91,419596800.0
2000-09-01,1.09,1.14,1.09,1.13,0.95,256872000.0
2000-09-05,1.12,1.15,1.11,1.11,0.94,298642400.0
2000-09-06,1.1,1.11,1.03,1.04,0.88,355404000.0
2000-09-07,1.06,1.12,1.04,1.11,0.93,217464800.0
2000-09-08,1.1,1.1,1.04,1.05,0.88,195518400.0
2000-09-11,1.05,1.08,1.04,1.04,0.88,187381600.0
2000-09-12,1.02,1.07,1.02,1.03,0.87,187997600.0
2000-09-13,1.01,1.06,1.01,1.04,0.87,305984000.0
2000-09-14,1.05,1.06,1.01,1.02,0.85,426552000.0
2000-09-15,1.03,1.04,0.97,0.99,0.83,394514400.0
2000-09-18,0.99,1.08,0.98,1.08,0.91,424536000.0
2000-09-19,1.07,1.08,1.05,1.07,0.9,271510400.0
2000-09-20,1.06,1.1,1.05,1.09,0.92,227388000.0
2000-09-21,1.04,1.06,0.99,1.01,0.85,510490400.0
2000-09-22,0.9,0.94,0.89,0.93,0.78,726700800.0
2000-09-25,0.94,0.99,0.93,0.96,0.8,435551200.0
2000-09-26,0.95,0.98,0.92,0.92,0.77,290936800.0
2000-09-27,0.92,0.94,0.86,0.87,0.73,402259200.0
2000-09-28,0.88,0.96,0.86,0.96,0.8,979585600.0
2000-09-29,0.5,0.52,0.45,0.46,0.39,7421640800.0
2000-10-02,0.48,0.48,0.42,0.43,0.36,2424788800.0
2000-10-03,0.45,0.45,0.4,0.4,0.33,2038120000.0
2000-10-04,0.4,0.42,0.39,0.42,0.35,1466024000.0
2000-10-05,0.42,0.44,0.39,0.39,0.33,873006400.0
2000-10-06,0.41,0.41,0.38,0.4,0.33,612656800.0
2000-10-09,0.4,0.41,0.38,0.39,0.33,597564800.0
2000-10-10,0.39,0.4,0.37,0.37,0.31,691101600.0
2000-10-11,0.36,0.38,0.34,0.35,0.29,1198422400.0
2000-10-12,0.36,0.37,0.35,0.36,0.3,1191064000.0
2000-10-13,0.36,0.4,0.36,0.39,0.33,1247752800.0
2000-10-16,0.4,0.42,0.38,0.38,0.32,820176000.0
2000-10-17,0.39,0.39,0.35,0.36,0.3,601720000.0
2000-10-18,0.35,0.38,0.33,0.36,0.3,834265600.0
2000-10-19,0.34,0.35,0.33,0.34,0.28,1506724800.0
2000-10-20,0.34,0.36,0.34,0.35,0.29,791263200.0
2000-10-23,0.36,0.37,0.35,0.36,0.31,551292000.0
2000-10-24,0.37,0.37,0.34,0.34,0.28,804451200.0
2000-10-25,0.34,0.34,0.33,0.33,0.28,663969600.0
2000-10-26,0.34,0.34,0.31,0.33,0.28,721851200.0
2000-10-27,0.34,0.34,0.32,0.33,0.28,744503200.0
2000-10-30,0.34,0.36,0.33,0.34,0.29,639189600.0
2000-10-31,0.35,0.36,0.34,0.35,0.29,885880800.0
2000-11-01,0.35,0.37,0.35,0.37,0.31,575366400.0
2000-11-02,0.38,0.4,0.38,0.4,0.33,590693600.0
2000-11-03,0.41,0.41,0.39,0.4,0.33,515821600.0
2000-11-06,0.4,0.4,0.37,0.38,0.32,393478400.0
2000-11-07,0.38,0.39,0.37,0.38,0.32,301963200.0
2000-11-08,0.38,0.38,0.35,0.36,0.3,422088800.0
2000-11-09,0.35,0.37,0.34,0.36,0.3,476834400.0
2000-11-10,0.35,0.35,0.34,0.34,0.29,422251200.0
2000-11-13,0.33,0.36,0.33,0.35,0.29,431816000.0
2000-11-14,0.36,0.37,0.35,0.36,0.3,409001600.0
2000-11-15,0.36,0.36,0.34,0.35,0.3,282357600.0
2000-11-16,0.35,0.35,0.34,0.34,0.29,239372000.0
2000-11-17,0.34,0.34,0.33,0.33,0.28,446180000.0
2000-11-20,0.33,0.35,0.33,0.34,0.28,408066400.0
2000-11-21,0.34,0.35,0.33,0.34,0.28,301952000.0
2000-11-22,0.34,0.34,0.33,0.33,0.28,280532000.0
2000-11-24,0.34,0.35,0.34,0.34,0.29,160932800.0
2000-11-27,0.35,0.36,0.33,0.33,0.28,258792800.0
2000-11-28,0.33,0.34,0.32,0.32,0.27,269124800.0
2000-11-29,0.32,0.33,0.31,0.31,0.26,492150400.0
2000-11-30,0.3,0.3,0.29,0.29,0.25,809597600.0
2000-12-01,0.3,0.31,0.3,0.3,0.26,385705600.0
2000-12-04,0.31,0.31,0.29,0.3,0.25,371520800.0
2000-12-05,0.3,0.31,0.29,0.3,0.26,613978400.0
2000-12-06,0.26,0.27,0.25,0.26,0.21,1374464000.0
2000-12-07,0.26,0.27,0.25,0.26,0.21,408917600.0
2000-12-08,0.26,0.27,0.26,0.27,0.23,435624000.0
2000-12-11,0.27,0.27,0.27,0.27,0.23,332511200.0
2000-12-12,0.27,0.29,0.27,0.27,0.23,386260000.0
2000-12-13,0.28,0.28,0.27,0.27,0.23,344887200.0
2000-12-14,0.27,0.27,0.26,0.26,0.22,263317600.0
2000-12-15,0.26,0.26,0.25,0.25,0.21,513945600.0
2000-12-18,0.26,0.26,0.25,0.25,0.21,325808000.0
2000-12-19,0.26,0.27,0.25,0.25,0.21,374007200.0
2000-12-20,0.25,0.26,0.24,0.26,0.22,565331200.0
2000-12-21,0.25,0.27,0.25,0.25,0.21,366844800.0
2000-12-22,0.25,0.27,0.25,0.27,0.23,318052000.0
2000-12-26,0.27,0.27,0.25,0.26,0.22,216815200.0
2000-12-27,0.26,0.26,0.25,0.26,0.22,325466400.0
2000-12-28,0.26,0.27,0.26,0.26,0.22,305177600.0
2000-12-29,0.26,0.27,0.26,0.27,0.22,630336000.0
2001-01-02,0.27,0.27,0.26,0.27,0.22,452312000.0
2001-01-03,0.26,0.3,0.26,0.29,0.25,817073600.0
2001-01-04,0.32,0.33,0.3,0.3,0.26,739396000.0
2001-01-05,0.3,0.31,0.29,0.29,0.25,412356000.0
2001-01-08,0.3,0.3,0.28,0.3,0.25,373699200.0
2001-01-09,0.3,0.32,0.3,0.31,0.26,588929600.0
2001-01-10,0.3,0.3,0.29,0.3,0.25,580781600.0
2001-01-11,0.29,0.33,0.29,0.32,0.27,803734400.0
2001-01-12,0.32,0.32,0.3,0.31,0.26,423376800.0
2001-01-16,0.31,0.33,0.3,0.31,0.26,306118400.0
2001-01-17,0.31,0.31,0.29,0.3,0.25,840873600.0
2001-01-18,0.32,0.33,0.31,0.33,0.28,1227010400.0
2001-01-19,0.35,0.35,0.33,0.35,0.29,776664000.0
2001-01-22,0.34,0.35,0.33,0.34,0.29,519327200.0
2001-01-23,0.34,0.37,0.34,0.37,0.31,879530400.0
2001-01-24,0.37,0.37,0.35,0.37,0.31,717091200.0
2001-01-25,0.37,0.37,0.35,0.36,0.3,489708800.0
2001-01-26,0.35,0.35,0.34,0.35,0.29,482820800.0
2001-01-29,0.35,0.39,0.35,0.39,0.33,855528800.0
2001-01-30,0.39,0.39,0.37,0.39,0.33,692423200.0
2001-01-31,0.38,0.4,0.38,0.39,0.32,730704800.0
2001-02-01,0.37,0.38,0.37,0.38,0.32,369695200.0
2001-02-02,0.38,0.39,0.37,0.37,0.31,427341600.0
2001-02-05,0.37,0.37,0.35,0.36,0.3,286115200.0
2001-02-06,0.36,0.38,0.36,0.38,0.32,462711200.0
2001-02-07,0.37,0.37,0.35,0.37,0.31,393887200.0
2001-02-08,0.37,0.38,0.36,0.37,0.31,604128000.0
2001-02-09,0.37,0.37,0.33,0.34,0.29,590083200.0
2001-02-12,0.34,0.36,0.34,0.35,0.3,274120000.0
2001-02-13,0.36,0.36,0.34,0.34,0.29,237070400.0
2001-02-14,0.34,0.35,0.33,0.35,0.29,309120000.0
2001-02-15,0.35,0.37,0.35,0.36,0.3,311416000.0
2001-02-16,0.34,0.35,0.33,0.34,0.29,263911200.0
2001-02-20,0.34,0.35,0.32,0.33,0.27,314893600.0
2001-02-21,0.33,0.36,0.33,0.34,0.28,390258400.0
2001-02-22,0.34,0.35,0.32,0.34,0.28,431961600.0
2001-02-23,0.33,0.34,0.33,0.34,0.28,293865600.0
2001-02-26,0.34,0.35,0.33,0.35,0.29,206438400.0
2001-02-27,0.34,0.35,0.33,0.35,0.29,348516000.0
2001-02-28,0.35,0.35,0.32,0.33,0.27,508233600.0
2001-03-01,0.32,0.33,0.31,0.33,0.28,330461600.0
2001-03-02,0.33,0.36,0.33,0.34,0.29,406201600.0
2001-03-05,0.35,0.37,0.34,0.36,0.31,324172800.0
2001-03-06,0.37,0.39,0.37,0.38,0.32,731802400.0
2001-03-07,0.38,0.39,0.37,0.38,0.32,419540800.0
2001-03-08,0.37,0.38,0.36,0.37,0.31,204859200.0
2001-03-09,0.37,0.37,0.36,0.36,0.3,299135200.0
2001-03-12,0.35,0.35,0.32,0.33,0.28,391020000.0
2001-03-13,0.34,0.35,0.32,0.35,0.29,443329600.0
2001-03-14,0.33,0.37,0.33,0.36,0.31,477775200.0
2001-03-15,0.37,0.38,0.35,0.35,0.3,529317600.0
2001-03-16,0.34,0.36,0.34,0.35,0.29,470316000.0
2001-03-19,0.35,0.37,0.35,0.37,0.31,356008800.0
2001-03-20,0.37,0.37,0.35,0.35,0.3,499206400.0
2001-03-21,0.35,0.37,0.35,0.36,0.3,371375200.0
2001-03-22,0.36,0.39,0.36,0.39,0.32,723301600.0
2001-03-23,0.39,0.42,0.39,0.41,0.35,944888000.0
2001-03-26,0.41,0.42,0.38,0.39,0.33,734451200.0
2001-03-27,0.39,0.41,0.39,0.41,0.34,543821600.0
2001-03-28,0.39,0.4,0.38,0.4,0.33,584662400.0
2001-03-29,0.39,0.42,0.38,0.4,0.34,613065600.0
2001-03-30,0.4,0.41,0.38,0.39,0.33,400349600.0
2001-04-02,0.39,0.4,0.38,0.39,0.32,340911200.0
2001-04-03,0.38,0.38,0.36,0.36,0.3,368687200.0
2001-04-04,0.35,0.36,0.33,0.35,0.29,685484800.0
2001-04-05,0.37,0.4,0.36,0.37,0.31,446762400.0
2001-04-06,0.37,0.38,0.36,0.37,0.31,324889600.0
2001-04-09,0.37,0.38,0.36,0.37,0.31,266582400.0
2001-04-10,0.37,0.41,0.37,0.39,0.33,457374400.0
2001-04-11,0.41,0.41,0.38,0.39,0.33,334096000.0
2001-04-12,0.38,0.41,0.38,0.4,0.34,298933600.0
2001-04-16,0.39,0.4,0.37,0.38,0.32,285224800.0
2001-04-17,0.38,0.38,0.35,0.36,0.31,685199200.0
2001-04-18,0.39,0.43,0.38,0.41,0.34,1100842400.0
2001-04-19,0.46,0.46,0.42,0.46,0.39,1873670400.0
2001-04-20,0.45,0.46,0.44,0.45,0.38,693403200.0
2001-04-23,0.43,0.45,0.43,0.43,0.36,541525600.0
2001-04-24,0.43,0.44,0.42,0.43,0.36,377137600.0
2001-04-25,0.43,0.44,0.42,0.44,0.37,330780800.0
2001-04-26,0.45,0.47,0.44,0.44,0.37,799696800.0
2001-04-27,0.45,0.47,0.44,0.47,0.39,453012000.0
2001-04-30,0.48,0.48,0.44,0.46,0.38,494776800.0
2001-05-01,0.45,0.47,0.45,0.46,0.39,427252000.0
2001-05-02,0.47,0.48,0.46,0.47,0.4,368524800.0
2001-05-03,0.46,0.47,0.44,0.45,0.37,301543200.0
2001-05-04,0.43,0.46,0.43,0.46,0.39,281052800.0
2001-05-07,0.46,0.46,0.44,0.45,0.37,276550400.0
2001-05-08,0.45,0.45,0.43,0.44,0.37,315436800.0
2001-05-09,0.43,0.44,0.42,0.43,0.36,324889600.0
2001-05-10,0.43,0.44,0.41,0.41,0.35,288976800.0
2001-05-11,0.41,0.42,0.41,0.41,0.34,203044800.0
2001-05-14,0.41,0.42,0.41,0.42,0.35,309220800.0
2001-05-15,0.42,0.46,0.41,0.41,0.35,237025600.0
2001-05-16,0.42,0.44,0.41,0.43,0.36,322330400.0
2001-05-17,0.43,0.43,0.42,0.42,0.35,332119200.0
2001-05-18,0.42,0.42,0.41,0.42,0.35,159051200.0
2001-05-21,0.42,0.43,0.41,0.42,0.35,460997600.0
2001-05-22,0.43,0.43,0.42,0.42,0.35,412916000.0
2001-05-23,0.42,0.42,0.41,0.41,0.35,281041600.0
2001-05-24,0.42,0.42,0.4,0.41,0.35,271756800.0
2001-05-25,0.41,0.42,0.4,0.41,0.34,158743200.0
2001-05-29,0.4,0.4,0.37,0.38,0.32,515989600.0
2001-05-30,0.37,0.37,0.34,0.35,0.3,777078400.0
2001-05-31,0.35,0.36,0.35,0.36,0.3,442892800.0
2001-06-01,0.36,0.38,0.36,0.37,0.31,456075200.0
2001-06-04,0.38,0.38,0.37,0.37,0.31,281920800.0
2001-06-05,0.37,0.38,0.36,0.37,0.31,471794400.0
2001-06-06,0.37,0.37,0.36,0.37,0.31,223176800.0
2001-06-07,0.37,0.39,0.37,0.39,0.33,325180800.0
2001-06-08,0.39,0.39,0.37,0.38,0.32,342624800.0
2001-06-11,0.38,0.38,0.36,0.36,0.3,294000000.0
2001-06-12,0.35,0.37,0.35,0.36,0.3,303794400.0
2001-06-13,0.38,0.39,0.36,0.37,0.31,511487200.0
2001-06-14,0.36,0.37,0.35,0.35,0.3,297348800.0
2001-06-15,0.36,0.37,0.35,0.37,0.31,454624800.0
2001-06-18,0.36,0.37,0.36,0.36,0.31,345912000.0
2001-06-19,0.37,0.38,0.36,0.36,0.3,321087200.0
2001-06-20,0.36,0.39,0.36,0.39,0.33,431620000.0
2001-06-21,0.38,0.41,0.38,0.4,0.34,341331200.0
2001-06-22,0.4,0.41,0.39,0.4,0.33,286025600.0
2001-06-25,0.4,0.43,0.4,0.43,0.36,439549600.0
2001-06-26,0.42,0.42,0.41,0.42,0.36,272781600.0
2001-06-27,0.43,0.43,0.4,0.42,0.35,374130400.0
2001-06-28,0.41,0.43,0.41,0.42,0.35,348409600.0
2001-06-29,0.42,0.45,0.41,0.42,0.35,515390400.0
2001-07-02,0.42,0.43,0.41,0.43,0.36,230048000.0
2001-07-03,0.42,0.43,0.42,0.43,0.36,112543200.0
2001-07-05,0.42,0.42,0.41,0.41,0.35,152292000.0
2001-07-06,0.41,0.41,0.39,0.39,0.33,302920800.0
2001-07-09,0.39,0.41,0.39,0.41,0.34,337467200.0
2001-07-10,0.41,0.41,0.37,0.38,0.32,395270400.0
2001-07-11,0.38,0.4,0.38,0.4,0.34,470506400.0
2001-07-12,0.42,0.44,0.42,0.44,0.37,614801600.0
2001-07-13,0.43,0.45,0.43,0.44,0.37,454742400.0
2001-07-16,0.44,0.45,0.43,0.43,0.36,278667200.0
2001-07-17,0.43,0.45,0.41,0.45,0.38,647830400.0
2001-07-18,0.39,0.41,0.36,0.37,0.31,1137012800.0
2001-07-19,0.38,0.38,0.35,0.36,0.3,861140000.0
2001-07-20,0.35,0.36,0.35,0.36,0.3,444584000.0
2001-07-23,0.36,0.37,0.35,0.35,0.29,241360000.0
2001-07-24,0.35,0.36,0.33,0.34,0.29,348376000.0
2001-07-25,0.34,0.34,0.32,0.33,0.28,443878400.0
2001-07-26,0.33,0.34,0.32,0.33,0.28,369140800.0
2001-07-27,0.33,0.34,0.33,0.34,0.28,334135200.0
2001-07-30,0.34,0.35,0.33,0.34,0.28,243359200.0
2001-07-31,0.34,0.35,0.33,0.34,0.28,235026400.0
2001-08-01,0.34,0.35,0.34,0.34,0.29,304136000.0
2001-08-02,0.35,0.35,0.34,0.35,0.3,252089600.0
2001-08-03,0.36,0.36,0.34,0.35,0.29,186054400.0
2001-08-06,0.34,0.35,0.34,0.34,0.29,99652000.0
2001-08-07,0.35,0.35,0.34,0.34,0.29,168548800.0
2001-08-08,0.34,0.35,0.33,0.34,0.28,276169600.0
2001-08-09,0.34,0.34,0.33,0.34,0.29,200664800.0
2001-08-10,0.34,0.34,0.33,0.34,0.29,186961600.0
2001-08-13,0.34,0.35,0.34,0.34,0.29,147996800.0
2001-08-14,0.34,0.35,0.33,0.33,0.28,228950400.0
2001-08-15,0.34,0.34,0.32,0.33,0.28,289279200.0
2001-08-16,0.33,0.33,0.32,0.33,0.28,288092000.0
2001-08-17,0.32,0.33,0.32,0.32,0.27,208426400.0
2001-08-20,0.32,0.33,0.32,0.32,0.27,252302400.0
2001-08-21,0.32,0.32,0.32,0.32,0.27,185701600.0
2001-08-22,0.32,0.33,0.31,0.33,0.27,173975200.0
2001-08-23,0.32,0.33,0.31,0.32,0.27,217078400.0
2001-08-24,0.32,0.33,0.32,0.33,0.28,290332000.0
2001-08-27,0.33,0.34,0.32,0.34,0.28,175644000.0
2001-08-28,0.34,0.34,0.33,0.33,0.28,171735200.0
2001-08-29,0.33,0.34,0.32,0.32,0.27,239971200.0
2001-08-30,0.32,0.32,0.31,0.32,0.27,368692800.0
2001-08-31,0.32,0.33,0.32,0.33,0.28,216904800.0
2001-09-04,0.33,0.34,0.32,0.33,0.27,348213600.0
2001-09-05,0.33,0.34,0.32,0.33,0.28,360057600.0
2001-09-06,0.33,0.34,0.32,0.32,0.27,282368800.0
2001-09-07,0.31,0.32,0.31,0.31,0.26,241830400.0
2001-09-10,0.3,0.31,0.3,0.31,0.26,308845600.0
2001-09-17,0.29,0.3,0.28,0.3,0.26,458007200.0
2001-09-18,0.3,0.32,0.29,0.29,0.24,327101600.0
2001-09-19,0.29,0.31,0.28,0.3,0.26,373318400.0
2001-09-20,0.29,0.3,0.28,0.28,0.24,411174400.0
2001-09-21,0.26,0.29,0.26,0.28,0.24,570516800.0
2001-09-24,0.29,0.3,0.28,0.29,0.25,294537600.0
2001-09-25,0.29,0.29,0.27,0.28,0.23,374404800.0
2001-09-26,0.28,0.28,0.27,0.27,0.23,493796800.0
2001-09-27,0.27,0.28,0.27,0.28,0.23,322240800.0
2001-09-28,0.28,0.28,0.27,0.28,0.23,365108800.0
2001-10-01,0.28,0.29,0.27,0.28,0.23,208208000.0
2001-10-02,0.28,0.28,0.27,0.27,0.23,235883200.0
2001-10-03,0.27,0.27,0.26,0.27,0.22,683043200.0
2001-10-04,0.27,0.29,0.27,0.28,0.24,401122400.0
2001-10-05,0.28,0.29,0.27,0.29,0.24,342686400.0
2001-10-08,0.28,0.29,0.28,0.29,0.24,207984000.0
2001-10-09,0.29,0.29,0.28,0.29,0.24,174025600.0
2001-10-10,0.29,0.3,0.28,0.3,0.25,307759200.0
2001-10-11,0.3,0.32,0.3,0.32,0.27,334163200.0
2001-10-12,0.31,0.32,0.3,0.32,0.27,287812000.0
2001-10-15,0.32,0.33,0.32,0.32,0.27,318752000.0
2001-10-16,0.32,0.32,0.32,0.32,0.27,202949600.0
2001-10-17,0.33,0.33,0.3,0.3,0.26,285538400.0
2001-10-18,0.31,0.33,0.31,0.32,0.27,612572800.0
2001-10-19,0.32,0.33,0.32,0.33,0.27,166790400.0
2001-10-22,0.33,0.34,0.32,0.34,0.29,391938400.0
2001-10-23,0.34,0.35,0.32,0.32,0.27,684980800.0
2001-10-24,0.32,0.34,0.32,0.34,0.28,374427200.0
2001-10-25,0.33,0.34,0.32,0.34,0.29,254951200.0
2001-10-26,0.34,0.34,0.33,0.33,0.28,278964000.0
2001-10-29,0.33,0.33,0.31,0.31,0.26,239181600.0
2001-10-30,0.31,0.32,0.3,0.31,0.26,276763200.0
2001-10-31,0.32,0.33,0.31,0.31,0.26,273750400.0
2001-11-01,0.32,0.34,0.31,0.33,0.28,312995200.0
2001-11-02,0.33,0.34,0.32,0.33,0.28,197204000.0
2001-11-05,0.34,0.34,0.33,0.34,0.29,235793600.0
2001-11-06,0.34,0.35,0.33,0.35,0.29,316019200.0
2001-11-07,0.35,0.36,0.35,0.35,0.29,382989600.0
2001-11-08,0.35,0.36,0.33,0.33,0.28,342143200.0
2001-11-09,0.33,0.34,0.33,0.33,0.28,134293600.0
2001-11-12,0.33,0.34,0.32,0.33,0.28,201499200.0
2001-11-13,0.34,0.35,0.33,0.35,0.29,224672000.0
2001-11-14,0.35,0.36,0.34,0.35,0.29,221149600.0
2001-11-15,0.35,0.36,0.34,0.35,0.29,213029600.0
2001-11-16,0.34,0.34,0.33,0.34,0.28,230664000.0
2001-11-19,0.34,0.36,0.34,0.36,0.3,332589600.0
2001-11-20,0.35,0.36,0.35,0.35,0.29,276584000.0
2001-11-21,0.35,0.35,0.34,0.35,0.3,201583200.0
2001-11-23,0.35,0.36,0.35,0.35,0.3,60004000.0
2001-11-26,0.36,0.38,0.35,0.38,0.32,460689600.0
2001-11-27,0.38,0.38,0.37,0.38,0.32,268553600.0
2001-11-28,0.37,0.38,0.36,0.37,0.31,250611200.0
2001-11-29,0.37,0.37,0.36,0.36,0.31,202764800.0
2001-11-30,0.37,0.38,0.36,0.38,0.32,303912000.0
2001-12-03,0.38,0.38,0.37,0.38,0.32,181165600.0
2001-12-04,0.38,0.4,0.37,0.4,0.34,380419200.0
2001-12-05,0.4,0.43,0.4,0.42,0.36,568579200.0
2001-12-06,0.42,0.42,0.4,0.41,0.34,338934400.0
2001-12-07,0.4,0.41,0.39,0.4,0.34,203515200.0
2001-12-10,0.4,0.41,0.4,0.4,0.34,170010400.0
2001-12-11,0.4,0.41,0.39,0.39,0.33,205475200.0
2001-12-12,0.39,0.39,0.38,0.38,0.32,192460800.0
2001-12-13,0.38,0.38,0.37,0.38,0.32,197842400.0
2001-12-14,0.37,0.37,0.36,0.36,0.31,189884800.0
2001-12-17,0.36,0.38,0.36,0.37,0.31,173712000.0
2001-12-18,0.37,0.38,0.36,0.38,0.32,235239200.0
2001-12-19,0.37,0.39,0.37,0.39,0.32,289956800.0
2001-12-20,0.38,0.38,0.37,0.37,0.31,220864000.0
2001-12-21,0.38,0.38,0.37,0.38,0.32,256334400.0
2001-12-24,0.37,0.38,0.37,0.38,0.32,50629600.0
2001-12-26,0.38,0.4,0.38,0.38,0.32,146400800.0
2001-12-27,0.39,0.4,0.39,0.39,0.33,191508800.0
2001-12-28,0.39,0.41,0.39,0.4,0.34,299124000.0
2001-12-31,0.4,0.4,0.39,0.39,0.33,137782400.0
2002-01-02,0.39,0.42,0.39,0.42,0.35,529496800.0
2002-01-03,0.41,0.42,0.41,0.42,0.35,612007200.0
2002-01-04,0.42,0.43,0.41,0.42,0.36,409976000.0
2002-01-07,0.42,0.43,0.41,0.41,0.34,444584000.0
2002-01-08,0.41,0.41,0.4,0.4,0.34,450038400.0
2002-01-09,0.41,0.41,0.38,0.39,0.32,327835200.0
2002-01-10,0.38,0.38,0.36,0.38,0.32,452737600.0
2002-01-11,0.38,0.39,0.37,0.38,0.32,348801600.0
2002-01-14,0.38,0.38,0.37,0.38,0.32,415996000.0
2002-01-15,0.38,0.39,0.38,0.39,0.33,290320800.0
2002-01-16,0.38,0.38,0.37,0.37,0.31,566893600.0
2002-01-17,0.39,0.41,0.39,0.4,0.34,660576000.0
2002-01-18,0.39,0.4,0.39,0.4,0.33,338811200.0
2002-01-22,0.4,0.4,0.39,0.39,0.33,327314400.0
2002-01-23,0.39,0.41,0.39,0.41,0.35,443279200.0
2002-01-24,0.41,0.42,0.41,0.41,0.35,344002400.0
2002-01-25,0.41,0.42,0.4,0.42,0.35,185914400.0
2002-01-28,0.42,0.42,0.41,0.42,0.35,186446400.0
2002-01-29,0.41,0.42,0.41,0.41,0.35,240324000.0
2002-01-30,0.41,0.43,0.41,0.43,0.36,471576000.0
2002-01-31,0.43,0.44,0.43,0.44,0.37,468445600.0
2002-02-01,0.43,0.45,0.43,0.44,0.37,398305600.0
2002-02-04,0.43,0.46,0.43,0.45,0.38,522373600.0
2002-02-05,0.45,0.46,0.45,0.45,0.38,456887200.0
2002-02-06,0.46,0.46,0.43,0.44,0.37,597576000.0
2002-02-07,0.44,0.45,0.43,0.43,0.36,347832800.0
2002-02-08,0.44,0.44,0.42,0.43,0.36,355331200.0
2002-02-11,0.43,0.45,0.42,0.45,0.37,398602400.0
2002-02-12,0.44,0.45,0.44,0.44,0.37,224280000.0
2002-02-13,0.44,0.45,0.44,0.45,0.38,312872000.0
2002-02-14,0.45,0.45,0.44,0.44,0.37,260170400.0
2002-02-15,0.44,0.45,0.43,0.43,0.36,260187200.0
2002-02-19,0.42,0.43,0.4,0.4,0.34,390258400.0
2002-02-20,0.41,0.41,0.4,0.41,0.35,285443200.0
2002-02-21,0.41,0.41,0.38,0.38,0.32,446751200.0
2002-02-22,0.39,0.41,0.38,0.41,0.34,406476000.0
2002-02-25,0.41,0.44,0.4,0.43,0.36,426848800.0
2002-02-26,0.43,0.44,0.42,0.42,0.36,260131200.0
2002-02-27,0.43,0.43,0.37,0.39,0.33,1030159200.0
2002-02-28,0.4,0.4,0.38,0.39,0.33,456937600.0
2002-03-01,0.39,0.42,0.39,0.42,0.35,348992000.0
2002-03-04,0.42,0.44,0.41,0.43,0.36,348258400.0
2002-03-05,0.43,0.44,0.42,0.42,0.35,274702400.0
2002-03-06,0.42,0.43,0.41,0.43,0.36,226206400.0
2002-03-07,0.43,0.44,0.42,0.44,0.37,258249600.0
2002-03-08,0.44,0.45,0.43,0.44,0.37,269774400.0
2002-03-11,0.44,0.45,0.43,0.45,0.38,262785600.0
2002-03-12,0.44,0.44,0.43,0.44,0.37,254055200.0
2002-03-13,0.44,0.44,0.43,0.44,0.37,200765600.0
2002-03-14,0.43,0.44,0.43,0.44,0.37,217296800.0
2002-03-15,0.44,0.45,0.43,0.45,0.37,240900800.0
2002-03-18,0.45,0.45,0.43,0.44,0.37,304556000.0
2002-03-19,0.44,0.45,0.43,0.44,0.37,242345600.0
2002-03-20,0.44,0.45,0.44,0.44,0.37,294319200.0
2002-03-21,0.43,0.43,0.42,0.43,0.36,616352800.0
2002-03-22,0.43,0.44,0.43,0.43,0.36,202193600.0
2002-03-25,0.43,0.43,0.41,0.42,0.35,262830400.0
2002-03-26,0.41,0.42,0.41,0.42,0.35,257840800.0
2002-03-27,0.42,0.42,0.42,0.42,0.35,127702400.0
2002-03-28,0.42,0.43,0.42,0.42,0.36,108455200.0
2002-04-01,0.42,0.44,0.42,0.44,0.37,199046400.0
2002-04-02,0.43,0.43,0.43,0.43,0.36,203795200.0
2002-04-03,0.43,0.44,0.42,0.42,0.36,214530400.0
2002-04-04,0.42,0.45,0.42,0.44,0.37,338497600.0
2002-04-05,0.45,0.45,0.43,0.44,0.37,278348000.0
2002-04-08,0.43,0.44,0.42,0.44,0.37,261514400.0
2002-04-09,0.44,0.45,0.43,0.43,0.36,191531200.0
2002-04-10,0.43,0.45,0.43,0.44,0.37,224980000.0
2002-04-11,0.45,0.45,0.44,0.44,0.37,407254400.0
2002-04-12,0.45,0.45,0.44,0.45,0.38,320241600.0
2002-04-15,0.45,0.45,0.44,0.45,0.38,299370400.0
2002-04-16,0.45,0.46,0.45,0.46,0.39,614577600.0
2002-04-17,0.46,0.47,0.45,0.47,0.39,396250400.0
2002-04-18,0.46,0.46,0.44,0.45,0.38,401710400.0
2002-04-19,0.46,0.46,0.45,0.45,0.37,375407200.0
2002-04-22,0.44,0.45,0.43,0.44,0.37,269427200.0
2002-04-23,0.44,0.44,0.43,0.43,0.36,233469600.0
2002-04-24,0.43,0.44,0.42,0.42,0.36,140448000.0
2002-04-25,0.42,0.43,0.42,0.43,0.36,194202400.0
2002-04-26,0.43,0.44,0.41,0.41,0.35,304981600.0
2002-04-29,0.41,0.43,0.41,0.43,0.36,272288800.0
2002-04-30,0.43,0.44,0.42,0.43,0.36,280963200.0
2002-05-01,0.43,0.43,0.42,0.43,0.36,214704000.0
2002-05-02,0.43,0.43,0.42,0.42,0.36,239344000.0
2002-05-03,0.42,0.43,0.42,0.42,0.35,230781600.0
2002-05-06,0.42,0.42,0.4,0.4,0.34,249664800.0
2002-05-07,0.41,0.41,0.4,0.4,0.34,242748800.0
2002-05-08,0.41,0.44,0.41,0.44,0.37,436682400.0
2002-05-09,0.43,0.43,0.43,0.43,0.36,224616000.0
2002-05-10,0.43,0.43,0.41,0.42,0.35,235396000.0
2002-05-13,0.42,0.43,0.41,0.43,0.36,265608000.0
2002-05-14,0.44,0.46,0.43,0.46,0.38,526506400.0
2002-05-15,0.45,0.46,0.44,0.45,0.38,335826400.0
2002-05-16,0.45,0.45,0.44,0.45,0.38,227052000.0
2002-05-17,0.46,0.46,0.44,0.45,0.38,236493600.0
2002-05-20,0.44,0.45,0.44,0.44,0.37,269914400.0
2002-05-21,0.44,0.45,0.42,0.42,0.35,280991200.0
2002-05-22,0.42,0.44,0.42,0.43,0.37,290875200.0
2002-05-23,0.44,0.45,0.43,0.45,0.38,369398400.0
2002-05-24,0.45,0.45,0.43,0.43,0.36,166174400.0
2002-05-28,0.42,0.43,0.42,0.43,0.36,149716000.0
2002-05-29,0.43,0.44,0.42,0.43,0.36,221793600.0
2002-05-30,0.42,0.44,0.42,0.43,0.36,196375200.0
2002-05-31,0.43,0.43,0.42,0.42,0.35,365495200.0
2002-06-03,0.42,0.42,0.4,0.41,0.34,235110400.0
2002-06-04,0.41,0.41,0.4,0.41,0.34,347821600.0
2002-06-05,0.41,0.41,0.4,0.41,0.34,277082400.0
2002-06-06,0.41,0.41,0.39,0.4,0.33,259996800.0
2002-06-07,0.39,0.39,0.37,0.38,0.32,612376800.0
2002-06-10,0.38,0.39,0.38,0.38,0.32,277575200.0
2002-06-11,0.39,0.39,0.36,0.37,0.31,349496000.0
2002-06-12,0.36,0.37,0.36,0.36,0.3,528718400.0
2002-06-13,0.36,0.36,0.35,0.35,0.29,352083200.0
2002-06-14,0.34,0.36,0.32,0.36,0.3,424900000.0
2002-06-17,0.36,0.37,0.35,0.37,0.31,324609600.0
2002-06-18,0.36,0.37,0.36,0.36,0.3,353360000.0
2002-06-19,0.31,0.31,0.3,0.31,0.26,1709467200.0
2002-06-20,0.31,0.31,0.3,0.31,0.26,396636800.0
2002-06-21,0.3,0.31,0.3,0.3,0.25,445177600.0
2002-06-24,0.3,0.32,0.3,0.31,0.26,431933600.0
2002-06-25,0.31,0.32,0.3,0.31,0.26,301201600.0
2002-06-26,0.3,0.31,0.29,0.3,0.25,558952800.0
2002-06-27,0.3,0.31,0.29,0.3,0.26,251658400.0
2002-06-28,0.31,0.32,0.3,0.32,0.27,269858400.0
2002-07-01,0.32,0.32,0.3,0.3,0.26,222689600.0
2002-07-02,0.3,0.31,0.3,0.3,0.25,305188800.0
2002-07-03,0.3,0.32,0.3,0.31,0.26,199029600.0
2002-07-05,0.32,0.33,0.32,0.33,0.28,161649600.0
2002-07-08,0.33,0.33,0.32,0.32,0.27,211204000.0
2002-07-09,0.32,0.33,0.31,0.31,0.26,226749600.0
2002-07-10,0.32,0.32,0.31,0.31,0.26,206880800.0
2002-07-11,0.31,0.33,0.3,0.33,0.27,373676800.0
2002-07-12,0.33,0.34,0.31,0.31,0.26,443492000.0
2002-07-15,0.31,0.33,0.3,0.33,0.27,295993600.0
2002-07-16,0.32,0.33,0.31,0.32,0.27,446768000.0
2002-07-17,0.29,0.29,0.27,0.28,0.23,1215485600.0
2002-07-18,0.28,0.28,0.26,0.27,0.23,559462400.0
2002-07-19,0.26,0.27,0.26,0.27,0.22,385207200.0
2002-07-22,0.26,0.27,0.26,0.27,0.22,430897600.0
2002-07-23,0.27,0.27,0.26,0.26,0.22,399890400.0
2002-07-24,0.26,0.27,0.25,0.27,0.23,406593600.0
2002-07-25,0.27,0.27,0.25,0.26,0.22,479354400.0
2002-07-26,0.26,0.26,0.25,0.26,0.22,207704000.0
2002-07-29,0.26,0.27,0.26,0.27,0.23,274960000.0
2002-07-30,0.27,0.28,0.26,0.28,0.23,354838400.0
2002-07-31,0.28,0.28,0.27,0.27,0.23,310699200.0
2002-08-01,0.27,0.28,0.26,0.26,0.22,228956000.0
2002-08-02,0.26,0.27,0.25,0.26,0.22,179060000.0
2002-08-05,0.26,0.26,0.25,0.25,0.21,204024800.0
2002-08-06,0.25,0.27,0.25,0.26,0.22,272053600.0
2002-08-07,0.27,0.27,0.26,0.27,0.23,333474400.0
2002-08-08,0.26,0.27,0.26,0.27,0.23,227348800.0
2002-08-09,0.27,0.27,0.26,0.27,0.23,205716000.0
2002-08-12,0.27,0.27,0.26,0.27,0.23,179765600.0
2002-08-13,0.27,0.27,0.26,0.26,0.22,269869600.0
2002-08-14,0.26,0.27,0.26,0.27,0.23,399084000.0
2002-08-15,0.27,0.28,0.27,0.28,0.23,322078400.0
2002-08-16,0.28,0.29,0.27,0.28,0.24,245224000.0
2002-08-19,0.28,0.29,0.28,0.29,0.24,216557600.0
2002-08-20,0.29,0.29,0.28,0.28,0.24,186625600.0
2002-08-21,0.29,0.29,0.28,0.29,0.24,202428800.0
2002-08-22,0.29,0.29,0.28,0.29,0.24,258311200.0
2002-08-23,0.28,0.28,0.28,0.28,0.24,163245600.0
2002-08-26,0.28,0.28,0.27,0.28,0.23,189968800.0
2002-08-27,0.28,0.28,0.26,0.27,0.22,262231200.0
2002-08-28,0.26,0.27,0.26,0.26,0.22,247973600.0
2002-08-29,0.26,0.27,0.26,0.26,0.22,164169600.0
2002-08-30,0.26,0.27,0.26,0.26,0.22,193519200.0
2002-09-03,0.26,0.26,0.25,0.25,0.21,276936800.0
2002-09-04,0.25,0.26,0.25,0.26,0.22,420660800.0
2002-09-05,0.25,0.26,0.25,0.25,0.21,226178400.0
2002-09-06,0.26,0.26,0.25,0.26,0.22,181591200.0
2002-09-09,0.25,0.26,0.25,0.26,0.22,158244800.0
2002-09-10,0.26,0.26,0.25,0.26,0.22,249468800.0
2002-09-11,0.26,0.26,0.25,0.26,0.21,202412000.0
2002-09-12,0.25,0.26,0.25,0.25,0.21,269830400.0
2002-09-13,0.25,0.26,0.25,0.25,0.21,282951200.0
2002-09-16,0.25,0.26,0.25,0.26,0.22,286641600.0
2002-09-17,0.26,0.27,0.26,0.26,0.22,427996800.0
2002-09-18,0.26,0.27,0.26,0.27,0.23,328641600.0
2002-09-19,0.26,0.26,0.26,0.26,0.22,205945600.0
2002-09-20,0.26,0.27,0.26,0.27,0.22,352788800.0
2002-09-23,0.26,0.27,0.26,0.27,0.22,263709600.0
2002-09-24,0.26,0.26,0.26,0.26,0.22,250661600.0
2002-09-25,0.26,0.27,0.26,0.27,0.22,254682400.0
2002-09-26,0.27,0.27,0.26,0.26,0.22,208644800.0
2002-09-27,0.26,0.27,0.26,0.26,0.22,206152800.0
2002-09-30,0.26,0.26,0.25,0.26,0.22,237697600.0
2002-10-01,0.26,0.26,0.25,0.26,0.22,342423200.0
2002-10-02,0.26,0.26,0.25,0.25,0.21,229348000.0
2002-10-03,0.25,0.26,0.25,0.26,0.21,217896000.0
2002-10-04,0.26,0.26,0.25,0.25,0.21,190825600.0
2002-10-07,0.25,0.25,0.25,0.25,0.21,244697600.0
2002-10-08,0.25,0.25,0.24,0.24,0.21,453644800.0
2002-10-09,0.24,0.25,0.24,0.24,0.2,356686400.0
2002-10-10,0.24,0.25,0.24,0.25,0.21,321574400.0
2002-10-11,0.25,0.26,0.25,0.26,0.22,294677600.0
2002-10-14,0.26,0.27,0.26,0.26,0.22,194404000.0
2002-10-15,0.27,0.27,0.26,0.27,0.23,405518400.0
2002-10-16,0.27,0.27,0.25,0.26,0.22,307624800.0
2002-10-17,0.25,0.26,0.25,0.25,0.21,469296800.0
2002-10-18,0.25,0.26,0.25,0.26,0.22,288299200.0
2002-10-21,0.25,0.26,0.25,0.26,0.22,238520800.0
2002-10-22,0.26,0.27,0.25,0.26,0.22,218148000.0
2002-10-23,0.26,0.27,0.26,0.27,0.22,209036800.0
2002-10-24,0.27,0.27,0.26,0.26,0.22,174748000.0
2002-10-25,0.26,0.28,0.26,0.28,0.23,279070400.0
2002-10-28,0.28,0.28,0.27,0.28,0.23,349300000.0
2002-10-29,0.28,0.28,0.27,0.28,0.23,259179200.0
2002-10-30,0.28,0.29,0.28,0.29,0.24,270676000.0
2002-10-31,0.29,0.29,0.28,0.29,0.24,295836800.0
2002-11-01,0.28,0.29,0.28,0.29,0.25,189828800.0
2002-11-04,0.29,0.31,0.29,0.3,0.25,376818400.0
2002-11-05,0.3,0.3,0.29,0.3,0.25,210694400.0
2002-11-06,0.31,0.31,0.3,0.31,0.26,216389600.0
2002-11-07,0.3,0.31,0.28,0.29,0.24,336179200.0
2002-11-08,0.29,0.29,0.28,0.28,0.24,190064000.0
2002-11-11,0.28,0.28,0.27,0.27,0.23,152975200.0
2002-11-12,0.27,0.29,0.27,0.28,0.23,223792800.0
2002-11-13,0.28,0.29,0.27,0.28,0.23,231739200.0
2002-11-14,0.28,0.29,0.28,0.29,0.24,141713600.0
2002-11-15,0.29,0.29,0.28,0.28,0.24,160994400.0
2002-11-18,0.29,0.29,0.28,0.28,0.23,164578400.0
2002-11-19,0.28,0.28,0.27,0.27,0.23,210952000.0
2002-11-20,0.27,0.28,0.27,0.28,0.23,208740000.0
2002-11-21,0.28,0.29,0.28,0.29,0.25,418482400.0
2002-11-22,0.29,0.29,0.28,0.29,0.24,227858400.0
2002-11-25,0.29,0.29,0.28,0.29,0.24,199427200.0
2002-11-26,0.28,0.28,0.27,0.28,0.23,240262400.0
2002-11-27,0.28,0.28,0.28,0.28,0.24,286798400.0
2002-11-29,0.28,0.28,0.28,0.28,0.23,143432800.0
2002-12-02,0.28,0.29,0.27,0.27,0.23,398742400.0
2002-12-03,0.27,0.27,0.27,0.27,0.23,227869600.0
2002-12-04,0.27,0.27,0.26,0.27,0.22,325757600.0
2002-12-05,0.27,0.27,0.26,0.26,0.22,243398400.0
2002-12-06,0.26,0.27,0.26,0.27,0.22,245358400.0
2002-12-09,0.27,0.27,0.26,0.26,0.22,236084800.0
2002-12-10,0.26,0.28,0.26,0.27,0.23,308610400.0
2002-12-11,0.27,0.28,0.27,0.28,0.23,253500800.0
2002-12-12,0.28,0.28,0.27,0.27,0.23,149340800.0
2002-12-13,0.27,0.27,0.26,0.26,0.22,164780000.0
2002-12-16,0.26,0.27,0.26,0.27,0.22,251624800.0
2002-12-17,0.27,0.27,0.26,0.27,0.23,222661600.0
2002-12-18,0.26,0.27,0.26,0.26,0.22,150701600.0
2002-12-19,0.26,0.27,0.25,0.25,0.21,347519200.0
2002-12-20,0.26,0.26,0.25,0.25,0.21,318096800.0
2002-12-23,0.25,0.26,0.25,0.26,0.22,125826400.0
2002-12-24,0.26,0.26,0.26,0.26,0.22,39340000.0
2002-12-26,0.26,0.26,0.25,0.26,0.22,85422400.0
2002-12-27,0.26,0.26,0.25,0.25,0.21,80035200.0
2002-12-30,0.25,0.25,0.25,0.25,0.21,155041600.0
2002-12-31,0.25,0.26,0.25,0.26,0.22,200726400.0
2003-01-02,0.26,0.27,0.26,0.26,0.22,181428800.0
2003-01-03,0.26,0.27,0.26,0.27,0.22,147453600.0
2003-01-06,0.27,0.27,0.27,0.27,0.22,390532800.0
2003-01-07,0.26,0.27,0.26,0.27,0.22,342344800.0
2003-01-08,0.26,0.26,0.26,0.26,0.22,229644800.0
2003-01-09,0.26,0.27,0.26,0.26,0.22,215252800.0
2003-01-10,0.26,0.26,0.26,0.26,0.22,175100800.0
2003-01-13,0.27,0.27,0.26,0.26,0.22,178942400.0
2003-01-14,0.26,0.26,0.26,0.26,0.22,186860800.0
2003-01-15,0.26,0.26,0.25,0.26,0.22,371128800.0
2003-01-16,0.25,0.26,0.25,0.26,0.22,559070400.0
2003-01-17,0.26,0.26,0.25,0.25,0.21,266761600.0
2003-01-21,0.25,0.26,0.25,0.25,0.21,253456000.0
2003-01-22,0.25,0.25,0.25,0.25,0.21,215140800.0
2003-01-23,0.25,0.26,0.25,0.25,0.21,228256000.0
2003-01-24,0.25,0.25,0.24,0.25,0.21,305468800.0
2003-01-27,0.24,0.26,0.24,0.25,0.21,391406400.0
2003-01-28,0.25,0.26,0.25,0.26,0.22,286255200.0
2003-01-29,0.26,0.27,0.26,0.27,0.22,373044000.0
2003-01-30,0.27,0.27,0.26,0.26,0.21,407058400.0
2003-01-31,0.25,0.26,0.25,0.26,0.22,341224800.0
2003-02-03,0.26,0.27,0.26,0.26,0.22,264784800.0
2003-02-04,0.26,0.26,0.26,0.26,0.22,317413600.0
2003-02-05,0.26,0.27,0.26,0.26,0.22,221614400.0
2003-02-06,0.26,0.26,0.25,0.26,0.22,179149600.0
2003-02-07,0.26,0.26,0.25,0.25,0.21,269701600.0
2003-02-10,0.25,0.26,0.25,0.26,0.22,167888000.0
2003-02-11,0.26,0.26,0.25,0.26,0.22,164780000.0
2003-02-12,0.25,0.26,0.25,0.26,0.22,228687200.0
2003-02-13,0.26,0.26,0.25,0.26,0.22,208493600.0
2003-02-14,0.26,0.26,0.26,0.26,0.22,243297600.0
2003-02-18,0.26,0.27,0.26,0.27,0.23,290897600.0
2003-02-19,0.27,0.27,0.26,0.27,0.22,240368800.0
2003-02-20,0.27,0.27,0.26,0.26,0.22,224352800.0
2003-02-21,0.26,0.27,0.26,0.27,0.23,157444000.0
2003-02-24,0.27,0.27,0.25,0.26,0.22,180252800.0
2003-02-25,0.26,0.27,0.26,0.27,0.23,188641600.0
2003-02-26,0.27,0.27,0.26,0.26,0.22,217095200.0
2003-02-27,0.26,0.27,0.26,0.27,0.22,154341600.0
2003-02-28,0.27,0.27,0.26,0.27,0.23,195098400.0
2003-03-03,0.27,0.27,0.26,0.26,0.22,203761600.0
2003-03-04,0.26,0.26,0.26,0.26,0.22,126414400.0
2003-03-05,0.26,0.26,0.26,0.26,0.22,126683200.0
2003-03-06,0.26,0.26,0.26,0.26,0.22,99859200.0
2003-03-07,0.26,0.26,0.26,0.26,0.22,200984000.0
2003-03-10,0.26,0.26,0.26,0.26,0.22,134573600.0
2003-03-11,0.26,0.26,0.25,0.25,0.21,161190400.0
2003-03-12,0.25,0.26,0.25,0.25,0.21,222560800.0
2003-03-13,0.26,0.26,0.25,0.26,0.22,335445600.0
2003-03-14,0.26,0.27,0.26,0.26,0.22,153098400.0
2003-03-17,0.27,0.27,0.26,0.27,0.23,399912800.0
2003-03-18,0.27,0.27,0.26,0.27,0.23,229980800.0
2003-03-19,0.27,0.27,0.26,0.27,0.22,141316000.0
2003-03-20,0.27,0.27,0.26,0.27,0.22,163178400.0
2003-03-21,0.27,0.27,0.26,0.27,0.23,297948000.0
2003-03-24,0.26,0.26,0.26,0.26,0.22,161100800.0
2003-03-25,0.26,0.26,0.26,0.26,0.22,167697600.0
2003-03-26,0.26,0.26,0.26,0.26,0.22,178343200.0
2003-03-27,0.26,0.26,0.26,0.26,0.22,122393600.0
2003-03-28,0.26,0.26,0.26,0.26,0.22,145303200.0
2003-03-31,0.26,0.26,0.25,0.25,0.21,256659200.0
2003-04-01,0.25,0.26,0.25,0.25,0.21,154341600.0
2003-04-02,0.26,0.26,0.25,0.26,0.22,171371200.0
2003-04-03,0.26,0.26,0.26,0.26,0.22,145712000.0
2003-04-04,0.26,0.26,0.26,0.26,0.22,146020000.0
2003-04-07,0.27,0.27,0.26,0.26,0.22,196862400.0
2003-04-08,0.26,0.26,0.26,0.26,0.22,128934400.0
2003-04-09,0.26,0.26,0.25,0.25,0.21,146725600.0
2003-04-10,0.25,0.26,0.25,0.26,0.22,107100000.0
2003-04-11,0.25,0.26,0.23,0.24,0.2,1392708800.0
2003-04-14,0.24,0.25,0.24,0.24,0.2,502958400.0
2003-04-15,0.24,0.24,0.24,0.24,0.2,303968000.0
2003-04-16,0.23,0.24,0.23,0.24,0.2,1016176000.0
2003-04-17,0.24,0.24,0.23,0.23,0.2,616257600.0
2003-04-21,0.23,0.24,0.23,0.23,0.2,152320000.0
2003-04-22,0.24,0.24,0.23,0.24,0.2,300568800.0
2003-04-23,0.24,0.24,0.24,0.24,0.2,209680800.0
2003-04-24,0.24,0.24,0.23,0.24,0.2,325108000.0
2003-04-25,0.24,0.24,0.24,0.24,0.2,205318400.0
2003-04-28,0.24,0.25,0.24,0.25,0.21,636798400.0
2003-04-29,0.25,0.25,0.24,0.25,0.21,458236800.0
2003-04-30,0.25,0.26,0.25,0.25,0.21,458175200.0
2003-05-01,0.25,0.26,0.25,0.26,0.22,342759200.0
2003-05-02,0.26,0.26,0.26,0.26,0.22,321182400.0
2003-05-05,0.26,0.3,0.26,0.29,0.24,1555708000.0
2003-05-06,0.29,0.32,0.29,0.31,0.26,1514492000.0
2003-05-07,0.31,0.33,0.31,0.32,0.26,1054379200.0
2003-05-08,0.32,0.32,0.31,0.32,0.27,687736000.0
2003-05-09,0.33,0.33,0.32,0.33,0.27,588386400.0
2003-05-12,0.32,0.33,0.32,0.33,0.28,419372800.0
2003-05-13,0.33,0.34,0.32,0.33,0.28,446796000.0
2003-05-14,0.34,0.34,0.33,0.33,0.28,355488000.0
2003-05-15,0.33,0.34,0.33,0.33,0.28,284995200.0
2003-05-16,0.33,0.34,0.33,0.34,0.28,341628000.0
2003-05-19,0.33,0.33,0.32,0.32,0.27,445888800.0
2003-05-20,0.32,0.32,0.31,0.32,0.27,416220000.0
2003-05-21,0.32,0.32,0.32,0.32,0.27,305009600.0
2003-05-22,0.32,0.33,0.32,0.33,0.27,178460800.0
2003-05-23,0.33,0.33,0.32,0.33,0.27,206718400.0
2003-05-27,0.32,0.34,0.32,0.34,0.28,290130400.0
2003-05-28,0.33,0.33,0.32,0.33,0.27,339679200.0
2003-05-29,0.33,0.33,0.32,0.32,0.27,333765600.0
2003-05-30,0.32,0.32,0.31,0.32,0.27,382748800.0
2003-06-02,0.32,0.33,0.31,0.31,0.26,418588800.0
2003-06-03,0.31,0.32,0.3,0.31,0.26,360858400.0
2003-06-04,0.31,0.32,0.31,0.31,0.26,271202400.0
2003-06-05,0.31,0.32,0.31,0.31,0.26,205497600.0
2003-06-06,0.32,0.32,0.31,0.31,0.26,241388000.0
2003-06-09,0.3,0.3,0.3,0.3,0.25,259952000.0
2003-06-10,0.3,0.31,0.3,0.31,0.26,176646400.0
2003-06-11,0.31,0.31,0.3,0.31,0.26,225114400.0
2003-06-12,0.31,0.32,0.31,0.32,0.27,252588000.0
2003-06-13,0.32,0.32,0.31,0.31,0.26,191245600.0
2003-06-16,0.31,0.33,0.31,0.33,0.27,238526400.0
2003-06-17,0.33,0.33,0.32,0.32,0.27,177464000.0
2003-06-18,0.33,0.35,0.33,0.34,0.29,454983200.0
2003-06-19,0.35,0.35,0.34,0.34,0.29,381528000.0
2003-06-20,0.35,0.35,0.34,0.34,0.29,356546400.0
2003-06-23,0.34,0.35,0.33,0.34,0.29,307361600.0
2003-06-24,0.35,0.35,0.33,0.34,0.28,514382400.0
2003-06-25,0.34,0.35,0.33,0.34,0.29,329812000.0
2003-06-26,0.33,0.34,0.33,0.34,0.29,161705600.0
2003-06-27,0.34,0.34,0.33,0.33,0.28,365792000.0
2003-06-30,0.33,0.34,0.33,0.34,0.29,222152000.0
2003-07-01,0.34,0.34,0.33,0.34,0.29,180992000.0
2003-07-02,0.34,0.35,0.34,0.34,0.29,325298400.0
2003-07-03,0.34,0.35,0.34,0.34,0.29,137771200.0
2003-07-07,0.34,0.36,0.34,0.35,0.3,286272000.0
2003-07-08,0.35,0.37,0.35,0.36,0.31,256737600.0
2003-07-09,0.36,0.37,0.36,0.36,0.3,213645600.0
2003-07-10,0.35,0.36,0.35,0.35,0.29,170934400.0
2003-07-11,0.35,0.36,0.35,0.35,0.3,136858400.0
2003-07-14,0.36,0.36,0.35,0.36,0.3,188406400.0
2003-07-15,0.36,0.36,0.35,0.35,0.29,206645600.0
2003-07-16,0.36,0.36,0.35,0.35,0.3,250930400.0
2003-07-17,0.36,0.37,0.36,0.37,0.31,751212000.0
2003-07-18,0.37,0.38,0.36,0.37,0.31,298838400.0
2003-07-21,0.37,0.37,0.36,0.37,0.31,183808800.0
2003-07-22,0.37,0.37,0.37,0.37,0.31,198424800.0
2003-07-23,0.37,0.37,0.37,0.37,0.31,143035200.0
2003-07-24,0.38,0.38,0.36,0.37,0.31,229236000.0
2003-07-25,0.36,0.39,0.36,0.38,0.32,216686400.0
2003-07-28,0.38,0.38,0.37,0.37,0.32,170357600.0
2003-07-29,0.37,0.38,0.37,0.37,0.31,197120000.0
2003-07-30,0.37,0.37,0.36,0.36,0.3,173594400.0
2003-07-31,0.37,0.38,0.37,0.38,0.32,301464800.0
2003-08-01,0.38,0.38,0.37,0.37,0.31,149604000.0
2003-08-04,0.37,0.38,0.36,0.38,0.32,230115200.0
2003-08-05,0.38,0.38,0.36,0.36,0.31,249440800.0
2003-08-06,0.36,0.36,0.35,0.35,0.29,245464800.0
2003-08-07,0.35,0.36,0.35,0.36,0.3,174378400.0
2003-08-08,0.36,0.36,0.35,0.35,0.29,137659200.0
2003-08-11,0.35,0.36,0.35,0.35,0.3,137228000.0
2003-08-12,0.35,0.35,0.35,0.35,0.3,164438400.0
2003-08-13,0.35,0.36,0.35,0.36,0.3,284099200.0
2003-08-14,0.36,0.36,0.36,0.36,0.3,192780000.0
2003-08-15,0.36,0.36,0.35,0.35,0.3,125865600.0
2003-08-18,0.35,0.36,0.35,0.36,0.31,192774400.0
2003-08-19,0.36,0.37,0.36,0.36,0.31,133688800.0
2003-08-20,0.36,0.38,0.36,0.38,0.32,273212800.0
2003-08-21,0.38,0.39,0.37,0.39,0.33,255326400.0
2003-08-22,0.39,0.39,0.37,0.37,0.31,250264000.0
2003-08-25,0.37,0.37,0.37,0.37,0.31,137782400.0
2003-08-26,0.37,0.38,0.36,0.38,0.32,164959200.0
2003-08-27,0.37,0.38,0.37,0.38,0.32,225702400.0
2003-08-28,0.38,0.4,0.38,0.4,0.33,319625600.0
2003-08-29,0.4,0.41,0.39,0.4,0.34,263155200.0
2003-09-02,0.4,0.41,0.4,0.41,0.34,242132800.0
2003-09-03,0.41,0.42,0.41,0.41,0.34,268828000.0
2003-09-04,0.41,0.42,0.41,0.41,0.34,199780000.0
2003-09-05,0.41,0.41,0.4,0.4,0.34,240133600.0
2003-09-08,0.4,0.41,0.4,0.41,0.34,167244000.0
2003-09-09,0.4,0.4,0.4,0.4,0.34,180370400.0
2003-09-10,0.4,0.4,0.39,0.4,0.33,224890400.0
2003-09-11,0.4,0.41,0.39,0.4,0.34,213684800.0
2003-09-12,0.4,0.41,0.4,0.41,0.35,179989600.0
2003-09-15,0.41,0.41,0.4,0.4,0.33,226844800.0
2003-09-16,0.4,0.41,0.4,0.4,0.34,269007200.0
2003-09-17,0.4,0.4,0.39,0.4,0.33,289396800.0
2003-09-18,0.39,0.41,0.39,0.41,0.34,252907200.0
2003-09-19,0.41,0.41,0.4,0.4,0.34,205956800.0
2003-09-22,0.4,0.4,0.39,0.39,0.33,179821600.0
2003-09-23,0.39,0.4,0.39,0.4,0.34,132451200.0
2003-09-24,0.4,0.4,0.38,0.38,0.32,301285600.0
2003-09-25,0.38,0.38,0.36,0.36,0.31,574380800.0
2003-09-26,0.36,0.39,0.36,0.37,0.31,347250400.0
2003-09-29,0.38,0.39,0.37,0.38,0.32,365702400.0
2003-09-30,0.38,0.38,0.37,0.37,0.31,285426400.0
2003-10-01,0.37,0.38,0.36,0.37,0.31,236112800.0
2003-10-02,0.37,0.37,0.36,0.37,0.31,204058400.0
2003-10-03,0.37,0.39,0.37,0.39,0.33,299600000.0
2003-10-06,0.39,0.4,0.39,0.4,0.33,268329600.0
2003-10-07,0.39,0.42,0.39,0.41,0.35,418174400.0
2003-10-08,0.42,0.42,0.41,0.41,0.35,428668800.0
2003-10-09,0.42,0.42,0.41,0.42,0.35,347748800.0
2003-10-10,0.42,0.43,0.42,0.42,0.36,174837600.0
2003-10-13,0.42,0.44,0.42,0.43,0.37,279865600.0
2003-10-14,0.43,0.44,0.43,0.44,0.37,275419200.0
2003-10-15,0.44,0.45,0.44,0.44,0.37,610103200.0
2003-10-16,0.43,0.43,0.4,0.42,0.35,975682400.0
2003-10-17,0.42,0.42,0.4,0.41,0.34,359811200.0
2003-10-20,0.4,0.42,0.4,0.41,0.35,279132000.0
2003-10-21,0.42,0.42,0.41,0.41,0.35,176461600.0
2003-10-22,0.41,0.41,0.41,0.41,0.34,161599200.0
2003-10-23,0.41,0.41,0.4,0.41,0.35,165211200.0
2003-10-24,0.4,0.41,0.4,0.4,0.34,219856000.0
2003-10-27,0.41,0.41,0.4,0.4,0.34,162013600.0
2003-10-28,0.4,0.42,0.4,0.42,0.36,251714400.0
2003-10-29,0.42,0.43,0.42,0.42,0.36,267080800.0
2003-10-30,0.43,0.43,0.41,0.41,0.35,260556800.0
2003-10-31,0.42,0.42,0.41,0.41,0.34,218153600.0
2003-11-03,0.41,0.42,0.41,0.41,0.35,302842400.0
2003-11-04,0.41,0.41,0.4,0.41,0.34,249233600.0
2003-11-05,0.41,0.41,0.4,0.41,0.35,322470400.0
2003-11-06,0.41,0.41,0.4,0.41,0.35,397073600.0
2003-11-07,0.41,0.41,0.4,0.4,0.34,210145600.0
2003-11-10,0.4,0.4,0.39,0.39,0.33,234276000.0
2003-11-11,0.39,0.39,0.38,0.38,0.32,215073600.0
2003-11-12,0.38,0.41,0.38,0.4,0.34,300003200.0
2003-11-13,0.39,0.4,0.39,0.4,0.34,212772000.0
2003-11-14,0.4,0.4,0.38,0.38,0.32,237048000.0
2003-11-17,0.38,0.38,0.37,0.38,0.32,228256000.0
2003-11-18,0.38,0.38,0.36,0.36,0.31,267192800.0
2003-11-19,0.37,0.37,0.36,0.36,0.31,344584800.0
2003-11-20,0.36,0.38,0.36,0.36,0.31,239590400.0
2003-11-21,0.36,0.37,0.35,0.36,0.3,241836000.0
2003-11-24,0.37,0.38,0.37,0.38,0.32,381824800.0
2003-11-25,0.38,0.38,0.37,0.37,0.31,268654400.0
2003-11-26,0.37,0.38,0.36,0.37,0.31,245128800.0
2003-11-28,0.37,0.38,0.37,0.37,0.31,76098400.0
2003-12-01,0.38,0.39,0.38,0.39,0.33,361536000.0
2003-12-02,0.39,0.39,0.38,0.38,0.32,205296000.0
2003-12-03,0.38,0.39,0.37,0.38,0.32,191296000.0
2003-12-04,0.37,0.38,0.37,0.38,0.32,177940000.0
2003-12-05,0.37,0.38,0.37,0.37,0.31,186177600.0
2003-12-08,0.37,0.38,0.36,0.38,0.32,148237600.0
2003-12-09,0.38,0.38,0.36,0.37,0.31,135144800.0
2003-12-10,0.37,0.37,0.36,0.36,0.31,271336800.0
2003-12-11,0.36,0.38,0.36,0.38,0.32,183136800.0
2003-12-12,0.38,0.38,0.37,0.37,0.31,192673600.0
2003-12-15,0.38,0.38,0.36,0.36,0.3,388908800.0
2003-12-16,0.36,0.37,0.36,0.36,0.3,373956800.0
2003-12-17,0.36,0.36,0.35,0.35,0.3,274260000.0
2003-12-18,0.36,0.36,0.36,0.36,0.3,330915200.0
2003-12-19,0.36,0.36,0.35,0.35,0.3,453560800.0
2003-12-22,0.35,0.36,0.34,0.35,0.3,377064800.0
2003-12-23,0.36,0.36,0.35,0.35,0.3,308498400.0
2003-12-24,0.35,0.37,0.35,0.36,0.31,177475200.0
2003-12-26,0.36,0.37,0.36,0.37,0.31,103695200.0
2003-12-29,0.37,0.38,0.37,0.38,0.32,233458400.0
2003-12-30,0.38,0.38,0.38,0.38,0.32,204853600.0
2003-12-31,0.38,0.38,0.38,0.38,0.32,174451200.0
2004-01-02,0.38,0.39,0.38,0.38,0.32,144642400.0
2004-01-05,0.38,0.4,0.38,0.4,0.33,395018400.0
2004-01-06,0.4,0.4,0.39,0.39,0.33,509348000.0
2004-01-07,0.39,0.41,0.39,0.4,0.34,586874400.0
2004-01-08,0.41,0.42,0.4,0.42,0.35,460303200.0
2004-01-09,0.41,0.43,0.41,0.41,0.35,427459200.0
2004-01-12,0.42,0.43,0.41,0.42,0.36,487547200.0
2004-01-13,0.44,0.44,0.43,0.43,0.36,679016800.0
2004-01-14,0.44,0.44,0.42,0.43,0.36,620043200.0
2004-01-15,0.41,0.42,0.4,0.41,0.34,1018208800.0
2004-01-16,0.41,0.41,0.4,0.41,0.34,372820000.0
2004-01-20,0.4,0.41,0.4,0.41,0.34,315946400.0
2004-01-21,0.41,0.41,0.4,0.4,0.34,226660000.0
2004-01-22,0.4,0.41,0.4,0.4,0.33,205004800.0
2004-01-23,0.4,0.41,0.4,0.4,0.34,227169600.0
2004-01-26,0.4,0.41,0.4,0.41,0.35,271269600.0
2004-01-27,0.41,0.42,0.41,0.41,0.35,307070400.0
2004-01-28,0.41,0.42,0.4,0.4,0.34,275402400.0
2004-01-29,0.4,0.41,0.4,0.41,0.34,212699200.0
2004-01-30,0.4,0.41,0.4,0.4,0.34,185298400.0
2004-02-02,0.4,0.41,0.39,0.4,0.34,287431200.0
2004-02-03,0.4,0.4,0.39,0.4,0.33,180812800.0
2004-02-04,0.39,0.39,0.39,0.39,0.33,305552800.0
2004-02-05,0.39,0.41,0.39,0.4,0.34,352844800.0
2004-02-06,0.4,0.41,0.4,0.41,0.34,193340000.0
2004-02-09,0.4,0.41,0.4,0.4,0.34,188260800.0
2004-02-10,0.4,0.41,0.4,0.41,0.34,255343200.0
2004-02-11,0.41,0.43,0.41,0.43,0.36,348544000.0
2004-02-12,0.42,0.43,0.42,0.42,0.36,183988000.0
2004-02-13,0.43,0.43,0.41,0.41,0.35,315980000.0
2004-02-17,0.41,0.42,0.41,0.41,0.35,170956800.0
2004-02-18,0.41,0.42,0.41,0.42,0.35,141635200.0
2004-02-19,0.42,0.42,0.4,0.4,0.34,323080800.0
2004-02-20,0.4,0.4,0.4,0.4,0.34,277603200.0
2004-02-23,0.4,0.4,0.39,0.4,0.33,194079200.0
2004-02-24,0.4,0.41,0.39,0.4,0.34,259056000.0
2004-02-25,0.4,0.41,0.4,0.41,0.34,276276000.0
2004-02-26,0.41,0.41,0.41,0.41,0.35,198408000.0
2004-02-27,0.41,0.43,0.41,0.43,0.36,468837600.0
2004-03-01,0.43,0.43,0.43,0.43,0.36,321680800.0
2004-03-02,0.43,0.43,0.42,0.43,0.36,256687200.0
2004-03-03,0.42,0.43,0.42,0.43,0.36,225131200.0
2004-03-04,0.43,0.45,0.43,0.45,0.38,660223200.0
2004-03-05,0.45,0.49,0.44,0.48,0.4,1540599200.0
2004-03-08,0.48,0.48,0.46,0.46,0.39,522872000.0
2004-03-09,0.46,0.49,0.46,0.48,0.41,618363200.0
2004-03-10,0.48,0.5,0.48,0.49,0.42,1006964000.0
2004-03-11,0.49,0.5,0.48,0.48,0.41,595851200.0
2004-03-12,0.49,0.5,0.49,0.49,0.41,329224000.0
2004-03-15,0.48,0.49,0.47,0.47,0.4,481717600.0
2004-03-16,0.47,0.48,0.45,0.46,0.39,605432800.0
2004-03-17,0.46,0.47,0.46,0.47,0.39,411432000.0
2004-03-18,0.46,0.47,0.46,0.46,0.39,321081600.0
2004-03-19,0.46,0.48,0.46,0.46,0.39,408576000.0
2004-03-22,0.45,0.47,0.45,0.46,0.39,419031200.0
2004-03-23,0.46,0.46,0.45,0.45,0.38,385515200.0
2004-03-24,0.45,0.46,0.45,0.46,0.38,428215200.0
2004-03-25,0.47,0.48,0.46,0.48,0.4,566445600.0
2004-03-26,0.48,0.49,0.48,0.48,0.41,419893600.0
2004-03-29,0.49,0.5,0.49,0.5,0.42,350728000.0
2004-03-30,0.5,0.5,0.49,0.5,0.42,359676800.0
2004-03-31,0.5,0.5,0.48,0.48,0.41,390773600.0
2004-04-01,0.48,0.49,0.48,0.48,0.41,318332000.0
2004-04-02,0.5,0.5,0.49,0.49,0.41,274478400.0
2004-04-05,0.49,0.51,0.49,0.51,0.43,385672000.0
2004-04-06,0.49,0.5,0.49,0.5,0.42,257992000.0
2004-04-07,0.49,0.49,0.48,0.49,0.41,255119200.0
2004-04-08,0.5,0.5,0.49,0.49,0.41,240917600.0
2004-04-12,0.49,0.5,0.49,0.5,0.42,230540800.0
2004-04-13,0.5,0.5,0.48,0.48,0.4,436396800.0
2004-04-14,0.48,0.48,0.47,0.48,0.4,639732800.0
2004-04-15,0.51,0.53,0.5,0.52,0.44,1761446400.0
2004-04-16,0.52,0.52,0.51,0.52,0.44,402931200.0
2004-04-19,0.5,0.51,0.5,0.51,0.43,712353600.0
2004-04-20,0.5,0.51,0.49,0.5,0.42,354519200.0
2004-04-21,0.49,0.5,0.49,0.5,0.42,325875200.0
2004-04-22,0.49,0.5,0.48,0.5,0.42,344584800.0
2004-04-23,0.49,0.5,0.48,0.49,0.42,315828800.0
2004-04-26,0.49,0.49,0.48,0.48,0.41,231128800.0
2004-04-27,0.49,0.49,0.48,0.48,0.4,283864000.0
2004-04-28,0.48,0.48,0.47,0.47,0.4,231168000.0
2004-04-29,0.47,0.48,0.46,0.48,0.4,460790400.0
2004-04-30,0.48,0.48,0.46,0.46,0.39,466502400.0
2004-05-03,0.46,0.47,0.46,0.47,0.39,297634400.0
2004-05-04,0.46,0.47,0.46,0.47,0.39,279983200.0
2004-05-05,0.47,0.48,0.46,0.48,0.4,238106400.0
2004-05-06,0.47,0.48,0.46,0.47,0.4,263558400.0
2004-05-07,0.47,0.49,0.47,0.48,0.4,419036800.0
2004-05-10,0.47,0.47,0.46,0.47,0.39,249978400.0
2004-05-11,0.47,0.49,0.47,0.48,0.41,305172000.0
2004-05-12,0.48,0.49,0.47,0.49,0.41,245420000.0
2004-05-13,0.48,0.5,0.48,0.49,0.41,229852000.0
2004-05-14,0.49,0.49,0.47,0.48,0.41,257801600.0
2004-05-17,0.48,0.48,0.47,0.48,0.4,300445600.0
2004-05-18,0.48,0.49,0.48,0.48,0.41,206063200.0
2004-05-19,0.49,0.49,0.47,0.47,0.4,375592000.0
2004-05-20,0.48,0.48,0.47,0.48,0.4,196296800.0
2004-05-21,0.48,0.49,0.48,0.48,0.41,179894400.0
2004-05-24,0.49,0.5,0.48,0.49,0.41,235603200.0
2004-05-25,0.49,0.51,0.49,0.51,0.43,319978400.0
2004-05-26,0.51,0.51,0.5,0.51,0.43,322168000.0
2004-05-27,0.51,0.51,0.5,0.5,0.42,235972800.0
2004-05-28,0.5,0.5,0.5,0.5,0.42,145717600.0
2004-06-01,0.5,0.5,0.49,0.5,0.42,182134400.0
2004-06-02,0.5,0.52,0.5,0.52,0.43,318712800.0
2004-06-03,0.51,0.52,0.51,0.51,0.43,250930400.0
2004-06-04,0.51,0.52,0.51,0.51,0.43,399112000.0
2004-06-07,0.52,0.54,0.51,0.53,0.45,295876000.0
2004-06-08,0.54,0.54,0.53,0.54,0.46,415620800.0
2004-06-09,0.54,0.55,0.54,0.54,0.45,349204800.0
2004-06-10,0.54,0.55,0.54,0.55,0.46,257577600.0
2004-06-14,0.55,0.55,0.53,0.54,0.45,243986400.0
2004-06-15,0.55,0.56,0.54,0.55,0.46,444634400.0
2004-06-16,0.55,0.6,0.55,0.58,0.49,909641600.0
2004-06-17,0.58,0.59,0.58,0.59,0.49,551320000.0
2004-06-18,0.58,0.6,0.58,0.59,0.49,406252000.0
2004-06-21,0.59,0.6,0.57,0.58,0.49,390213600.0
2004-06-22,0.58,0.59,0.58,0.59,0.5,360511200.0
2004-06-23,0.59,0.6,0.59,0.6,0.51,390868800.0
2004-06-24,0.6,0.6,0.59,0.59,0.5,252515200.0
2004-06-25,0.59,0.6,0.59,0.6,0.51,323428000.0
2004-06-28,0.61,0.61,0.58,0.58,0.49,521096800.0
2004-06-29,0.57,0.59,0.56,0.58,0.49,590553600.0
2004-06-30,0.58,0.59,0.57,0.58,0.49,373044000.0
2004-07-01,0.57,0.58,0.57,0.58,0.48,341941600.0
2004-07-02,0.54,0.56,0.53,0.56,0.47,910683200.0
2004-07-06,0.56,0.56,0.55,0.55,0.46,348980800.0
2004-07-07,0.55,0.56,0.54,0.54,0.46,397992000.0
2004-07-08,0.54,0.55,0.53,0.54,0.45,233380000.0
2004-07-09,0.54,0.54,0.54,0.54,0.45,208863200.0
2004-07-12,0.54,0.54,0.52,0.52,0.44,511621600.0
2004-07-13,0.52,0.53,0.52,0.52,0.44,316176000.0
2004-07-14,0.52,0.54,0.51,0.53,0.44,835800000.0
2004-07-15,0.58,0.6,0.57,0.59,0.49,1767724000.0
2004-07-16,0.59,0.59,0.57,0.57,0.48,488381600.0
2004-07-19,0.57,0.58,0.57,0.57,0.48,533170400.0
2004-07-20,0.57,0.57,0.56,0.57,0.48,323747200.0
2004-07-21,0.58,0.58,0.56,0.56,0.47,301257600.0
2004-07-22,0.56,0.57,0.55,0.57,0.48,334118400.0
2004-07-23,0.56,0.57,0.54,0.55,0.46,273571200.0
2004-07-26,0.55,0.56,0.55,0.56,0.47,393932000.0
2004-07-27,0.57,0.58,0.56,0.58,0.49,425006400.0
2004-07-28,0.58,0.58,0.56,0.58,0.48,285051200.0
2004-07-29,0.58,0.59,0.57,0.58,0.49,222157600.0
2004-07-30,0.58,0.59,0.57,0.58,0.49,243023200.0
2004-08-02,0.56,0.57,0.56,0.56,0.47,365092000.0
2004-08-03,0.56,0.57,0.56,0.56,0.47,211629600.0
2004-08-04,0.56,0.57,0.56,0.57,0.48,276488800.0
2004-08-05,0.57,0.58,0.56,0.56,0.47,244501600.0
2004-08-06,0.55,0.56,0.53,0.53,0.45,492290400.0
2004-08-09,0.53,0.54,0.53,0.54,0.45,290847200.0
2004-08-10,0.54,0.56,0.54,0.56,0.47,351036000.0
2004-08-11,0.56,0.56,0.54,0.55,0.47,322392000.0
2004-08-12,0.54,0.55,0.54,0.54,0.46,226200800.0
2004-08-13,0.55,0.56,0.54,0.55,0.46,328048000.0
2004-08-16,0.55,0.57,0.55,0.55,0.46,435674400.0
2004-08-17,0.55,0.56,0.54,0.55,0.46,323019200.0
2004-08-18,0.54,0.57,0.54,0.57,0.48,364655200.0
2004-08-19,0.56,0.57,0.54,0.55,0.46,388920000.0
2004-08-20,0.55,0.55,0.54,0.55,0.46,316780800.0
2004-08-23,0.55,0.56,0.55,0.56,0.47,254660000.0
2004-08-24,0.56,0.57,0.56,0.57,0.48,374136000.0
2004-08-25,0.57,0.59,0.57,0.59,0.5,505618400.0
2004-08-26,0.59,0.63,0.58,0.62,0.52,955858400.0
2004-08-27,0.62,0.62,0.61,0.61,0.52,388813600.0
2004-08-30,0.61,0.62,0.61,0.61,0.51,218142400.0
2004-08-31,0.61,0.62,0.61,0.62,0.52,376560800.0
2004-09-01,0.61,0.64,0.61,0.64,0.54,515726400.0
2004-09-02,0.63,0.64,0.62,0.64,0.54,406324800.0
2004-09-03,0.63,0.64,0.63,0.63,0.53,293468000.0
2004-09-07,0.63,0.65,0.63,0.64,0.54,301957600.0
2004-09-08,0.64,0.65,0.64,0.65,0.55,343526400.0
2004-09-09,0.64,0.65,0.63,0.64,0.54,461339200.0
2004-09-10,0.64,0.65,0.63,0.64,0.54,328014400.0
2004-09-13,0.64,0.64,0.63,0.64,0.53,281976800.0
2004-09-14,0.63,0.63,0.62,0.63,0.53,254822400.0
2004-09-15,0.63,0.63,0.62,0.63,0.53,232668800.0
2004-09-16,0.63,0.66,0.63,0.65,0.55,501916800.0
2004-09-17,0.65,0.67,0.65,0.66,0.56,502308800.0
2004-09-20,0.66,0.68,0.66,0.67,0.57,245000000.0
2004-09-21,0.67,0.69,0.67,0.68,0.57,386652000.0
2004-09-22,0.68,0.68,0.66,0.66,0.55,401688000.0
2004-09-23,0.66,0.67,0.66,0.67,0.56,397404000.0
2004-09-24,0.67,0.68,0.66,0.67,0.56,369488000.0
2004-09-27,0.66,0.68,0.66,0.67,0.56,397516000.0
2004-09-28,0.67,0.68,0.67,0.68,0.57,353186400.0
2004-09-29,0.68,0.69,0.68,0.69,0.58,273509600.0
2004-09-30,0.7,0.7,0.69,0.69,0.58,425012000.0
2004-10-01,0.7,0.7,0.69,0.69,0.58,465404800.0
2004-10-04,0.7,0.7,0.69,0.69,0.58,574084000.0
2004-10-05,0.69,0.71,0.69,0.7,0.59,406162400.0
2004-10-06,0.71,0.73,0.7,0.73,0.61,446303200.0
2004-10-07,0.72,0.73,0.7,0.71,0.59,426148800.0
2004-10-08,0.71,0.71,0.69,0.7,0.59,359228800.0
2004-10-11,0.69,0.7,0.68,0.69,0.58,323870400.0
2004-10-12,0.69,0.69,0.67,0.68,0.57,460191200.0
2004-10-13,0.69,0.71,0.69,0.71,0.6,1163008000.0
2004-10-14,0.77,0.82,0.76,0.8,0.68,2768427200.0
2004-10-15,0.8,0.81,0.79,0.81,0.68,1031128000.0
2004-10-18,0.8,0.85,0.8,0.85,0.72,1200752000.0
2004-10-19,0.86,0.86,0.84,0.85,0.71,801992800.0
2004-10-20,0.84,0.85,0.83,0.85,0.71,605108000.0
2004-10-21,0.85,0.86,0.85,0.86,0.72,724505600.0
2004-10-22,0.85,0.85,0.84,0.85,0.71,483067200.0
2004-10-25,0.84,0.85,0.84,0.85,0.71,392644000.0
2004-10-26,0.85,0.86,0.84,0.86,0.72,594361600.0
2004-10-27,0.87,0.9,0.86,0.9,0.76,1193494400.0
2004-10-28,0.89,0.93,0.88,0.93,0.78,864264800.0
2004-10-29,0.93,0.95,0.93,0.94,0.79,810219200.0
2004-11-01,0.94,0.95,0.93,0.94,0.79,602050400.0
2004-11-02,0.94,0.97,0.94,0.96,0.8,729988000.0
2004-11-03,0.97,1.0,0.96,0.99,0.83,1204173600.0
2004-11-04,0.98,0.99,0.97,0.97,0.82,928625600.0
2004-11-05,0.98,0.98,0.93,0.98,0.82,1205047200.0
2004-11-08,0.97,0.99,0.96,0.97,0.82,526920800.0
2004-11-09,0.97,0.97,0.95,0.97,0.81,475764800.0
2004-11-10,0.96,0.99,0.96,0.98,0.82,508676000.0
2004-11-11,0.98,0.99,0.97,0.99,0.83,407299200.0
2004-11-12,0.98,0.99,0.98,0.99,0.83,395701600.0
2004-11-15,0.99,0.99,0.97,0.99,0.83,376045600.0
2004-11-16,0.99,0.99,0.97,0.98,0.82,295103200.0
2004-11-17,0.99,0.99,0.97,0.98,0.82,397751200.0
2004-11-18,0.97,0.99,0.97,0.99,0.83,459149600.0
2004-11-19,0.99,1.02,0.97,0.99,0.83,765279200.0
2004-11-22,1.1,1.14,1.03,1.1,0.92,2568210400.0
2004-11-23,1.11,1.12,1.09,1.09,0.92,911450400.0
2004-11-24,1.1,1.16,1.1,1.14,0.96,1390788000.0
2004-11-26,1.17,1.17,1.15,1.15,0.97,550144000.0
2004-11-29,1.23,1.24,1.2,1.22,1.03,1712916800.0
2004-11-30,1.23,1.23,1.2,1.2,1.01,1028518400.0
2004-12-01,1.21,1.21,1.18,1.21,1.02,800553600.0
2004-12-02,1.18,1.19,1.15,1.16,0.98,987442400.0
2004-12-03,1.15,1.16,1.1,1.12,0.94,1238848800.0
2004-12-06,1.15,1.18,1.12,1.17,0.99,1247920800.0
2004-12-07,1.18,1.19,1.12,1.12,0.94,1056899200.0
2004-12-08,1.13,1.15,1.11,1.13,0.95,691902400.0
2004-12-09,1.12,1.15,1.11,1.14,0.96,741501600.0
2004-12-10,1.16,1.18,1.16,1.16,0.98,775773600.0
2004-12-13,1.17,1.18,1.15,1.16,0.97,395040800.0
2004-12-14,1.17,1.18,1.16,1.17,0.98,415721600.0
2004-12-15,1.16,1.17,1.15,1.17,0.98,398361600.0
2004-12-16,1.18,1.21,1.18,1.19,1.0,1126115200.0
2004-12-17,1.19,1.2,1.16,1.16,0.98,783496000.0
2004-12-20,1.17,1.18,1.1,1.12,0.94,1168126400.0
2004-12-21,1.13,1.14,1.1,1.14,0.96,1064414400.0
2004-12-22,1.14,1.15,1.13,1.14,0.96,565829600.0
2004-12-23,1.14,1.15,1.14,1.14,0.96,245929600.0
2004-12-27,1.16,1.16,1.12,1.13,0.95,559490400.0
2004-12-28,1.13,1.15,1.11,1.15,0.96,611755200.0
2004-12-29,1.14,1.16,1.14,1.15,0.97,449562400.0
2004-12-30,1.16,1.16,1.15,1.16,0.97,345340800.0
2004-12-31,1.16,1.16,1.14,1.15,0.97,278588800.0
2005-01-03,1.16,1.16,1.12,1.13,0.95,691992000.0
2005-01-04,1.14,1.17,1.12,1.14,0.96,1096810400.0
2005-01-05,1.15,1.17,1.14,1.15,0.97,680433600.0
2005-01-06,1.15,1.16,1.13,1.15,0.97,705555200.0
2005-01-07,1.16,1.24,1.16,1.24,1.04,2227450400.0
2005-01-10,1.25,1.26,1.21,1.23,1.04,1725309600.0
2005-01-11,1.22,1.23,1.15,1.15,0.97,2611627200.0
2005-01-12,1.17,1.18,1.13,1.17,0.98,1919702400.0
2005-01-13,1.32,1.33,1.25,1.25,1.05,3164716800.0
2005-01-14,1.25,1.28,1.24,1.25,1.05,1770742400.0
2005-01-18,1.25,1.26,1.21,1.26,1.06,1006460000.0
2005-01-19,1.26,1.28,1.25,1.25,1.05,751895200.0
2005-01-20,1.24,1.27,1.24,1.26,1.06,914922400.0
2005-01-21,1.27,1.28,1.25,1.26,1.06,911332800.0
2005-01-24,1.27,1.28,1.26,1.26,1.06,841629600.0
2005-01-25,1.27,1.3,1.27,1.29,1.08,969231200.0
2005-01-26,1.3,1.3,1.27,1.29,1.08,739496800.0
2005-01-27,1.29,1.3,1.28,1.3,1.09,496227200.0
2005-01-28,1.3,1.32,1.29,1.32,1.11,801612000.0
2005-01-31,1.33,1.39,1.33,1.37,1.15,1681097600.0
2005-02-01,1.38,1.39,1.37,1.38,1.16,678395200.0
2005-02-02,1.39,1.43,1.39,1.42,1.2,1020062400.0
2005-02-03,1.41,1.42,1.38,1.39,1.17,731651200.0
2005-02-04,1.39,1.41,1.38,1.41,1.18,563556000.0
2005-02-07,1.41,1.42,1.38,1.41,1.18,524456800.0
2005-02-08,1.41,1.45,1.41,1.44,1.21,890019200.0
2005-02-09,1.45,1.46,1.39,1.41,1.18,1191456000.0
2005-02-10,1.41,1.42,1.37,1.4,1.18,1093019200.0
2005-02-11,1.43,1.46,1.41,1.45,1.22,1201054400.0
2005-02-14,1.48,1.51,1.47,1.51,1.27,1271463200.0
2005-02-15,1.55,1.59,1.54,1.58,1.33,2312217600.0
2005-02-16,1.57,1.61,1.56,1.61,1.35,1639243200.0
2005-02-17,1.62,1.62,1.56,1.57,1.32,1518473600.0
2005-02-18,1.57,1.57,1.54,1.55,1.3,1163254400.0
2005-02-22,1.54,1.58,1.52,1.52,1.28,1219293600.0
2005-02-23,1.55,1.58,1.53,1.58,1.32,1345181600.0
2005-02-24,1.58,1.59,1.57,1.59,1.33,1519028000.0
2005-02-25,1.6,1.61,1.57,1.59,1.34,915510400.0
2005-02-28,1.6,1.61,1.57,1.6,1.35,651610400.0
2005-03-01,1.61,1.61,1.58,1.59,1.34,468188000.0
2005-03-02,1.58,1.6,1.57,1.58,1.32,458161200.0
2005-03-03,1.58,1.59,1.47,1.49,1.25,1411653600.0
2005-03-04,1.53,1.54,1.49,1.53,1.29,756618800.0
2005-03-07,1.53,1.54,1.51,1.53,1.28,450632000.0
2005-03-08,1.5,1.51,1.43,1.45,1.22,1021451200.0
2005-03-09,1.42,1.44,1.39,1.41,1.18,1322465200.0
2005-03-10,1.41,1.44,1.4,1.42,1.2,777109200.0
2005-03-11,1.44,1.45,1.42,1.44,1.21,632830800.0
2005-03-14,1.45,1.46,1.41,1.44,1.21,605385200.0
2005-03-15,1.45,1.47,1.44,1.46,1.23,508608800.0
2005-03-16,1.47,1.51,1.46,1.47,1.24,697813200.0
2005-03-17,1.48,1.53,1.48,1.51,1.27,801920000.0
2005-03-18,1.55,1.55,1.52,1.53,1.29,940150400.0
2005-03-21,1.55,1.57,1.53,1.56,1.31,541128000.0
2005-03-22,1.56,1.57,1.52,1.53,1.29,551415200.0
2005-03-23,1.52,1.55,1.5,1.52,1.28,609823200.0
2005-03-24,1.53,1.54,1.52,1.52,1.28,352704800.0
2005-03-28,1.53,1.53,1.52,1.52,1.28,275410800.0
2005-03-29,1.52,1.53,1.48,1.49,1.25,461356000.0
2005-03-30,1.5,1.53,1.49,1.53,1.28,394959600.0
2005-03-31,1.52,1.52,1.49,1.49,1.25,636134800.0
2005-04-01,1.5,1.51,1.45,1.46,1.23,641284000.0
2005-04-04,1.46,1.48,1.43,1.47,1.23,580014400.0
2005-04-05,1.47,1.51,1.47,1.5,1.26,556239600.0
2005-04-06,1.51,1.53,1.51,1.51,1.27,414825600.0
2005-04-07,1.51,1.56,1.51,1.56,1.31,506987600.0
2005-04-08,1.56,1.59,1.55,1.56,1.31,649950000.0
2005-04-11,1.58,1.58,1.5,1.5,1.26,821662800.0
2005-04-12,1.52,1.54,1.5,1.52,1.28,981061200.0
2005-04-13,1.53,1.54,1.44,1.47,1.23,1371946800.0
2005-04-14,1.39,1.41,1.32,1.33,1.12,2753192400.0
2005-04-15,1.31,1.33,1.26,1.26,1.06,1728087200.0
2005-04-18,1.25,1.3,1.21,1.27,1.07,1327177600.0
2005-04-19,1.31,1.34,1.28,1.32,1.11,1081642800.0
2005-04-20,1.35,1.35,1.27,1.27,1.07,945131600.0
2005-04-21,1.3,1.33,1.28,1.33,1.12,759592400.0
2005-04-22,1.32,1.32,1.25,1.27,1.07,839129200.0
2005-04-25,1.3,1.32,1.29,1.32,1.11,746460400.0
2005-04-26,1.31,1.34,1.29,1.29,1.09,810507600.0
2005-04-27,1.28,1.3,1.27,1.28,1.08,613888800.0
2005-04-28,1.3,1.3,1.26,1.27,1.07,575106000.0
2005-04-29,1.29,1.29,1.26,1.29,1.08,671630400.0
2005-05-02,1.29,1.31,1.29,1.3,1.09,465920000.0
2005-05-03,1.3,1.31,1.29,1.29,1.09,496739600.0
2005-05-04,1.29,1.33,1.29,1.33,1.12,448176400.0
2005-05-05,1.33,1.33,1.3,1.31,1.1,387366000.0
2005-05-06,1.32,1.33,1.31,1.33,1.12,326247600.0
2005-05-09,1.33,1.34,1.31,1.32,1.11,355695200.0
2005-05-10,1.31,1.33,1.3,1.3,1.09,440263600.0
2005-05-11,1.26,1.27,1.18,1.27,1.07,2041981200.0
2005-05-12,1.26,1.27,1.21,1.22,1.02,970242000.0
2005-05-13,1.22,1.26,1.22,1.24,1.04,702713200.0
2005-05-16,1.23,1.27,1.23,1.27,1.07,474294800.0
2005-05-17,1.25,1.27,1.23,1.26,1.06,588344400.0
2005-05-18,1.27,1.34,1.25,1.28,1.08,636722800.0
2005-05-19,1.28,1.35,1.28,1.34,1.13,793161600.0
2005-05-20,1.33,1.34,1.33,1.34,1.13,452650800.0
2005-05-23,1.35,1.42,1.35,1.42,1.19,1042574400.0
2005-05-24,1.41,1.43,1.39,1.42,1.19,593460000.0
2005-05-25,1.41,1.43,1.4,1.42,1.19,396006800.0
2005-05-26,1.43,1.46,1.43,1.46,1.22,525520800.0
2005-05-27,1.45,1.46,1.43,1.45,1.22,316008000.0
2005-05-31,1.45,1.46,1.41,1.42,1.19,404205200.0
2005-06-01,1.42,1.46,1.42,1.44,1.21,453812800.0
2005-06-02,1.43,1.44,1.41,1.43,1.2,373973600.0
2005-06-03,1.36,1.38,1.35,1.37,1.15,956869200.0
2005-06-06,1.37,1.38,1.34,1.35,1.14,811966400.0
2005-06-07,1.34,1.35,1.3,1.3,1.1,745264800.0
2005-06-08,1.31,1.33,1.31,1.32,1.11,404006400.0
2005-06-09,1.32,1.36,1.32,1.34,1.13,390255600.0
2005-06-10,1.34,1.34,1.27,1.28,1.08,678932800.0
2005-06-13,1.28,1.31,1.28,1.28,1.08,435772400.0
2005-06-14,1.28,1.29,1.28,1.29,1.08,347846800.0
2005-06-15,1.32,1.33,1.3,1.33,1.11,563343200.0
2005-06-16,1.33,1.36,1.32,1.36,1.14,547674400.0
2005-06-17,1.37,1.38,1.35,1.37,1.15,596125600.0
2005-06-20,1.35,1.36,1.34,1.34,1.13,323716400.0
2005-06-21,1.35,1.36,1.34,1.35,1.14,370526800.0
2005-06-22,1.37,1.38,1.36,1.38,1.16,424925200.0
2005-06-23,1.39,1.42,1.38,1.39,1.17,674254000.0
2005-06-24,1.4,1.4,1.35,1.35,1.13,410709600.0
2005-06-27,1.32,1.36,1.31,1.33,1.11,600171600.0
2005-06-28,1.34,1.34,1.33,1.33,1.12,350299600.0
2005-06-29,1.33,1.33,1.29,1.3,1.09,448358400.0
2005-06-30,1.31,1.33,1.3,1.31,1.11,418390000.0
2005-07-01,1.32,1.32,1.3,1.3,1.1,250000800.0
2005-07-05,1.31,1.36,1.3,1.36,1.14,454269200.0
2005-07-06,1.35,1.36,1.33,1.34,1.12,394626400.0
2005-07-07,1.31,1.35,1.31,1.34,1.13,383723200.0
2005-07-08,1.35,1.37,1.34,1.37,1.15,290735200.0
2005-07-11,1.37,1.38,1.35,1.36,1.14,388788400.0
2005-07-12,1.37,1.37,1.35,1.37,1.15,387038400.0
2005-07-13,1.37,1.38,1.35,1.37,1.15,684835200.0
2005-07-14,1.46,1.5,1.44,1.46,1.22,2096060400.0
2005-07-15,1.46,1.48,1.45,1.48,1.25,687682800.0
2005-07-18,1.48,1.5,1.48,1.48,1.25,586297600.0
2005-07-19,1.48,1.54,1.47,1.54,1.3,671062000.0
2005-07-20,1.53,1.56,1.52,1.56,1.31,453395600.0
2005-07-21,1.56,1.57,1.53,1.55,1.3,404264000.0
2005-07-22,1.55,1.57,1.55,1.57,1.32,301106400.0
2005-07-25,1.57,1.58,1.56,1.56,1.32,294627200.0
2005-07-26,1.57,1.58,1.55,1.56,1.31,268592800.0
2005-07-27,1.57,1.57,1.52,1.57,1.32,283749200.0
2005-07-28,1.57,1.57,1.55,1.56,1.31,251311200.0
2005-07-29,1.56,1.59,1.51,1.52,1.28,562080400.0
2005-08-01,1.52,1.54,1.5,1.53,1.28,314249600.0
2005-08-02,1.53,1.55,1.52,1.54,1.3,296875600.0
2005-08-03,1.54,1.55,1.53,1.54,1.3,258322400.0
2005-08-04,1.53,1.54,1.51,1.53,1.28,269304000.0
2005-08-05,1.52,1.55,1.5,1.54,1.29,241931200.0
2005-08-08,1.54,1.54,1.52,1.52,1.28,176383200.0
2005-08-09,1.53,1.57,1.53,1.57,1.32,380839200.0
2005-08-10,1.57,1.59,1.55,1.55,1.3,360945200.0
2005-08-11,1.55,1.58,1.54,1.57,1.32,271983600.0
2005-08-12,1.55,1.65,1.55,1.65,1.38,916036800.0
2005-08-15,1.66,1.73,1.66,1.7,1.43,1086727600.0
2005-08-16,1.69,1.7,1.65,1.65,1.39,537622400.0
2005-08-17,1.66,1.69,1.66,1.68,1.42,499724400.0
2005-08-18,1.68,1.68,1.63,1.65,1.39,442559600.0
2005-08-19,1.65,1.67,1.63,1.64,1.38,376569200.0
2005-08-22,1.65,1.67,1.62,1.64,1.38,387732800.0
2005-08-23,1.64,1.65,1.62,1.63,1.37,295604400.0
2005-08-24,1.63,1.68,1.63,1.63,1.37,572070800.0
2005-08-25,1.65,1.66,1.64,1.64,1.38,276253600.0
2005-08-26,1.65,1.65,1.62,1.63,1.37,261058000.0
2005-08-29,1.62,1.64,1.62,1.64,1.38,256295200.0
2005-08-30,1.64,1.67,1.64,1.66,1.4,518761600.0
2005-08-31,1.67,1.68,1.65,1.67,1.41,402956400.0
2005-09-01,1.68,1.68,1.65,1.65,1.39,356367200.0
2005-09-02,1.65,1.67,1.65,1.65,1.39,222378800.0
2005-09-06,1.67,1.75,1.66,1.74,1.46,818619200.0
2005-09-07,1.75,1.76,1.71,1.74,1.46,963074000.0
2005-09-08,1.76,1.79,1.75,1.78,1.49,702640400.0
2005-09-09,1.79,1.83,1.78,1.83,1.54,615641600.0
2005-09-12,1.83,1.84,1.81,1.84,1.54,452796400.0
2005-09-13,1.82,1.83,1.8,1.82,1.53,492884000.0
2005-09-14,1.82,1.83,1.77,1.77,1.49,474426400.0
2005-09-15,1.79,1.79,1.76,1.78,1.5,415156000.0
2005-09-16,1.79,1.83,1.78,1.83,1.54,591004400.0
2005-09-19,1.82,1.89,1.82,1.88,1.58,783731200.0
2005-09-20,1.89,1.92,1.89,1.9,1.6,819828800.0
2005-09-21,1.89,1.89,1.85,1.86,1.56,434747600.0
2005-09-22,1.85,1.87,1.83,1.85,1.56,463727600.0
2005-09-23,1.86,1.91,1.85,1.9,1.6,558457200.0
2005-09-26,1.93,1.95,1.9,1.92,1.62,546562800.0
2005-09-27,1.93,1.94,1.91,1.91,1.6,341703600.0
2005-09-28,1.9,1.9,1.81,1.82,1.53,1125544000.0
2005-09-29,1.83,1.88,1.81,1.87,1.57,636846000.0
2005-09-30,1.87,1.92,1.85,1.91,1.61,531633200.0
2005-10-03,1.93,1.95,1.92,1.94,1.63,507553200.0
2005-10-04,1.96,1.98,1.92,1.92,1.61,539459200.0
2005-10-05,1.94,1.94,1.88,1.88,1.58,610769600.0
2005-10-06,1.9,1.91,1.82,1.85,1.55,757537200.0
2005-10-07,1.85,1.85,1.81,1.83,1.54,677882800.0
2005-10-10,1.85,1.85,1.8,1.8,1.51,507505600.0
2005-10-11,1.83,1.85,1.8,1.84,1.55,1225884800.0
2005-10-12,1.74,1.8,1.71,1.76,1.48,2697486400.0
2005-10-13,1.77,1.93,1.76,1.92,1.61,1865575600.0
2005-10-14,1.93,1.94,1.89,1.93,1.62,1035552000.0
2005-10-17,1.93,1.94,1.88,1.91,1.6,616834400.0
2005-10-18,1.9,1.93,1.86,1.86,1.57,609588000.0
2005-10-19,1.86,1.96,1.83,1.96,1.65,1008683200.0
2005-10-20,1.95,2.02,1.94,2.01,1.69,1357762000.0
2005-10-21,2.03,2.04,1.98,1.99,1.67,796726000.0
2005-10-24,1.97,2.03,1.97,2.03,1.7,609753200.0
2005-10-25,2.01,2.03,1.99,2.0,1.68,465127600.0
2005-10-26,2.01,2.06,2.0,2.04,1.71,631593200.0
2005-10-27,2.04,2.04,1.98,1.98,1.66,411541200.0
2005-10-28,2.0,2.02,1.93,1.95,1.64,769787200.0
2005-10-31,1.97,2.07,1.96,2.06,1.73,940844800.0
2005-11-01,2.04,2.08,2.03,2.05,1.73,749686000.0
2005-11-02,2.06,2.14,2.06,2.14,1.8,857060400.0
2005-11-03,2.15,2.23,2.15,2.21,1.86,884382800.0
2005-11-04,2.16,2.19,2.13,2.18,1.84,878035200.0
2005-11-07,2.17,2.2,2.15,2.15,1.81,638831200.0
2005-11-08,2.14,2.16,2.11,2.14,1.8,473765600.0
2005-11-09,2.14,2.19,2.14,2.15,1.8,552930000.0
2005-11-10,2.17,2.19,2.11,2.18,1.84,665344400.0
2005-11-11,2.2,2.22,2.19,2.2,1.85,425448800.0
2005-11-14,2.2,2.21,2.18,2.19,1.84,369933200.0
2005-11-15,2.2,2.25,2.19,2.22,1.87,536841200.0
2005-11-16,2.26,2.32,2.25,2.32,1.95,784515200.0
2005-11-17,2.34,2.35,2.29,2.3,1.94,676205600.0
2005-11-18,2.33,2.34,2.3,2.31,1.94,524960800.0
2005-11-21,2.32,2.33,2.28,2.32,1.95,511711200.0
2005-11-22,2.32,2.38,2.3,2.38,2.0,540282400.0
2005-11-23,2.39,2.43,2.38,2.4,2.01,485853200.0
2005-11-25,2.42,2.48,2.41,2.48,2.08,395012800.0
2005-11-28,2.53,2.54,2.47,2.49,2.09,1018519600.0
2005-11-29,2.5,2.51,2.41,2.43,2.04,891433200.0
2005-11-30,2.44,2.46,2.41,2.42,2.04,595674800.0
2005-12-01,2.46,2.56,2.46,2.56,2.15,812893200.0
2005-12-02,2.58,2.6,2.53,2.59,2.18,895762000.0
2005-12-05,2.57,2.59,2.55,2.57,2.16,583671200.0
2005-12-06,2.64,2.67,2.62,2.64,2.22,857029600.0
2005-12-07,2.65,2.66,2.61,2.64,2.22,679464800.0
2005-12-08,2.61,2.65,2.59,2.65,2.22,790479200.0
2005-12-09,2.65,2.66,2.62,2.65,2.23,555402400.0
2005-12-12,2.67,2.69,2.66,2.68,2.25,524994400.0
2005-12-13,2.67,2.69,2.65,2.68,2.25,493816400.0
2005-12-14,2.59,2.62,2.51,2.57,2.16,1450716400.0
2005-12-15,2.6,2.6,2.55,2.58,2.17,561162000.0
2005-12-16,2.58,2.58,2.54,2.54,2.13,671171200.0
2005-12-19,2.54,2.59,2.54,2.55,2.14,529295200.0
2005-12-20,2.56,2.59,2.54,2.58,2.16,479108000.0
2005-12-21,2.59,2.63,2.59,2.63,2.21,475736800.0
2005-12-22,2.64,2.66,2.63,2.64,2.22,370610800.0
2005-12-23,2.65,2.65,2.62,2.62,2.2,229857600.0
2005-12-27,2.64,2.68,2.64,2.65,2.23,590590000.0
2005-12-28,2.66,2.67,2.62,2.63,2.21,398115200.0
2005-12-29,2.63,2.64,2.55,2.55,2.14,490025200.0
2005-12-30,2.53,2.59,2.51,2.57,2.16,624262800.0
2006-01-03,2.59,2.67,2.58,2.67,2.24,807234400.0
2006-01-04,2.68,2.71,2.66,2.68,2.25,619603600.0
2006-01-05,2.67,2.67,2.63,2.66,2.23,449422400.0
2006-01-06,2.69,2.74,2.66,2.72,2.29,704457600.0
2006-01-09,2.74,2.76,2.7,2.72,2.28,675040800.0
2006-01-10,2.72,2.92,2.71,2.89,2.43,2279869200.0
2006-01-11,2.99,3.03,2.95,3.0,2.52,1493794400.0
2006-01-12,3.03,3.09,2.99,3.01,2.53,1280809600.0
2006-01-13,3.04,3.07,3.02,3.06,2.57,776305600.0
2006-01-17,3.06,3.09,3.0,3.03,2.54,835623600.0
2006-01-18,2.97,3.0,2.92,2.95,2.48,1200637200.0
2006-01-19,2.9,2.92,2.81,2.82,2.37,1695848000.0
2006-01-20,2.83,2.86,2.71,2.72,2.28,1134758800.0
2006-01-23,2.72,2.84,2.71,2.77,2.33,1059730000.0
2006-01-24,2.81,2.84,2.71,2.72,2.28,1142254400.0
2006-01-25,2.76,2.77,2.62,2.65,2.23,1275786400.0
2006-01-26,2.66,2.69,2.57,2.58,2.17,1181387200.0
2006-01-27,2.61,2.63,2.54,2.57,2.16,953864800.0
2006-01-30,2.54,2.74,2.53,2.68,2.25,1398401200.0
2006-01-31,2.7,2.73,2.63,2.7,2.27,913542000.0
2006-02-01,2.68,2.73,2.67,2.69,2.26,521186400.0
2006-02-02,2.68,2.69,2.57,2.58,2.16,707322000.0
2006-02-03,2.58,2.6,2.54,2.57,2.16,692123600.0
2006-02-06,2.57,2.59,2.38,2.4,2.02,1651767600.0
2006-02-07,2.44,2.48,2.38,2.41,2.03,1388830800.0
2006-02-08,2.45,2.47,2.36,2.46,2.07,953114400.0
2006-02-09,2.47,2.47,2.3,2.32,1.95,1149764000.0
2006-02-10,2.33,2.42,2.25,2.4,2.02,1760477600.0
2006-02-13,2.38,2.38,2.31,2.31,1.94,883498000.0
2006-02-14,2.33,2.43,2.32,2.42,2.03,1160938800.0
2006-02-15,2.4,2.49,2.38,2.47,2.08,1159771200.0
2006-02-16,2.5,2.54,2.48,2.52,2.12,948175200.0
2006-02-17,2.51,2.53,2.49,2.51,2.11,575999200.0
2006-02-21,2.52,2.53,2.45,2.47,2.07,779606800.0
2006-02-22,2.46,2.56,2.43,2.55,2.14,978238800.0
2006-02-23,2.56,2.61,2.55,2.56,2.15,856917600.0
2006-02-24,2.58,2.6,2.54,2.55,2.15,534744000.0
2006-02-27,2.57,2.58,2.52,2.54,2.13,791240800.0
2006-02-28,2.56,2.59,2.43,2.45,2.06,1266980400.0
2006-03-01,2.46,2.48,2.43,2.47,2.07,763817600.0
2006-03-02,2.46,2.5,2.45,2.49,2.09,625273600.0
2006-03-03,2.48,2.5,2.41,2.42,2.03,737668400.0
2006-03-06,2.42,2.42,2.32,2.34,1.97,912665600.0
2006-03-07,2.35,2.39,2.32,2.37,1.99,872877600.0
2006-03-08,2.37,2.4,2.33,2.35,1.97,653251200.0
2006-03-09,2.36,2.37,2.28,2.28,1.92,799304800.0
2006-03-10,2.29,2.3,2.23,2.26,1.9,1043142800.0
2006-03-13,2.32,2.37,2.31,2.35,1.97,861187600.0
2006-03-14,2.35,2.4,2.34,2.4,2.02,642020400.0
2006-03-15,2.42,2.43,2.34,2.37,1.99,891996000.0
2006-03-16,2.39,2.39,2.3,2.3,1.93,749638400.0
2006-03-17,2.31,2.34,2.29,2.31,1.94,812042000.0
2006-03-20,2.33,2.34,2.28,2.29,1.92,605441200.0
2006-03-21,2.21,2.3,2.19,2.21,1.86,1345366400.0
2006-03-22,2.22,2.26,2.19,2.2,1.85,1345895600.0
2006-03-23,2.21,2.21,2.13,2.15,1.81,1427826400.0
2006-03-24,2.15,2.18,2.11,2.14,1.8,1071980000.0
2006-03-27,2.16,2.19,2.12,2.13,1.79,1108072000.0
2006-03-28,2.13,2.15,2.08,2.1,1.76,1370322800.0
2006-03-29,2.11,2.23,2.06,2.23,1.87,2346834000.0
2006-03-30,2.24,2.26,2.2,2.24,1.88,1390650800.0
2006-03-31,2.26,2.27,2.22,2.24,1.88,815357200.0
2006-04-03,2.27,2.29,2.24,2.24,1.88,815791200.0
2006-04-04,2.22,2.22,2.18,2.18,1.84,931924000.0
2006-04-05,2.31,2.4,2.29,2.4,2.02,2233408800.0
2006-04-06,2.44,2.57,2.44,2.54,2.14,2663768800.0
2006-04-07,2.53,2.54,2.45,2.49,2.1,1545238800.0
2006-04-10,2.51,2.53,2.44,2.45,2.06,903515200.0
2006-04-11,2.46,2.47,2.4,2.43,2.04,939316000.0
2006-04-12,2.43,2.43,2.37,2.38,2.0,739894400.0
2006-04-13,2.37,2.41,2.35,2.37,2.0,734678000.0
2006-04-17,2.38,2.39,2.3,2.31,1.95,721938000.0
2006-04-18,2.32,2.37,2.31,2.37,1.99,794844400.0
2006-04-19,2.39,2.39,2.34,2.34,1.97,1086033200.0
2006-04-20,2.48,2.5,2.36,2.42,2.03,1666982800.0
2006-04-21,2.44,2.45,2.37,2.39,2.01,788986800.0
2006-04-24,2.39,2.39,2.34,2.35,1.97,707028000.0
2006-04-25,2.36,2.38,2.34,2.36,1.99,529062800.0
2006-04-26,2.38,2.44,2.37,2.43,2.05,710886400.0
2006-04-27,2.42,2.49,2.41,2.48,2.08,845947200.0
2006-04-28,2.48,2.55,2.47,2.51,2.11,760037600.0
2006-05-01,2.53,2.56,2.47,2.49,2.09,750380400.0
2006-05-02,2.51,2.57,2.5,2.56,2.15,771663200.0
2006-05-03,2.57,2.57,2.51,2.54,2.14,686991200.0
2006-05-04,2.54,2.6,2.52,2.54,2.14,860420400.0
2006-05-05,2.57,2.58,2.54,2.57,2.16,563911600.0
2006-05-08,2.61,2.64,2.56,2.57,2.16,594851600.0
2006-05-09,2.57,2.59,2.52,2.54,2.13,531666800.0
2006-05-10,2.55,2.55,2.49,2.52,2.12,459888800.0
2006-05-11,2.53,2.53,2.41,2.43,2.05,812688800.0
2006-05-12,2.42,2.45,2.39,2.42,2.03,641774000.0
2006-05-15,2.41,2.44,2.4,2.42,2.04,529177600.0
2006-05-16,2.43,2.44,2.31,2.32,1.95,936740000.0
2006-05-17,2.31,2.35,2.29,2.33,1.96,754194000.0
2006-05-18,2.35,2.37,2.25,2.26,1.9,658442400.0
2006-05-19,2.26,2.32,2.24,2.3,1.94,985866000.0
2006-05-22,2.28,2.29,2.24,2.26,1.9,718975600.0
2006-05-23,2.32,2.33,2.25,2.26,1.9,694414000.0
2006-05-24,2.25,2.27,2.2,2.26,1.9,916031200.0
2006-05-25,2.3,2.3,2.26,2.3,1.93,463372000.0
2006-05-26,2.3,2.31,2.26,2.27,1.91,432950000.0
2006-05-30,2.26,2.26,2.19,2.19,1.84,563402000.0
2006-05-31,2.21,2.21,2.1,2.13,1.79,1280977600.0
2006-06-01,2.14,2.22,2.13,2.22,1.87,942508000.0
2006-06-02,2.25,2.25,2.17,2.2,1.85,685787200.0
2006-06-05,2.18,2.18,2.14,2.14,1.8,605785600.0
2006-06-06,2.15,2.17,2.1,2.13,1.79,726037200.0
2006-06-07,2.15,2.16,2.08,2.09,1.76,750506400.0
2006-06-08,2.09,2.18,2.04,2.17,1.82,1397482800.0
2006-06-09,2.18,2.2,2.11,2.12,1.78,775838000.0
2006-06-12,2.12,2.13,2.03,2.04,1.71,717785600.0
2006-06-13,2.06,2.11,2.05,2.08,1.75,1080643200.0
2006-06-14,2.08,2.1,2.02,2.06,1.73,878136000.0
2006-06-15,2.05,2.13,2.03,2.12,1.78,1190383600.0
2006-06-16,2.11,2.11,2.05,2.06,1.73,838101600.0
2006-06-19,2.07,2.08,2.04,2.04,1.72,704575200.0
2006-06-20,2.06,2.08,2.05,2.05,1.73,672974400.0
2006-06-21,2.06,2.1,2.05,2.07,1.74,863296000.0
2006-06-22,2.08,2.13,2.07,2.13,1.79,965633200.0
2006-06-23,2.13,2.15,2.1,2.1,1.77,660203600.0
2006-06-26,2.11,2.11,2.08,2.11,1.77,466536000.0
2006-06-27,2.11,2.12,2.05,2.05,1.72,550611600.0
2006-06-28,2.05,2.05,1.98,2.0,1.68,850704400.0
2006-06-29,2.03,2.11,2.01,2.11,1.77,873398400.0
2006-06-30,2.06,2.06,2.02,2.05,1.72,739695600.0
2006-07-03,2.05,2.08,2.05,2.07,1.74,194770800.0
2006-07-05,2.04,2.06,2.02,2.04,1.71,518240800.0
2006-07-06,2.04,2.05,1.99,1.99,1.67,633208800.0
2006-07-07,1.98,2.02,1.95,1.98,1.66,799360800.0
2006-07-10,1.99,2.02,1.95,1.96,1.65,529345600.0
2006-07-11,1.97,2.0,1.95,1.99,1.67,825022800.0
2006-07-12,1.97,1.97,1.89,1.89,1.59,927329200.0
2006-07-13,1.86,1.93,1.84,1.87,1.57,1249906000.0
2006-07-14,1.88,1.89,1.79,1.81,1.52,993036800.0
2006-07-17,1.85,1.9,1.84,1.87,1.57,1024542400.0
2006-07-18,1.9,1.92,1.85,1.89,1.59,1000448400.0
2006-07-19,1.89,1.97,1.87,1.93,1.62,1390743200.0
2006-07-20,2.18,2.2,2.13,2.16,1.82,1972146400.0
2006-07-21,2.14,2.18,2.13,2.17,1.82,891892400.0
2006-07-24,2.19,2.22,2.16,2.19,1.84,722856400.0
2006-07-25,2.21,2.22,2.17,2.21,1.86,589069600.0
2006-07-26,2.21,2.31,2.2,2.28,1.92,898427600.0
2006-07-27,2.3,2.32,2.24,2.26,1.9,735044800.0
2006-07-28,2.28,2.35,2.27,2.34,1.97,691507600.0
2006-07-31,2.39,2.45,2.37,2.43,2.04,892841600.0
2006-08-01,2.4,2.43,2.36,2.4,2.02,711765600.0
2006-08-02,2.42,2.45,2.41,2.43,2.05,550768400.0
2006-08-03,2.43,2.5,2.42,2.49,2.09,841044400.0
2006-08-04,2.39,2.45,2.32,2.44,2.05,1852866400.0
2006-08-07,2.42,2.49,2.37,2.4,2.02,1245512800.0
2006-08-08,2.4,2.4,2.3,2.31,1.94,997864000.0
2006-08-09,2.34,2.34,2.26,2.27,1.91,955838800.0
2006-08-10,2.26,2.31,2.24,2.29,1.92,697760000.0
2006-08-11,2.26,2.29,2.23,2.27,1.91,777529200.0
2006-08-14,2.29,2.33,2.27,2.28,1.92,717620400.0
2006-08-15,2.33,2.38,2.31,2.37,1.99,861352800.0
2006-08-16,2.4,2.43,2.37,2.43,2.04,781284000.0
2006-08-17,2.43,2.45,2.4,2.41,2.03,581148400.0
2006-08-18,2.42,2.44,2.4,2.43,2.04,536354000.0
2006-08-21,2.4,2.4,2.36,2.38,2.0,526226400.0
2006-08-22,2.38,2.44,2.38,2.41,2.03,576968000.0
2006-08-23,2.43,2.45,2.39,2.4,2.02,536258800.0
2006-08-24,2.42,2.44,2.37,2.42,2.04,655191600.0
2006-08-25,2.4,2.47,2.4,2.46,2.06,543958800.0
2006-08-28,2.45,2.45,2.38,2.39,2.01,738161200.0
2006-08-29,2.39,2.4,2.33,2.37,2.0,947332400.0
2006-08-30,2.4,2.42,2.38,2.39,2.01,680142400.0
2006-08-31,2.4,2.44,2.38,2.42,2.04,574697200.0
2006-09-01,2.45,2.45,2.42,2.44,2.05,408494800.0
2006-09-05,2.46,2.55,2.45,2.55,2.15,1012457600.0
2006-09-06,2.54,2.56,2.49,2.5,2.1,974103200.0
2006-09-07,2.52,2.62,2.51,2.6,2.19,1267957600.0
2006-09-08,2.62,2.63,2.57,2.59,2.18,895921600.0
2006-09-11,2.59,2.63,2.55,2.59,2.18,949124400.0
2006-09-12,2.6,2.62,2.55,2.59,2.18,1684687200.0
2006-09-13,2.6,2.65,2.58,2.65,2.23,1146138000.0
2006-09-14,2.63,2.67,2.62,2.65,2.23,801729600.0
2006-09-15,2.66,2.68,2.62,2.65,2.22,981853600.0
2006-09-18,2.64,2.67,2.62,2.64,2.22,705278000.0
2006-09-19,2.65,2.66,2.6,2.63,2.21,710049200.0
2006-09-20,2.66,2.7,2.65,2.69,2.26,822791200.0
2006-09-21,2.69,2.72,2.64,2.67,2.24,794124800.0
2006-09-22,2.65,2.65,2.59,2.61,2.19,665112000.0
2006-09-25,2.64,2.71,2.63,2.71,2.27,858992400.0
2006-09-26,2.72,2.78,2.72,2.77,2.33,1102948000.0
2006-09-27,2.76,2.77,2.71,2.73,2.29,810373200.0
2006-09-28,2.75,2.77,2.71,2.75,2.31,723609600.0
2006-09-29,2.75,2.77,2.74,2.75,2.31,405812400.0
2006-10-02,2.68,2.71,2.65,2.67,2.25,712639200.0
2006-10-03,2.66,2.68,2.61,2.65,2.22,790708800.0
2006-10-04,2.65,2.69,2.61,2.69,2.26,829082800.0
2006-10-05,2.66,2.72,2.65,2.67,2.25,683883200.0
2006-10-06,2.66,2.68,2.64,2.65,2.23,466958800.0
2006-10-09,2.64,2.68,2.63,2.67,2.24,438222400.0
2006-10-10,2.66,2.66,2.61,2.64,2.22,531588400.0
2006-10-11,2.62,2.64,2.59,2.62,2.2,571855200.0
2006-10-12,2.63,2.69,2.63,2.69,2.26,592855200.0
2006-10-13,2.7,2.75,2.67,2.68,2.25,684196800.0
2006-10-16,2.69,2.71,2.67,2.69,2.26,508692800.0
2006-10-17,2.68,2.69,2.64,2.65,2.23,480925200.0
2006-10-18,2.67,2.69,2.64,2.66,2.24,1133907600.0
2006-10-19,2.83,2.86,2.79,2.82,2.37,1512977200.0
2006-10-20,2.82,2.86,2.81,2.86,2.4,639413600.0
2006-10-23,2.86,2.92,2.85,2.91,2.45,832507200.0
2006-10-24,2.9,2.92,2.86,2.89,2.43,463212400.0
2006-10-25,2.91,2.93,2.89,2.92,2.45,485214800.0
2006-10-26,2.92,2.95,2.9,2.94,2.47,432756800.0
2006-10-27,2.92,2.94,2.86,2.87,2.41,594966400.0
2006-10-30,2.86,2.89,2.84,2.87,2.41,499917600.0
2006-10-31,2.91,2.92,2.87,2.9,2.43,501474400.0
2006-11-01,2.9,2.91,2.8,2.83,2.38,611192400.0
2006-11-02,2.82,2.83,2.8,2.82,2.37,465483200.0
2006-11-03,2.83,2.84,2.78,2.8,2.35,431888800.0
2006-11-06,2.82,2.86,2.8,2.85,2.39,434576800.0
2006-11-07,2.87,2.89,2.86,2.88,2.42,525932400.0
2006-11-08,2.86,2.95,2.85,2.94,2.48,690916800.0
2006-11-09,2.96,3.02,2.93,2.98,2.5,923053600.0
2006-11-10,2.98,2.99,2.95,2.97,2.5,373864400.0
2006-11-13,2.97,3.02,2.95,3.01,2.53,450674000.0
2006-11-14,3.03,3.04,3.0,3.04,2.55,588954800.0
2006-11-15,3.04,3.07,3.0,3.0,2.52,655323200.0
2006-11-16,3.03,3.08,3.02,3.06,2.57,693940800.0
2006-11-17,3.04,3.07,3.04,3.07,2.58,466424000.0
2006-11-20,3.05,3.11,3.04,3.09,2.6,570794000.0
2006-11-21,3.12,3.16,3.11,3.16,2.66,622666800.0
2006-11-22,3.18,3.24,3.14,3.23,2.71,671941200.0
2006-11-24,3.2,3.32,3.2,3.27,2.75,518677600.0
2006-11-27,3.3,3.33,3.2,3.2,2.69,1074836000.0
2006-11-28,3.23,3.28,3.21,3.28,2.76,1036173600.0
2006-11-29,3.32,3.33,3.22,3.28,2.76,1157083200.0
2006-11-30,3.29,3.31,3.25,3.27,2.75,870486400.0
2006-12-01,3.28,3.3,3.22,3.26,2.74,795079600.0
2006-12-04,3.28,3.29,3.23,3.25,2.74,709536800.0
2006-12-05,3.27,3.3,3.25,3.26,2.74,662838400.0
2006-12-06,3.24,3.26,3.2,3.21,2.7,638184400.0
2006-12-07,3.22,3.23,3.1,3.11,2.61,1004827600.0
2006-12-08,3.12,3.19,3.11,3.15,2.65,784277200.0
2006-12-11,3.17,3.19,3.14,3.17,2.66,499780400.0
2006-12-12,3.16,3.17,3.05,3.08,2.59,1026620000.0
2006-12-13,3.14,3.18,3.11,3.18,2.67,857052000.0
2006-12-14,3.18,3.21,3.15,3.16,2.66,832330800.0
2006-12-15,3.18,3.19,3.12,3.13,2.63,739939200.0
2006-12-18,3.13,3.14,3.02,3.05,2.57,721576800.0
2006-12-19,3.03,3.1,2.99,3.08,2.59,911405600.0
2006-12-20,3.09,3.1,3.03,3.03,2.54,567691600.0
2006-12-21,3.03,3.05,2.94,2.96,2.49,903599200.0
2006-12-22,2.98,3.0,2.91,2.94,2.47,613303600.0
2006-12-26,2.93,2.95,2.89,2.91,2.45,490688800.0
2006-12-27,2.79,2.93,2.74,2.91,2.45,1935754800.0
2006-12-28,2.87,2.9,2.84,2.89,2.43,1119876800.0
2006-12-29,3.0,3.05,2.98,3.03,2.55,1076429200.0
2007-01-03,3.08,3.09,2.92,2.99,2.52,1238319600.0
2007-01-04,3.0,3.07,2.99,3.06,2.57,847260400.0
2007-01-05,3.06,3.08,3.01,3.04,2.55,834741600.0
2007-01-08,3.07,3.09,3.05,3.05,2.57,797106800.0
2007-01-09,3.09,3.32,3.04,3.31,2.78,3349298400.0
2007-01-10,3.38,3.49,3.34,3.46,2.91,2952880000.0
2007-01-11,3.43,3.46,3.4,3.42,2.88,1440252800.0
2007-01-12,3.38,3.39,3.33,3.38,2.84,1312690400.0
2007-01-16,3.42,3.47,3.41,3.47,2.91,1244076400.0
2007-01-17,3.48,3.49,3.39,3.39,2.85,1646260000.0
2007-01-18,3.29,3.29,3.18,3.18,2.67,2364605600.0
2007-01-19,3.17,3.2,3.15,3.16,2.66,1364473600.0
2007-01-22,3.18,3.18,3.06,3.1,2.61,1454026000.0
2007-01-23,3.06,3.13,3.05,3.06,2.57,1207424400.0
2007-01-24,3.1,3.11,3.07,3.1,2.6,927813600.0
2007-01-25,3.11,3.16,3.07,3.08,2.59,905973600.0
2007-01-26,3.11,3.12,3.04,3.05,2.56,986874000.0
2007-01-29,3.08,3.09,3.05,3.07,2.58,901664400.0
2007-01-30,3.09,3.09,3.04,3.06,2.57,577970400.0
2007-01-31,3.03,3.07,3.01,3.06,2.57,856069200.0
2007-02-01,3.08,3.08,3.03,3.03,2.54,664342000.0
2007-02-02,3.0,3.04,2.99,3.03,2.54,621530000.0
2007-02-05,3.01,3.04,3.0,3.0,2.52,578852400.0
2007-02-06,3.02,3.02,2.96,3.01,2.53,864393600.0
2007-02-07,3.02,3.09,2.98,3.08,2.59,1066825200.0
2007-02-08,3.05,3.09,3.05,3.08,2.59,679030800.0
2007-02-09,3.07,3.08,2.97,2.97,2.5,860540800.0
2007-02-12,3.02,3.04,2.99,3.03,2.55,724071600.0
2007-02-13,3.04,3.05,3.01,3.03,2.54,580986000.0
2007-02-14,3.02,3.06,3.02,3.05,2.56,507981600.0
2007-02-15,3.05,3.06,3.03,3.04,2.56,363661200.0
2007-02-16,3.04,3.05,3.02,3.03,2.55,399868000.0
2007-02-20,3.02,3.08,3.01,3.07,2.58,617702400.0
2007-02-21,3.07,3.2,3.07,3.19,2.68,1155313600.0
2007-02-22,3.24,3.24,3.16,3.2,2.69,838224800.0
2007-02-23,3.18,3.23,3.17,3.18,2.67,517893600.0
2007-02-26,3.21,3.21,3.13,3.16,2.66,615848800.0
2007-02-27,3.08,3.11,2.98,3.0,2.52,1145813200.0
2007-02-28,2.96,3.06,2.96,3.02,2.54,919475200.0
2007-03-01,3.0,3.15,2.99,3.11,2.61,1415528800.0
2007-03-02,3.1,3.13,3.04,3.05,2.56,860000400.0
2007-03-05,3.07,3.17,3.06,3.08,2.59,838899600.0
2007-03-06,3.14,3.15,3.12,3.15,2.65,723186800.0
2007-03-07,3.14,3.18,3.12,3.13,2.63,626284400.0
2007-03-08,3.16,3.17,3.12,3.14,2.64,511011200.0
2007-03-09,3.17,3.17,3.12,3.14,2.64,451836000.0
2007-03-12,3.15,3.21,3.14,3.21,2.7,729408400.0
2007-03-13,3.19,3.24,3.16,3.16,2.65,867890800.0
2007-03-14,3.16,3.21,3.14,3.21,2.7,796586000.0
2007-03-15,3.21,3.23,3.19,3.2,2.69,559498800.0
2007-03-16,3.2,3.21,3.19,3.2,2.69,571704000.0
2007-03-19,3.22,3.27,3.2,3.25,2.74,712961200.0
2007-03-20,3.26,3.28,3.25,3.27,2.75,488916400.0
2007-03-21,3.29,3.36,3.27,3.35,2.82,686896000.0
2007-03-22,3.35,3.37,3.32,3.36,2.82,561492400.0
2007-03-23,3.33,3.36,3.33,3.34,2.81,450884000.0
2007-03-26,3.36,3.42,3.33,3.42,2.88,864987200.0
2007-03-27,3.42,3.46,3.39,3.41,2.87,932052800.0
2007-03-28,3.39,3.41,3.33,3.33,2.8,942337200.0
2007-03-29,3.36,3.36,3.29,3.35,2.81,725723600.0
2007-03-30,3.37,3.38,3.31,3.32,2.79,600558000.0
2007-04-02,3.36,3.37,3.32,3.34,2.81,501992400.0
2007-04-03,3.36,3.4,3.35,3.38,2.84,583934400.0
2007-04-04,3.39,3.4,3.36,3.37,2.83,476784000.0
2007-04-05,3.36,3.38,3.34,3.38,2.84,355516000.0
2007-04-09,3.4,3.4,3.32,3.34,2.81,413341600.0
2007-04-10,3.35,3.37,3.34,3.37,2.83,352466800.0
2007-04-11,3.35,3.36,3.3,3.31,2.78,549018400.0
2007-04-12,3.29,3.3,3.24,3.29,2.77,656675600.0
2007-04-13,3.25,3.26,3.22,3.22,2.71,719941600.0
2007-04-16,3.23,3.27,3.22,3.27,2.74,609033600.0
2007-04-17,3.29,3.3,3.2,3.23,2.71,751920400.0
2007-04-18,3.22,3.24,3.2,3.23,2.71,464044000.0
2007-04-19,3.22,3.26,3.21,3.22,2.71,425913600.0
2007-04-20,3.25,3.26,3.23,3.25,2.73,522779600.0
2007-04-23,3.27,3.35,3.27,3.34,2.81,780290000.0
2007-04-24,3.36,3.44,3.26,3.33,2.8,1055252800.0
2007-04-25,3.37,3.41,3.35,3.41,2.86,1187144000.0
2007-04-26,3.63,3.66,3.51,3.53,2.97,1737778000.0
2007-04-27,3.51,3.57,3.49,3.57,3.0,699403600.0
2007-04-30,3.57,3.61,3.56,3.56,3.0,616509600.0
2007-05-01,3.56,3.58,3.52,3.55,2.99,532523600.0
2007-05-02,3.56,3.59,3.55,3.59,3.01,505145200.0
2007-05-03,3.6,3.62,3.57,3.59,3.01,576077600.0
2007-05-04,3.6,3.63,3.59,3.6,3.03,381987200.0
2007-05-07,3.61,3.73,3.61,3.71,3.12,861557200.0
2007-05-08,3.7,3.76,3.69,3.75,3.15,783997200.0
2007-05-09,3.75,3.82,3.75,3.82,3.21,717757600.0
2007-05-10,3.81,3.89,3.78,3.83,3.22,1197257600.0
2007-05-11,3.85,3.9,3.81,3.88,3.26,653696400.0
2007-05-14,3.91,3.93,3.87,3.91,3.28,651946400.0
2007-05-15,3.91,3.94,3.8,3.84,3.23,954514400.0
2007-05-16,3.88,3.89,3.69,3.83,3.22,1126767600.0
2007-05-17,3.83,3.92,3.83,3.91,3.29,735291200.0
2007-05-18,3.94,3.95,3.92,3.93,3.3,621345200.0
2007-05-21,3.94,4.02,3.93,4.0,3.36,639892400.0
2007-05-22,4.02,4.06,4.0,4.05,3.41,572409600.0
2007-05-23,4.07,4.11,4.02,4.03,3.39,911374800.0
2007-05-24,4.03,4.09,3.94,3.95,3.32,887362000.0
2007-05-25,4.0,4.06,3.98,4.06,3.41,632959600.0
2007-05-29,4.09,4.1,4.02,4.08,3.43,645694000.0
2007-05-30,4.08,4.25,4.05,4.24,3.57,1478444800.0
2007-05-31,4.29,4.36,4.27,4.33,3.64,1297066400.0
2007-06-01,4.32,4.33,4.22,4.23,3.55,885262000.0
2007-06-04,4.24,4.35,4.21,4.33,3.64,886673200.0
2007-06-05,4.34,4.38,4.3,4.38,3.68,920785600.0
2007-06-06,4.37,4.43,4.36,4.42,3.71,1112241200.0
2007-06-07,4.46,4.56,4.4,4.43,3.72,1915079600.0
2007-06-08,4.49,4.49,4.37,4.45,3.74,1241682400.0
2007-06-11,4.5,4.51,4.27,4.29,3.61,1874258400.0
2007-06-12,4.26,4.35,4.23,4.3,3.61,1426566400.0
2007-06-13,4.33,4.33,4.12,4.2,3.53,1721353200.0
2007-06-14,4.19,4.27,4.16,4.24,3.56,973266000.0
2007-06-15,4.31,4.31,4.28,4.3,3.62,811218800.0
2007-06-18,4.4,4.47,4.38,4.47,3.76,910604800.0
2007-06-19,4.45,4.46,4.39,4.42,3.71,943026000.0
2007-06-20,4.42,4.45,4.34,4.34,3.65,897512000.0
2007-06-21,4.35,4.44,4.31,4.43,3.72,867045200.0
2007-06-22,4.42,4.44,4.37,4.39,3.69,631876000.0
2007-06-25,4.44,4.47,4.32,4.37,3.67,965403600.0
2007-06-26,4.43,4.43,4.24,4.27,3.59,1345005200.0
2007-06-27,4.31,4.36,4.26,4.35,3.66,974696800.0
2007-06-28,4.37,4.37,4.29,4.31,3.62,838143600.0
2007-06-29,4.36,4.43,4.32,4.36,3.66,1137841600.0
2007-07-02,4.32,4.36,4.26,4.33,3.64,994862400.0
2007-07-03,4.36,4.55,4.34,4.54,3.82,1162481600.0
2007-07-05,4.6,4.75,4.6,4.74,3.99,1453051600.0
2007-07-06,4.75,4.76,4.66,4.72,3.97,874694800.0
2007-07-09,4.73,4.75,4.61,4.65,3.91,995820000.0
2007-07-10,4.6,4.8,4.6,4.73,3.97,1255007600.0
2007-07-11,4.72,4.78,4.69,4.73,3.97,821772000.0
2007-07-12,4.78,4.79,4.73,4.79,4.02,704608800.0
2007-07-13,4.82,4.92,4.8,4.92,4.13,907606000.0
2007-07-16,4.94,5.0,4.91,4.93,4.15,936112800.0
2007-07-17,4.94,4.99,4.91,4.96,4.17,709959600.0
2007-07-18,4.94,4.94,4.86,4.93,4.15,756856800.0
2007-07-19,5.01,5.03,4.99,5.0,4.2,732891600.0
2007-07-20,5.06,5.15,5.0,5.13,4.32,1167773600.0
2007-07-23,5.12,5.19,5.03,5.13,4.31,1036490000.0
2007-07-24,4.96,5.04,4.79,4.82,4.05,1795292800.0
2007-07-25,4.91,4.94,4.82,4.9,4.12,1496182800.0
2007-07-26,5.21,5.3,4.89,5.21,4.38,2186629200.0
2007-07-27,5.22,5.32,5.14,5.14,4.32,1161098400.0
2007-07-30,5.15,5.19,4.98,5.05,4.25,1106988400.0
2007-07-31,5.11,5.12,4.7,4.71,3.96,1762392800.0
2007-08-01,4.77,4.84,4.56,4.82,4.05,1750156800.0
2007-08-02,4.88,4.89,4.79,4.87,4.1,852644800.0
2007-08-03,4.83,4.86,4.7,4.71,3.96,679187600.0
2007-08-06,4.75,4.83,4.58,4.83,4.06,925170400.0
2007-08-07,4.82,4.9,4.74,4.82,4.05,949936400.0
2007-08-08,4.88,4.89,4.71,4.79,4.02,808096800.0
2007-08-09,4.68,4.75,4.47,4.51,3.79,1125395600.0
2007-08-10,4.4,4.56,4.3,4.46,3.75,1410749200.0
2007-08-13,4.58,4.62,4.52,4.56,3.84,752911600.0
2007-08-14,4.58,4.58,4.42,4.43,3.72,739006800.0
2007-08-15,4.38,4.46,4.27,4.28,3.6,992852000.0
2007-08-16,4.18,4.23,3.99,4.18,3.51,1866690000.0
2007-08-17,4.36,4.41,4.28,4.36,3.66,1195062400.0
2007-08-20,4.43,4.45,4.3,4.36,3.67,803317200.0
2007-08-21,4.36,4.61,4.32,4.56,3.83,1303047200.0
2007-08-22,4.69,4.74,4.65,4.73,3.98,1061765600.0
2007-08-23,4.75,4.76,4.63,4.68,3.93,866838000.0
2007-08-24,4.66,4.83,4.64,4.83,4.06,911834000.0
2007-08-27,4.76,4.81,4.72,4.72,3.97,707439600.0
2007-08-28,4.68,4.73,4.52,4.53,3.81,1179365600.0
2007-08-29,4.64,4.79,4.63,4.79,4.03,1166860800.0
2007-08-30,4.74,4.94,4.72,4.87,4.09,1435582400.0
2007-08-31,4.98,4.99,4.91,4.95,4.16,876887200.0
2007-09-04,5.0,5.2,4.99,5.15,4.33,1316842800.0
2007-09-05,5.18,5.21,4.86,4.88,4.11,2328222400.0
2007-09-06,4.84,4.91,4.74,4.82,4.05,1901261600.0
2007-09-07,4.71,4.72,4.64,4.71,3.96,1430576000.0
2007-09-10,4.89,4.93,4.78,4.88,4.1,1487838800.0
2007-09-11,4.93,4.94,4.78,4.84,4.07,971885600.0
2007-09-12,4.86,4.98,4.85,4.89,4.11,1022770000.0
2007-09-13,4.96,4.96,4.88,4.9,4.12,656163200.0
2007-09-14,4.88,4.96,4.86,4.96,4.17,607320000.0
2007-09-17,4.96,5.02,4.91,4.94,4.16,793371600.0
2007-09-18,4.97,5.1,4.92,5.03,4.23,1064089600.0
2007-09-19,5.11,5.11,4.98,5.03,4.23,1026880400.0
2007-09-20,5.01,5.06,4.98,5.01,4.21,691840800.0
2007-09-21,5.04,5.17,5.01,5.15,4.33,1138880400.0
2007-09-24,5.24,5.35,5.24,5.3,4.45,1052161600.0
2007-09-25,5.24,5.47,5.24,5.47,4.6,1192550800.0
2007-09-26,5.52,5.54,5.4,5.46,4.59,975268000.0
2007-09-27,5.49,5.52,5.44,5.52,4.64,658198800.0
2007-09-28,5.48,5.52,5.46,5.48,4.61,615101200.0
2007-10-01,5.52,5.62,5.46,5.58,4.69,837068400.0
2007-10-02,5.59,5.66,5.57,5.66,4.76,792069600.0
2007-10-03,5.64,5.68,5.61,5.64,4.74,692518400.0
2007-10-04,5.64,5.65,5.48,5.58,4.69,656958400.0
2007-10-05,5.66,5.77,5.63,5.77,4.85,943471200.0
2007-10-08,5.84,6.0,5.82,6.0,5.04,835928800.0
2007-10-09,6.08,6.11,5.95,5.99,5.04,1104286400.0
2007-10-10,5.98,6.0,5.91,5.96,5.01,667590000.0
2007-10-11,6.05,6.14,5.47,5.79,4.87,1643992000.0
2007-10-12,5.82,5.97,5.78,5.97,5.02,988176000.0
2007-10-15,6.0,6.06,5.84,5.96,5.01,1077930000.0
2007-10-16,5.91,6.08,5.9,6.06,5.09,1067830400.0
2007-10-17,6.17,6.18,6.04,6.17,5.19,1127613200.0
2007-10-18,6.13,6.22,6.11,6.2,5.21,823676000.0
2007-10-19,6.22,6.24,6.07,6.09,5.12,1291780000.0
2007-10-22,6.08,6.25,6.07,6.23,5.23,1649499600.0
2007-10-23,6.73,6.74,6.53,6.65,5.59,1795164000.0
2007-10-24,6.64,6.69,6.4,6.64,5.58,1288481600.0
2007-10-25,6.6,6.64,6.49,6.53,5.49,973602000.0
2007-10-26,6.62,6.62,6.53,6.6,5.54,706876800.0
2007-10-29,6.62,6.66,6.6,6.61,5.56,540554000.0
2007-10-30,6.65,6.76,6.6,6.68,5.61,939414000.0
2007-10-31,6.7,6.79,6.61,6.78,5.7,833310800.0
2007-11-01,6.74,6.79,6.43,6.69,5.63,805036400.0
2007-11-02,6.76,6.77,6.55,6.71,5.64,1002114400.0
2007-11-05,6.62,6.75,6.58,6.65,5.59,804176800.0
2007-11-06,6.68,6.86,6.62,6.85,5.76,954727200.0
2007-11-07,6.81,6.88,6.65,6.65,5.59,994327600.0
2007-11-08,6.67,6.68,5.99,6.27,5.27,1890378000.0
2007-11-09,6.11,6.25,5.9,5.91,4.96,1526380800.0
2007-11-12,5.9,5.99,5.38,5.49,4.62,1769065200.0
2007-11-13,5.74,6.11,5.49,6.07,5.1,1739446800.0
2007-11-14,6.33,6.34,5.85,5.93,4.99,1449168000.0
2007-11-15,5.94,6.06,5.72,5.87,4.93,1487410400.0
2007-11-16,5.9,5.97,5.69,5.94,5.0,1383494000.0
2007-11-19,5.93,6.01,5.79,5.86,4.92,1154428800.0
2007-11-20,5.92,6.14,5.84,6.03,5.07,1543642800.0
2007-11-21,5.92,6.16,5.88,6.02,5.06,1217809600.0
2007-11-23,6.14,6.14,6.06,6.13,5.15,465757600.0
2007-11-26,6.2,6.33,6.16,6.16,5.18,1305754800.0
2007-11-27,6.26,6.28,6.07,6.24,5.25,1317030400.0
2007-11-28,6.32,6.45,6.26,6.44,5.41,1150912000.0
2007-11-29,6.41,6.61,6.4,6.58,5.53,1050926800.0
2007-11-30,6.69,6.7,6.42,6.51,5.47,1187802000.0
2007-12-03,6.49,6.58,6.35,6.39,5.37,961469600.0
2007-12-04,6.33,6.46,6.32,6.42,5.4,773799600.0
2007-12-05,6.53,6.64,6.51,6.63,5.57,892402000.0
2007-12-06,6.65,6.79,6.65,6.78,5.7,899810800.0
2007-12-07,6.8,6.96,6.72,6.94,5.83,1066066400.0
2007-12-10,6.91,6.99,6.88,6.94,5.83,722377600.0
2007-12-11,6.96,7.03,6.69,6.73,5.66,1110925200.0
2007-12-12,6.91,6.95,6.63,6.82,5.73,1225660800.0
2007-12-13,6.79,6.86,6.71,6.85,5.76,864617600.0
2007-12-14,6.8,6.9,6.77,6.8,5.72,674312800.0
2007-12-17,6.81,6.88,6.53,6.59,5.54,1024693600.0
2007-12-18,6.66,6.69,6.38,6.53,5.49,1222603200.0
2007-12-19,6.53,6.59,6.46,6.54,5.5,827478400.0
2007-12-20,6.62,6.71,6.55,6.69,5.62,774057200.0
2007-12-21,6.79,6.93,6.78,6.93,5.82,993960800.0
2007-12-24,6.97,7.12,6.96,7.1,5.97,480202800.0
2007-12-26,7.11,7.18,7.03,7.11,5.97,703732400.0
2007-12-27,7.11,7.25,7.06,7.09,5.96,795527600.0
2007-12-28,7.16,7.2,7.03,7.14,6.0,699647200.0
2007-12-31,7.13,7.16,7.06,7.07,5.95,539333200.0
2008-01-02,7.12,7.15,6.88,6.96,5.85,1079178800.0
2008-01-03,6.98,7.05,6.88,6.96,5.85,842066400.0
2008-01-04,6.84,6.89,6.39,6.43,5.41,1455832000.0
2008-01-07,6.47,6.56,6.08,6.34,5.33,2072193200.0
2008-01-08,6.43,6.52,6.1,6.12,5.14,1523816000.0
2008-01-09,6.12,6.41,6.01,6.41,5.39,1813882000.0
2008-01-10,6.34,6.46,6.26,6.36,5.34,1482975200.0
2008-01-11,6.29,6.35,6.07,6.17,5.18,1232285600.0
2008-01-14,6.34,6.41,6.26,6.39,5.37,1100450400.0
2008-01-15,6.35,6.4,5.88,6.04,5.07,2343278000.0
2008-01-16,5.9,6.04,5.6,5.7,4.79,2213845200.0
2008-01-17,5.77,5.91,5.66,5.75,4.83,1757859600.0
2008-01-18,5.78,5.92,5.7,5.76,4.84,1724343600.0
2008-01-22,5.29,5.71,5.21,5.56,4.67,2434754000.0
2008-01-23,4.86,5.0,4.51,4.97,4.17,3372969600.0
2008-01-24,5.0,5.03,4.71,4.84,4.07,2005866800.0
2008-01-25,4.96,4.97,4.63,4.64,3.9,1554739200.0
2008-01-28,4.58,4.76,4.52,4.64,3.9,1474844000.0
2008-01-29,4.68,4.74,4.61,4.7,3.95,1099982800.0
2008-01-30,4.69,4.84,4.64,4.72,3.97,1243051600.0
2008-01-31,4.62,4.88,4.62,4.83,4.06,1345674400.0
2008-02-01,4.87,4.88,4.72,4.78,4.02,1010744000.0
2008-02-04,4.79,4.85,4.69,4.7,3.95,899234000.0
2008-02-05,4.66,4.79,4.6,4.62,3.88,1141042000.0
2008-02-06,4.67,4.71,4.35,4.36,3.66,1573272400.0
2008-02-07,4.28,4.46,4.19,4.33,3.64,2083331600.0
2008-02-08,4.36,4.49,4.34,4.48,3.77,1355972800.0
2008-02-11,4.57,4.64,4.54,4.62,3.89,1201432400.0
2008-02-12,4.67,4.68,4.41,4.46,3.75,1225980000.0
2008-02-13,4.52,4.64,4.49,4.62,3.88,968534000.0
2008-02-14,4.62,4.67,4.54,4.55,3.83,954097200.0
2008-02-15,4.51,4.54,4.43,4.45,3.74,901300400.0
2008-02-19,4.5,4.53,4.34,4.36,3.67,1005046000.0
2008-02-20,4.36,4.45,4.35,4.42,3.72,967439200.0
2008-02-21,4.5,4.52,4.32,4.34,3.65,938114800.0
2008-02-22,4.37,4.38,4.14,4.27,3.59,1529878000.0
2008-02-25,4.24,4.29,4.17,4.28,3.59,1256774400.0
2008-02-26,4.2,4.32,4.12,4.26,3.58,1504888000.0
2008-02-27,4.22,4.39,4.22,4.39,3.69,1475138000.0
2008-02-28,4.54,4.72,4.49,4.64,3.9,1618254400.0
2008-02-29,4.62,4.65,4.46,4.47,3.75,1255480800.0
2008-03-03,4.44,4.5,4.21,4.35,3.65,1593043200.0
2008-03-04,4.36,4.46,4.3,4.45,3.74,1785383600.0
2008-03-05,4.41,4.47,4.37,4.45,3.74,1221836000.0
2008-03-06,4.45,4.55,4.31,4.32,3.63,1473698800.0
2008-03-07,4.3,4.39,4.25,4.37,3.67,1230462800.0
2008-03-10,4.36,4.41,4.26,4.27,3.59,999588800.0
2008-03-11,4.43,4.55,4.36,4.55,3.82,1163943200.0
2008-03-12,4.54,4.6,4.47,4.5,3.78,1059629200.0
2008-03-13,4.43,4.63,4.39,4.57,3.84,1262102800.0
2008-03-14,4.64,4.65,4.44,4.52,3.8,1156640800.0
2008-03-17,4.38,4.59,4.38,4.53,3.8,1072598800.0
2008-03-18,4.61,4.75,4.6,4.74,3.99,1205120000.0
2008-03-19,4.75,4.8,4.63,4.63,3.89,1010536800.0
2008-03-20,4.68,4.76,4.61,4.76,4.0,908787600.0
2008-03-24,4.79,5.03,4.77,4.98,4.19,1066920400.0
2008-03-25,5.0,5.11,4.9,5.03,4.23,1052391200.0
2008-03-26,5.03,5.2,5.02,5.18,4.35,1182084400.0
2008-03-27,5.18,5.19,5.0,5.01,4.21,999829600.0
2008-03-28,5.06,5.17,5.06,5.11,4.29,714610400.0
2008-03-31,5.12,5.2,5.09,5.13,4.31,768065200.0
2008-04-01,5.22,5.34,5.13,5.34,4.49,1032567200.0
2008-04-02,5.31,5.4,5.21,5.27,4.43,1044968400.0
2008-04-03,5.25,5.49,5.25,5.41,4.55,1051568000.0
2008-04-04,5.44,5.53,5.38,5.47,4.6,854417200.0
2008-04-07,5.58,5.7,5.54,5.57,4.68,1158326400.0
2008-04-08,5.48,5.59,5.44,5.46,4.59,1014294400.0
2008-04-09,5.48,5.5,5.37,5.41,4.55,873398400.0
2008-04-10,5.4,5.55,5.38,5.52,4.64,955763200.0
2008-04-11,5.45,5.47,5.23,5.26,4.42,1210076000.0
2008-04-14,5.24,5.33,5.16,5.28,4.44,845087600.0
2008-04-15,5.34,5.35,5.2,5.3,4.45,698037200.0
2008-04-16,5.42,5.5,5.38,5.49,4.61,795774000.0
2008-04-17,5.51,5.57,5.48,5.52,4.64,704267200.0
2008-04-18,5.68,5.8,5.66,5.75,4.83,1026765600.0
2008-04-21,5.79,6.02,5.78,6.01,5.05,1039152800.0
2008-04-22,5.98,6.0,5.65,5.72,4.81,1439572400.0
2008-04-23,5.86,5.89,5.75,5.82,4.89,1504190800.0
2008-04-24,5.91,6.07,5.69,6.03,5.07,1696066400.0
2008-04-25,6.1,6.11,5.94,6.06,5.1,992474000.0
2008-04-28,6.06,6.21,6.04,6.15,5.17,787214400.0
2008-04-29,6.11,6.27,6.08,6.25,5.26,923476400.0
2008-04-30,6.29,6.43,6.18,6.21,5.22,1139524400.0
2008-05-01,6.25,6.43,6.24,6.43,5.4,903576800.0
2008-05-02,6.44,6.5,6.38,6.46,5.43,1006082000.0
2008-05-05,6.5,6.62,6.47,6.6,5.55,854557200.0
2008-05-06,6.59,6.68,6.51,6.67,5.6,918870400.0
2008-05-07,6.64,6.72,6.45,6.52,5.48,1157133600.0
2008-05-08,6.56,6.66,6.54,6.61,5.56,899085600.0
2008-05-09,6.54,6.58,6.48,6.55,5.51,673072400.0
2008-05-12,6.61,6.75,6.53,6.72,5.65,818563200.0
2008-05-13,6.74,6.84,6.71,6.78,5.7,823236400.0
2008-05-14,6.83,6.87,6.63,6.65,5.59,916823600.0
2008-05-15,6.67,6.78,6.58,6.78,5.7,873208000.0
2008-05-16,6.79,6.8,6.68,6.7,5.63,765769200.0
2008-05-19,6.71,6.74,6.47,6.56,5.51,945820400.0
2008-05-20,6.49,6.65,6.43,6.64,5.58,969850000.0
2008-05-21,6.63,6.71,6.29,6.36,5.35,1157657200.0
2008-05-22,6.4,6.48,6.14,6.32,5.32,1206735600.0
2008-05-23,6.46,6.5,6.35,6.47,5.44,906917200.0
2008-05-27,6.53,6.66,6.49,6.66,5.6,789905200.0
2008-05-28,6.69,6.71,6.56,6.68,5.61,743979600.0
2008-05-29,6.67,6.72,6.63,6.67,5.6,647186400.0
2008-05-30,6.69,6.77,6.69,6.74,5.67,610184400.0
2008-06-02,6.74,6.77,6.59,6.65,5.59,679840000.0
2008-06-03,6.67,6.72,6.51,6.62,5.56,750520400.0
2008-06-04,6.57,6.68,6.54,6.61,5.56,726983600.0
2008-06-05,6.66,6.78,6.63,6.77,5.69,755445600.0
2008-06-06,6.71,6.78,6.63,6.63,5.57,966422800.0
2008-06-09,6.6,6.61,6.28,6.49,5.45,1888392800.0
2008-06-10,6.45,6.67,6.39,6.63,5.57,1140941200.0
2008-06-11,6.58,6.64,6.41,6.46,5.43,961550800.0
2008-06-12,6.48,6.52,6.11,6.19,5.2,1308333600.0
2008-06-13,6.13,6.22,5.9,6.16,5.17,1345957200.0
2008-06-16,6.12,6.35,6.04,6.32,5.31,1051730400.0
2008-06-17,6.36,6.5,6.34,6.48,5.45,899656800.0
2008-06-18,6.47,6.51,6.33,6.38,5.37,811468000.0
2008-06-19,6.38,6.51,6.31,6.46,5.43,791949200.0
2008-06-20,6.41,6.46,6.25,6.26,5.26,888367200.0
2008-06-23,6.24,6.28,6.13,6.18,5.2,645780800.0
2008-06-24,6.16,6.28,6.13,6.19,5.2,621947200.0
2008-06-25,6.24,6.39,6.21,6.34,5.33,644450800.0
2008-06-26,6.22,6.24,6.0,6.01,5.05,869610000.0
2008-06-27,5.95,6.09,5.86,6.07,5.11,1042249600.0
2008-06-30,6.08,6.14,5.95,5.98,5.03,684196800.0
2008-07-01,5.87,6.24,5.86,6.24,5.24,1111280800.0
2008-07-02,6.26,6.34,6.01,6.01,5.05,837519200.0
2008-07-03,6.06,6.15,5.92,6.08,5.11,523362000.0
2008-07-07,6.18,6.33,6.14,6.26,5.26,820391600.0
2008-07-08,6.26,6.42,6.17,6.41,5.39,888350400.0
2008-07-09,6.44,6.46,6.22,6.22,5.23,895776000.0
2008-07-10,6.25,6.33,6.12,6.31,5.3,840688800.0
2008-07-11,6.27,6.33,6.11,6.16,5.18,930011600.0
2008-07-14,6.4,6.4,6.18,6.21,5.22,886054400.0
2008-07-15,6.16,6.2,5.94,6.06,5.09,1040043200.0
2008-07-16,6.08,6.18,6.02,6.17,5.19,747790400.0
2008-07-17,6.22,6.25,6.12,6.14,5.16,757526000.0
2008-07-18,6.02,6.06,5.89,5.9,4.96,868414400.0
2008-07-21,5.96,5.98,5.75,5.94,4.99,1360469600.0
2008-07-22,5.32,5.81,5.23,5.79,4.86,1879592400.0
2008-07-23,5.89,6.01,5.77,5.94,4.99,1061768400.0
2008-07-24,5.87,5.9,5.66,5.68,4.77,839619200.0
2008-07-25,5.73,5.82,5.67,5.79,4.87,633637200.0
2008-07-28,5.8,5.8,5.5,5.51,4.64,780712800.0
2008-07-29,5.55,5.69,5.49,5.61,4.72,684070800.0
2008-07-30,5.64,5.73,5.57,5.71,4.8,725183200.0
2008-07-31,5.63,5.79,5.61,5.68,4.77,637498400.0
2008-08-01,5.71,5.71,5.56,5.59,4.7,544639200.0
2008-08-04,5.59,5.64,5.46,5.47,4.6,592527600.0
2008-08-05,5.55,5.74,5.53,5.74,4.82,688371600.0
2008-08-06,5.71,5.98,5.64,5.86,4.93,791408800.0
2008-08-07,5.81,5.93,5.77,5.84,4.91,672372400.0
2008-08-08,5.85,6.06,5.85,6.06,5.09,713997200.0
2008-08-11,6.07,6.3,6.06,6.2,5.21,891304400.0
2008-08-12,6.2,6.4,6.2,6.31,5.31,836278800.0
2008-08-13,6.36,6.43,6.28,6.4,5.38,842346400.0
2008-08-14,6.37,6.44,6.35,6.4,5.38,711300800.0
2008-08-15,6.39,6.42,6.25,6.28,5.28,708251600.0
2008-08-18,6.27,6.35,6.21,6.26,5.27,552014400.0
2008-08-19,6.23,6.32,6.14,6.2,5.21,616204400.0
2008-08-20,6.24,6.32,6.2,6.28,5.28,506951200.0
2008-08-21,6.23,6.27,6.14,6.22,5.23,539744800.0
2008-08-22,6.28,6.34,6.27,6.31,5.31,439611200.0
2008-08-25,6.29,6.29,6.13,6.16,5.18,484425200.0
2008-08-26,6.17,6.25,6.16,6.2,5.21,445550000.0
2008-08-27,6.19,6.28,6.15,6.24,5.24,477780800.0
2008-08-28,6.26,6.29,6.17,6.2,5.22,431384800.0
2008-08-29,6.18,6.2,6.04,6.05,5.09,599289600.0
2008-09-02,6.16,6.2,5.89,5.94,4.99,780763200.0
2008-09-03,5.96,6.02,5.86,5.96,5.01,734834800.0
2008-09-04,5.92,6.0,5.74,5.76,4.84,743386000.0
2008-09-05,5.66,5.8,5.63,5.72,4.81,786884000.0
2008-09-08,5.88,5.89,5.41,5.64,4.74,1045979200.0
2008-09-09,5.6,5.71,5.35,5.42,4.55,1245025600.0
2008-09-10,5.44,5.54,5.31,5.41,4.55,973142800.0
2008-09-11,5.29,5.46,5.21,5.45,4.58,971135200.0
2008-09-12,5.39,5.39,5.23,5.32,4.47,793027200.0
2008-09-15,5.07,5.27,5.01,5.01,4.21,920634400.0
2008-09-16,4.78,5.09,4.72,5.0,4.2,1199836400.0
2008-09-17,4.95,4.95,4.57,4.57,3.84,1200455200.0
2008-09-18,4.66,4.84,4.31,4.79,4.03,1676253600.0
2008-09-19,5.09,5.15,4.87,5.03,4.23,1430875600.0
2008-09-22,5.0,5.01,4.67,4.68,3.93,856713200.0
2008-09-23,4.71,4.85,4.52,4.53,3.81,1280364400.0
2008-09-24,4.55,4.68,4.47,4.6,3.86,1047015200.0
2008-09-25,4.64,4.81,4.59,4.71,3.96,1006045600.0
2008-09-26,4.46,4.64,4.39,4.58,3.85,1126451200.0
2008-09-29,4.27,4.27,3.59,3.76,3.16,2622057200.0
2008-09-30,3.87,4.11,3.8,4.06,3.41,1626682400.0
2008-10-01,4.0,4.01,3.84,3.9,3.28,1296484000.0
2008-10-02,3.86,3.89,3.57,3.58,3.01,1609364400.0
2008-10-03,3.71,3.8,3.38,3.47,2.91,2294398400.0
2008-10-06,3.28,3.53,3.13,3.51,2.95,2107417200.0
2008-10-07,3.59,3.63,3.18,3.18,2.68,1878772000.0
2008-10-08,3.07,3.44,3.06,3.21,2.7,2207741200.0
2008-10-09,3.33,3.42,3.09,3.17,2.66,1617383600.0
2008-10-10,3.06,3.57,3.04,3.46,2.91,2219299600.0
2008-10-13,3.73,3.95,3.61,3.94,3.31,1539076000.0
2008-10-14,4.15,4.16,3.68,3.72,3.12,1980994400.0
2008-10-15,3.71,3.82,3.5,3.5,2.94,1584175600.0
2008-10-16,3.56,3.69,3.28,3.64,3.06,1980521200.0
2008-10-17,3.56,3.64,3.07,3.48,2.92,1762227600.0
2008-10-20,3.56,3.57,3.34,3.52,2.96,1549170000.0
2008-10-21,3.46,3.5,3.26,3.27,2.75,2193660000.0
2008-10-22,3.48,3.62,3.32,3.46,2.91,2248808800.0
2008-10-23,3.45,3.54,3.28,3.51,2.95,1675430400.0
2008-10-24,3.23,3.5,3.22,3.44,2.89,1590058400.0
2008-10-27,3.4,3.49,3.28,3.29,2.76,1208771200.0
2008-10-28,3.41,3.59,3.3,3.57,3.0,1634133200.0
2008-10-29,3.6,3.91,3.57,3.73,3.14,1950978400.0
2008-10-30,3.87,4.01,3.84,3.97,3.33,1638089600.0
2008-10-31,3.84,3.96,3.76,3.84,3.23,1659756000.0
2008-11-03,3.78,3.9,3.74,3.82,3.21,1057938000.0
2008-11-04,3.93,3.99,3.81,3.96,3.33,1398681200.0
2008-11-05,3.89,3.92,3.68,3.69,3.1,1256455200.0
2008-11-06,3.61,3.67,3.5,3.54,2.97,1319074400.0
2008-11-07,3.54,3.57,3.42,3.51,2.95,1095253600.0
2008-11-10,3.58,3.59,3.38,3.42,2.88,1123822000.0
2008-11-11,3.39,3.47,3.3,3.38,2.85,1224538000.0
2008-11-12,3.3,3.33,3.21,3.22,2.71,1178976400.0
2008-11-13,3.21,3.44,3.07,3.44,2.9,1854087200.0
2008-11-14,3.35,3.36,3.21,3.22,2.71,1405266800.0
2008-11-17,3.16,3.23,3.12,3.15,2.65,1162526400.0
2008-11-18,3.2,3.25,3.1,3.21,2.7,1209695200.0
2008-11-19,3.19,3.27,3.08,3.08,2.59,1171900800.0
2008-11-20,3.04,3.09,2.86,2.87,2.42,1716814400.0
2008-11-21,2.93,3.0,2.83,2.95,2.48,1569271200.0
2008-11-24,3.04,3.39,3.03,3.32,2.79,1442257600.0
2008-11-25,3.38,3.38,3.15,3.24,2.73,1235292800.0
2008-11-26,3.21,3.4,3.21,3.39,2.85,899836000.0
2008-11-28,3.38,3.38,3.28,3.31,2.78,297774400.0
2008-12-01,3.26,3.3,3.18,3.18,2.67,923767600.0
2008-12-02,3.22,3.31,3.09,3.3,2.78,1148722400.0
2008-12-03,3.19,3.44,3.17,3.42,2.88,1338680000.0
2008-12-04,3.37,3.4,3.18,3.26,2.74,1091370000.0
2008-12-05,3.23,3.37,3.17,3.36,2.82,1043795200.0
2008-12-08,3.47,3.6,3.42,3.56,2.99,1185142000.0
2008-12-09,3.5,3.7,3.47,3.57,3.0,1203496000.0
2008-12-10,3.5,3.55,3.45,3.51,2.95,938047600.0
2008-12-11,3.48,3.62,3.39,3.39,2.85,1040617200.0
2008-12-12,3.31,3.54,3.3,3.51,2.95,1041174400.0
2008-12-15,3.43,3.44,3.32,3.38,2.84,891758000.0
2008-12-16,3.36,3.45,3.31,3.41,2.86,1093506400.0
2008-12-17,3.25,3.25,3.14,3.18,2.68,1293860400.0
2008-12-18,3.19,3.24,3.16,3.19,2.68,857416000.0
2008-12-19,3.21,3.25,3.17,3.21,2.7,801920000.0
2008-12-22,3.21,3.22,3.02,3.06,2.57,844740400.0
2008-12-23,3.1,3.14,3.07,3.09,2.59,635031600.0
2008-12-24,3.08,3.08,3.02,3.04,2.55,271334000.0
2008-12-26,3.09,3.12,3.04,3.06,2.58,308324800.0
2008-12-29,3.09,3.13,3.04,3.09,2.6,686000000.0
2008-12-30,3.12,3.14,3.03,3.08,2.59,967601600.0
2008-12-31,3.07,3.13,3.05,3.05,2.56,607541200.0
2009-01-02,3.07,3.25,3.04,3.24,2.72,746015200.0
2009-01-05,3.33,3.43,3.31,3.38,2.84,1181608400.0
2009-01-06,3.43,3.47,3.3,3.32,2.79,1289310400.0
2009-01-07,3.28,3.3,3.22,3.25,2.73,753048800.0
2009-01-08,3.23,3.33,3.22,3.31,2.78,673500800.0
2009-01-09,3.33,3.34,3.22,3.23,2.72,546845600.0
2009-01-12,3.23,3.25,3.13,3.17,2.66,617716400.0
2009-01-13,3.15,3.2,3.08,3.13,2.63,798397600.0
2009-01-14,3.08,3.12,3.03,3.05,2.56,1021664000.0
2009-01-15,2.88,3.0,2.86,2.98,2.5,1831634000.0
2009-01-16,3.01,3.01,2.87,2.94,2.47,1047625600.0
2009-01-20,2.93,2.93,2.79,2.79,2.35,919914800.0
2009-01-21,2.84,2.96,2.83,2.96,2.49,1089270000.0
2009-01-22,3.14,3.21,3.07,3.16,2.65,1409528400.0
2009-01-23,3.1,3.21,3.09,3.16,2.65,763770000.0
2009-01-26,3.17,3.25,3.15,3.2,2.69,692238400.0
2009-01-27,3.22,3.27,3.2,3.24,2.72,618038400.0
2009-01-28,3.29,3.39,3.27,3.36,2.83,861406000.0
2009-01-29,3.32,3.37,3.31,3.32,2.79,592729200.0
2009-01-30,3.31,3.34,3.21,3.22,2.71,651478800.0
2009-02-02,3.18,3.29,3.17,3.27,2.75,558247200.0
2009-02-03,3.28,3.34,3.22,3.32,2.79,599309200.0
2009-02-04,3.33,3.44,3.33,3.34,2.81,808421600.0
2009-02-05,3.31,3.47,3.31,3.44,2.9,749246400.0
2009-02-06,3.46,3.57,3.46,3.56,2.99,687209600.0
2009-02-09,3.57,3.68,3.55,3.66,3.08,715010800.0
2009-02-10,3.62,3.66,3.47,3.49,2.94,849060800.0
2009-02-11,3.44,3.51,3.42,3.46,2.91,674973600.0
2009-02-12,3.42,3.56,3.42,3.55,2.98,817188400.0
2009-02-13,3.54,3.57,3.5,3.54,2.98,608977600.0
2009-02-17,3.46,3.47,3.37,3.38,2.84,678238400.0
2009-02-18,3.39,3.42,3.31,3.37,2.83,684779200.0
2009-02-19,3.33,3.37,3.22,3.24,2.72,922804400.0
2009-02-20,3.19,3.3,3.18,3.26,2.74,750316000.0
2009-02-23,3.27,3.29,3.09,3.11,2.61,786982000.0
2009-02-24,3.12,3.25,3.11,3.22,2.71,807105600.0
2009-02-25,3.21,3.32,3.19,3.26,2.74,833053200.0
2009-02-26,3.29,3.32,3.18,3.19,2.68,629868400.0
2009-02-27,3.14,3.26,3.13,3.19,2.68,706658400.0
2009-03-02,3.15,3.26,3.13,3.14,2.64,770929600.0
2009-03-03,3.18,3.24,3.14,3.16,2.65,724340400.0
2009-03-04,3.22,3.31,3.19,3.26,2.74,741403600.0
2009-03-05,3.23,3.28,3.16,3.17,2.67,706899200.0
2009-03-06,3.15,3.16,2.94,3.05,2.56,1011147200.0
2009-03-09,3.01,3.13,2.95,2.97,2.49,698297600.0
2009-03-10,3.03,3.18,3.01,3.17,2.66,844258800.0
2009-03-11,3.21,3.36,3.2,3.31,2.78,846372800.0
2009-03-12,3.32,3.45,3.29,3.44,2.89,768457200.0
2009-03-13,3.44,3.47,3.39,3.43,2.88,601168400.0
2009-03-16,3.45,3.48,3.36,3.41,2.86,797244000.0
2009-03-17,3.4,3.56,3.4,3.56,2.99,786646000.0
2009-03-18,3.57,3.7,3.56,3.63,3.05,796037200.0
2009-03-19,3.64,3.69,3.58,3.63,3.05,500180800.0
2009-03-20,3.65,3.68,3.59,3.63,3.05,695587200.0
2009-03-23,3.67,3.86,3.63,3.85,3.23,666397200.0
2009-03-24,3.8,3.91,3.76,3.8,3.2,640612000.0
2009-03-25,3.84,3.87,3.71,3.8,3.2,646618000.0
2009-03-26,3.85,3.93,3.84,3.92,3.3,616252000.0
2009-03-27,3.87,3.88,3.8,3.82,3.21,492872800.0
2009-03-30,3.73,3.75,3.66,3.73,3.14,502796000.0
2009-03-31,3.77,3.84,3.75,3.75,3.16,570080000.0
2009-04-01,3.72,3.89,3.71,3.88,3.26,589372000.0
2009-04-02,3.93,4.1,3.92,4.03,3.38,812366800.0
2009-04-03,4.08,4.15,4.05,4.14,3.48,636241200.0
2009-04-06,4.11,4.24,4.05,4.23,3.56,658064400.0
2009-04-07,4.16,4.17,4.08,4.11,3.45,536580800.0
2009-04-08,4.12,4.17,4.09,4.15,3.49,455630000.0
2009-04-09,4.23,4.29,4.21,4.27,3.59,530756800.0
2009-04-13,4.29,4.32,4.25,4.29,3.61,389236400.0
2009-04-14,4.27,4.29,4.19,4.23,3.55,454622000.0
2009-04-15,4.19,4.22,4.13,4.2,3.53,412882400.0
2009-04-16,4.26,4.4,4.24,4.34,3.65,593446000.0
2009-04-17,4.33,4.44,4.29,4.41,3.71,497495600.0
2009-04-20,4.35,4.39,4.26,4.3,3.62,466466000.0
2009-04-21,4.25,4.36,4.24,4.35,3.66,470685600.0
2009-04-22,4.38,4.48,4.33,4.34,3.65,938767200.0
2009-04-23,4.52,4.54,4.41,4.48,3.76,945156800.0
2009-04-24,4.45,4.47,4.39,4.43,3.72,540764000.0
2009-04-27,4.39,4.46,4.38,4.45,3.74,480690000.0
2009-04-28,4.41,4.51,4.4,4.43,3.72,455856800.0
2009-04-29,4.46,4.53,4.42,4.47,3.76,458110800.0
2009-04-30,4.51,4.54,4.46,4.49,3.78,498489600.0
2009-05-01,4.49,4.57,4.49,4.54,3.82,397516000.0
2009-05-04,4.58,4.72,4.56,4.72,3.96,609358400.0
2009-05-05,4.71,4.74,4.68,4.74,3.98,398255200.0
2009-05-06,4.76,4.77,4.65,4.73,3.98,473538800.0
2009-05-07,4.73,4.73,4.57,4.61,3.87,531776000.0
2009-05-08,4.61,4.69,4.51,4.61,3.88,467964000.0
2009-05-11,4.55,4.68,4.54,4.63,3.89,404658800.0
2009-05-12,4.63,4.63,4.4,4.44,3.74,609481600.0
2009-05-13,4.4,4.43,4.26,4.27,3.59,595971600.0
2009-05-14,4.28,4.41,4.28,4.39,3.69,447826400.0
2009-05-15,4.37,4.45,4.34,4.37,3.68,367567200.0
2009-05-18,4.42,4.53,4.34,4.52,3.8,458841600.0
2009-05-19,4.53,4.62,4.49,4.55,3.83,372422400.0
2009-05-20,4.56,4.61,4.47,4.5,3.78,388584000.0
2009-05-21,4.47,4.53,4.39,4.43,3.73,407946000.0
2009-05-22,4.43,4.43,4.35,4.38,3.68,297998400.0
2009-05-26,4.46,4.67,4.45,4.67,3.93,636927200.0
2009-05-27,4.71,4.82,4.68,4.75,3.99,646422000.0
2009-05-28,4.77,4.84,4.72,4.82,4.05,487552800.0
2009-05-29,4.84,4.85,4.78,4.85,4.08,456534400.0
2009-06-01,4.87,5.0,4.86,4.98,4.18,452499600.0
2009-06-02,4.96,5.05,4.94,4.98,4.19,456223600.0
2009-06-03,5.0,5.04,4.97,5.03,4.23,565199600.0
2009-06-04,5.0,5.15,5.0,5.13,4.32,550634000.0
2009-06-05,5.19,5.23,5.11,5.17,4.34,632716000.0
2009-06-08,5.14,5.15,4.98,5.14,4.32,931652400.0
2009-06-09,5.14,5.16,5.02,5.1,4.28,676964400.0
2009-06-10,5.08,5.08,4.94,5.01,4.21,688623600.0
2009-06-11,4.98,5.06,4.95,5.0,4.2,524823600.0
2009-06-12,4.96,4.97,4.86,4.89,4.11,563085600.0
2009-06-15,4.86,4.89,4.82,4.86,4.09,539750400.0
2009-06-16,4.88,4.95,4.86,4.87,4.09,514805200.0
2009-06-17,4.88,4.91,4.8,4.84,4.07,571412800.0
2009-06-18,4.86,4.93,4.84,4.85,4.08,427680400.0
2009-06-19,4.93,4.98,4.89,4.98,4.19,721856800.0
2009-06-22,5.02,5.06,4.87,4.91,4.12,634914000.0
2009-06-23,4.87,4.89,4.75,4.79,4.02,706532400.0
2009-06-24,4.84,4.91,4.82,4.86,4.09,485525600.0
2009-06-25,4.85,5.01,4.83,4.99,4.2,589447600.0
2009-06-26,4.99,5.13,4.99,5.09,4.28,439384400.0
2009-06-29,5.12,5.14,5.05,5.07,4.26,567616000.0
2009-06-30,5.09,5.14,5.06,5.09,4.28,434224000.0
2009-07-01,5.13,5.17,5.09,5.1,4.29,414178800.0
2009-07-02,5.04,5.1,4.99,5.0,4.2,370479200.0
2009-07-06,4.95,4.96,4.87,4.95,4.16,498688400.0
2009-07-07,4.95,4.99,4.83,4.84,4.06,461596800.0
2009-07-08,4.85,4.93,4.8,4.9,4.12,575929200.0
2009-07-09,4.92,4.93,4.85,4.87,4.09,343025200.0
2009-07-10,4.87,4.96,4.87,4.95,4.16,445275600.0
2009-07-13,4.98,5.08,4.91,5.08,4.27,483501200.0
2009-07-14,5.07,5.11,5.04,5.08,4.27,347247600.0
2009-07-15,5.18,5.25,5.15,5.25,4.41,485587200.0
2009-07-16,5.21,5.29,5.2,5.27,4.43,393570800.0
2009-07-17,5.32,5.43,5.31,5.42,4.56,602154000.0
2009-07-20,5.47,5.54,5.39,5.46,4.59,735526400.0
2009-07-21,5.47,5.48,5.35,5.41,4.55,874781600.0
2009-07-22,5.64,5.67,5.58,5.6,4.71,874104000.0
2009-07-23,5.59,5.66,5.56,5.64,4.74,526962800.0
2009-07-24,5.61,5.71,5.59,5.71,4.8,438362400.0
2009-07-27,5.72,5.75,5.62,5.72,4.81,433311200.0
2009-07-28,5.67,5.72,5.63,5.71,4.8,363554800.0
2009-07-29,5.68,5.73,5.65,5.72,4.8,382158000.0
2009-07-30,5.78,5.88,5.77,5.81,4.89,469604800.0
2009-07-31,5.82,5.89,5.82,5.84,4.9,422536800.0
2009-08-03,5.9,5.95,5.89,5.94,5.0,394240000.0
2009-08-04,5.89,5.91,5.86,5.91,4.97,395810800.0
2009-08-05,5.92,5.98,5.86,5.9,4.96,423183600.0
2009-08-06,5.91,5.95,5.82,5.85,4.92,341616800.0
2009-08-07,5.91,5.95,5.89,5.91,4.97,387354800.0
2009-08-10,5.92,5.95,5.84,5.88,4.94,300294400.0
2009-08-11,5.85,5.87,5.78,5.82,4.89,355342400.0
2009-08-12,5.81,5.95,5.8,5.9,4.96,445071200.0
2009-08-13,5.95,6.02,5.95,6.01,5.06,439980800.0
2009-08-14,6.0,6.01,5.91,5.96,5.01,305816000.0
2009-08-17,5.84,5.84,5.69,5.7,4.79,524381200.0
2009-08-18,5.77,5.87,5.76,5.86,4.92,431152400.0
2009-08-19,5.81,5.9,5.8,5.88,4.94,413271600.0
2009-08-20,5.89,5.95,5.88,5.94,4.99,342031200.0
2009-08-21,5.99,6.05,5.96,6.04,5.08,416074400.0
2009-08-24,6.08,6.1,6.01,6.04,5.08,406929600.0
2009-08-25,6.05,6.11,6.04,6.05,5.09,324354800.0
2009-08-26,6.03,6.06,5.96,5.98,5.03,303998800.0
2009-08-27,6.03,6.06,5.89,6.05,5.09,449181600.0
2009-08-28,6.15,6.16,6.02,6.07,5.1,453700800.0
2009-08-31,6.01,6.03,5.95,6.01,5.05,311337600.0
2009-09-01,6.0,6.07,5.89,5.9,4.96,469028000.0
2009-09-02,5.88,5.99,5.86,5.9,4.96,364249200.0
2009-09-03,5.94,5.97,5.89,5.95,5.0,293955200.0
2009-09-04,5.97,6.1,5.97,6.08,5.11,374628800.0
2009-09-08,6.18,6.18,6.14,6.18,5.19,315047600.0
2009-09-09,6.17,6.23,6.06,6.11,5.14,811087200.0
2009-09-10,6.14,6.19,6.1,6.16,5.18,491134000.0
2009-09-11,6.18,6.18,6.1,6.15,5.17,348961200.0
2009-09-14,6.1,6.21,6.08,6.2,5.22,322011200.0
2009-09-15,6.22,6.27,6.2,6.26,5.26,426470800.0
2009-09-16,6.36,6.53,6.35,6.5,5.46,754023200.0
2009-09-17,6.5,6.67,6.5,6.59,5.54,810572000.0
2009-09-18,6.64,6.66,6.6,6.61,5.55,601582800.0
2009-09-21,6.58,6.61,6.49,6.57,5.52,437715600.0
2009-09-22,6.61,6.62,6.53,6.59,5.54,356753600.0
2009-09-23,6.62,6.75,6.61,6.63,5.57,593563600.0
2009-09-24,6.69,6.7,6.53,6.57,5.52,550880400.0
2009-09-25,6.5,6.63,6.48,6.51,5.47,445239200.0
2009-09-28,6.57,6.67,6.55,6.65,5.59,337444800.0
2009-09-29,6.67,6.69,6.58,6.62,5.57,345385600.0
2009-09-30,6.65,6.66,6.52,6.62,5.56,539585200.0
2009-10-01,6.62,6.65,6.45,6.46,5.43,524711600.0
2009-10-02,6.48,6.64,6.48,6.6,5.55,553308000.0
2009-10-05,6.65,6.67,6.58,6.64,5.58,423133200.0
2009-10-06,6.7,6.79,6.69,6.79,5.7,605085600.0
2009-10-07,6.78,6.81,6.75,6.79,5.71,465668000.0
2009-10-08,6.81,6.84,6.75,6.76,5.68,438211200.0
2009-10-09,6.75,6.81,6.74,6.8,5.72,293272000.0
2009-10-12,6.82,6.84,6.77,6.81,5.73,288024800.0
2009-10-13,6.81,6.83,6.78,6.79,5.7,348020400.0
2009-10-14,6.87,6.87,6.79,6.83,5.74,375510800.0
2009-10-15,6.77,6.82,6.77,6.81,5.72,373556400.0
2009-10-16,6.76,6.8,6.71,6.72,5.65,431426800.0
2009-10-19,6.71,6.79,6.63,6.78,5.7,942230800.0
2009-10-20,7.16,7.21,7.07,7.1,5.97,1141039200.0
2009-10-21,7.13,7.45,7.12,7.32,6.15,1193726800.0
2009-10-22,7.31,7.42,7.23,7.33,6.16,791392000.0
2009-10-23,7.35,7.35,7.26,7.28,6.12,420786800.0
2009-10-26,7.27,7.38,7.15,7.23,6.08,484338400.0
2009-10-27,7.2,7.24,7.02,7.05,5.93,756551600.0
2009-10-28,7.06,7.07,6.82,6.87,5.78,818386800.0
2009-10-29,6.96,7.03,6.86,7.01,5.89,570270400.0
2009-10-30,7.0,7.03,6.72,6.73,5.66,717525200.0
2009-11-02,6.78,6.89,6.63,6.76,5.68,678983200.0
2009-11-03,6.71,6.77,6.64,6.74,5.67,522541600.0
2009-11-04,6.81,6.92,6.79,6.81,5.73,487530400.0
2009-11-05,6.87,6.96,6.85,6.93,5.82,384801200.0
2009-11-06,6.88,6.97,6.87,6.94,5.83,295097600.0
2009-11-09,7.03,7.21,7.01,7.2,6.05,528855600.0
2009-11-10,7.18,7.32,7.18,7.25,6.09,401195200.0
2009-11-11,7.31,7.32,7.21,7.26,6.1,443870000.0
2009-11-12,7.26,7.32,7.19,7.21,6.06,363731200.0
2009-11-13,7.25,7.32,7.22,7.3,6.14,343240800.0
2009-11-16,7.34,7.43,7.32,7.38,6.2,485206400.0
2009-11-17,7.36,7.41,7.32,7.39,6.21,396513600.0
2009-11-18,7.38,7.39,7.29,7.36,6.18,374320800.0
2009-11-19,7.31,7.31,7.14,7.16,6.02,542326400.0
2009-11-20,7.11,7.16,7.06,7.14,6.0,406666400.0
2009-11-23,7.25,7.36,7.25,7.35,6.18,474896800.0
2009-11-24,7.33,7.35,7.25,7.3,6.14,318438400.0
2009-11-25,7.34,7.34,7.28,7.29,6.13,286454000.0
2009-11-27,7.11,7.25,7.08,7.16,6.02,295257200.0
2009-11-30,7.18,7.2,7.1,7.14,6.0,424858000.0
2009-12-01,7.22,7.24,7.03,7.03,5.91,465763200.0
2009-12-02,7.11,7.19,6.99,7.01,5.89,715260000.0
2009-12-03,7.05,7.11,7.01,7.02,5.9,448719600.0
2009-12-04,7.13,7.14,6.8,6.9,5.8,826884800.0
2009-12-07,6.9,6.92,6.74,6.75,5.67,714758800.0
2009-12-08,6.76,6.87,6.74,6.78,5.7,690398800.0
2009-12-09,6.83,7.08,6.8,7.06,5.94,684782000.0
2009-12-10,7.13,7.13,7.0,7.02,5.9,489669600.0
2009-12-11,7.06,7.07,6.91,6.95,5.84,429774800.0
2009-12-14,6.98,7.05,6.88,7.03,5.91,495790400.0
2009-12-15,6.99,7.05,6.9,6.93,5.83,419459600.0
2009-12-16,6.97,7.02,6.95,6.97,5.85,352984800.0
2009-12-17,6.94,6.96,6.82,6.85,5.76,388838800.0
2009-12-18,6.9,6.98,6.88,6.98,5.87,608770400.0
2009-12-21,7.0,7.13,6.99,7.08,5.95,611906400.0
2009-12-22,7.12,7.17,7.09,7.16,6.01,349515600.0
2009-12-23,7.19,7.23,7.17,7.22,6.07,345525600.0
2009-12-24,7.27,7.48,7.26,7.47,6.28,500889200.0
2009-12-28,7.56,7.64,7.49,7.56,6.35,644565600.0
2009-12-29,7.59,7.6,7.45,7.47,6.28,445205600.0
2009-12-30,7.46,7.57,7.44,7.56,6.35,412084400.0
2009-12-31,7.61,7.62,7.52,7.53,6.33,352410800.0
2010-01-04,7.62,7.66,7.59,7.64,6.42,493729600.0
2010-01-05,7.66,7.7,7.62,7.66,6.44,601904800.0
2010-01-06,7.66,7.69,7.53,7.53,6.33,552160000.0
2010-01-07,7.56,7.57,7.47,7.52,6.32,477131200.0
2010-01-08,7.51,7.57,7.47,7.57,6.36,447610800.0
2010-01-11,7.6,7.61,7.44,7.5,6.31,462229600.0
2010-01-12,7.47,7.49,7.37,7.42,6.24,594459600.0
2010-01-13,7.42,7.53,7.29,7.52,6.32,605892000.0
2010-01-14,7.5,7.52,7.47,7.48,6.29,432894000.0
2010-01-15,7.53,7.56,7.35,7.35,6.18,594067600.0
2010-01-19,7.44,7.69,7.4,7.68,6.46,730007600.0
2010-01-20,7.68,7.7,7.48,7.56,6.36,612152800.0
2010-01-21,7.57,7.62,7.4,7.43,6.25,608154400.0
2010-01-22,7.39,7.41,7.04,7.06,5.94,881767600.0
2010-01-25,7.23,7.31,7.15,7.25,6.1,1065699600.0
2010-01-26,7.36,7.63,7.24,7.36,6.18,1867110000.0
2010-01-27,7.39,7.52,7.13,7.42,6.24,1722568400.0
2010-01-28,7.32,7.34,7.1,7.12,5.98,1173502400.0
2010-01-29,7.18,7.22,6.79,6.86,5.77,1245952400.0
2010-02-01,6.87,7.0,6.83,6.95,5.85,749876400.0
2010-02-02,7.0,7.01,6.91,6.99,5.88,698342400.0
2010-02-03,6.97,7.15,6.94,7.12,5.98,615328000.0
2010-02-04,7.03,7.08,6.84,6.86,5.77,757652000.0
2010-02-05,6.88,7.0,6.82,6.98,5.87,850306800.0
2010-02-08,6.99,7.07,6.93,6.93,5.83,478270800.0
2010-02-09,7.01,7.05,6.96,7.01,5.89,632886800.0
2010-02-10,7.0,7.02,6.94,6.97,5.86,370361600.0
2010-02-11,6.96,7.13,6.93,7.1,5.96,550345600.0
2010-02-12,7.08,7.2,6.98,7.16,6.02,655468800.0
2010-02-16,7.21,7.27,7.2,7.26,6.11,543737600.0
2010-02-17,7.29,7.3,7.17,7.23,6.08,436396800.0
2010-02-18,7.2,7.28,7.18,7.25,6.09,422825200.0
2010-02-19,7.21,7.26,7.18,7.2,6.05,415469600.0
2010-02-22,7.23,7.23,7.11,7.16,6.02,390563600.0
2010-02-23,7.14,7.19,6.99,7.04,5.92,575094800.0
2010-02-24,7.08,7.19,7.07,7.17,6.02,460566400.0
2010-02-25,7.05,7.24,7.03,7.21,6.06,665126000.0
2010-02-26,7.23,7.33,7.21,7.31,6.14,507460800.0
2010-03-01,7.35,7.48,7.34,7.46,6.27,550093600.0
2010-03-02,7.5,7.53,7.42,7.46,6.27,566546400.0
2010-03-03,7.46,7.5,7.43,7.48,6.28,372052800.0
2010-03-04,7.47,7.53,7.45,7.53,6.33,366041200.0
2010-03-05,7.68,7.85,7.67,7.82,6.57,899620400.0
2010-03-08,7.86,7.86,7.79,7.82,6.58,429889600.0
2010-03-09,7.8,8.04,7.78,7.97,6.7,920259200.0
2010-03-10,7.99,8.05,7.97,8.03,6.75,596218000.0
2010-03-11,8.0,8.05,7.98,8.05,6.77,405700400.0
2010-03-12,8.12,8.13,8.06,8.09,6.8,416323600.0
2010-03-15,8.05,8.05,7.87,7.99,6.72,493502800.0
2010-03-16,8.01,8.03,7.95,8.02,6.74,446908000.0
2010-03-17,8.03,8.09,7.97,8.0,6.73,450956800.0
2010-03-18,8.0,8.04,7.95,8.02,6.74,342109600.0
2010-03-19,8.03,8.04,7.9,7.94,6.67,559445600.0
2010-03-22,7.87,8.07,7.86,8.03,6.75,456419600.0
2010-03-23,8.06,8.17,8.0,8.16,6.86,602431200.0
2010-03-24,8.13,8.22,8.13,8.19,6.89,597780400.0
2010-03-25,8.25,8.25,8.08,8.09,6.8,542284400.0
2010-03-26,8.18,8.28,8.16,8.25,6.93,640875200.0
2010-03-29,8.32,8.35,8.27,8.3,6.98,540744400.0
2010-03-30,8.45,8.48,8.37,8.42,7.08,527310000.0
2010-03-31,8.41,8.45,8.37,8.39,7.05,430659600.0
2010-04-01,8.48,8.53,8.31,8.43,7.08,603145200.0
2010-04-05,8.39,8.52,8.38,8.52,7.16,684507600.0
2010-04-06,8.51,8.58,8.46,8.56,7.19,447017200.0
2010-04-07,8.56,8.64,8.52,8.59,7.22,628502000.0
2010-04-08,8.59,8.63,8.5,8.57,7.2,572989200.0
2010-04-09,8.62,8.64,8.59,8.64,7.26,334182800.0
2010-04-12,8.65,8.68,8.64,8.65,7.27,333026400.0
2010-04-13,8.64,8.67,8.61,8.66,7.28,306210800.0
2010-04-14,8.76,8.78,8.72,8.77,7.38,404076400.0
2010-04-15,8.78,8.89,8.77,8.89,7.47,376784800.0
2010-04-16,8.88,8.97,8.73,8.84,7.43,750545600.0
2010-04-19,8.82,8.85,8.63,8.82,7.42,566924400.0
2010-04-20,8.88,8.9,8.68,8.74,7.34,738326400.0
2010-04-21,9.24,9.29,9.13,9.26,7.78,982391200.0
2010-04-22,9.22,9.53,9.15,9.52,8.0,793424800.0
2010-04-23,9.57,9.72,9.54,9.67,8.13,796955600.0
2010-04-26,9.71,9.73,9.58,9.63,8.09,479068800.0
2010-04-27,9.55,9.57,9.3,9.36,7.87,709343600.0
2010-04-28,9.4,9.43,9.16,9.34,7.85,758402400.0
2010-04-29,9.39,9.64,9.36,9.59,8.06,558840800.0
2010-04-30,9.62,9.66,9.32,9.32,7.84,542463600.0
2010-05-03,9.42,9.57,9.39,9.51,8.0,454342000.0
2010-05-04,9.39,9.4,9.17,9.24,7.77,723819600.0
2010-05-05,9.04,9.22,8.88,9.14,7.68,883103200.0
2010-05-06,9.07,9.22,7.12,8.79,7.39,1285860800.0
2010-05-07,8.7,8.81,8.04,8.42,7.08,1676018400.0
2010-05-10,8.94,9.09,8.88,9.07,7.62,984306400.0
2010-05-11,8.99,9.28,8.95,9.16,7.7,848906800.0
2010-05-12,9.26,9.4,9.24,9.36,7.87,654379600.0
2010-05-13,9.4,9.46,9.16,9.23,7.76,599712400.0
2010-05-14,9.11,9.16,8.91,9.06,7.62,759362800.0
2010-05-17,9.1,9.15,8.85,9.08,7.63,762834800.0
2010-05-18,9.18,9.23,8.94,9.01,7.58,782678400.0
2010-05-19,8.91,9.03,8.74,8.87,7.46,1025726800.0
2010-05-20,8.64,8.71,8.44,8.49,7.14,1282915200.0
2010-05-21,8.31,8.73,8.26,8.65,7.27,1223891200.0
2010-05-24,8.83,8.96,8.8,8.81,7.41,754238800.0
2010-05-25,8.55,8.81,8.47,8.76,7.36,1048006400.0
2010-05-26,8.93,9.0,8.71,8.72,7.33,850654000.0
2010-05-27,8.95,9.07,8.9,9.05,7.61,666282400.0
2010-05-28,9.26,9.26,9.05,9.17,7.71,815614800.0
2010-06-01,9.27,9.5,9.25,9.32,7.83,876472800.0
2010-06-02,9.45,9.46,9.3,9.43,7.92,688548000.0
2010-06-03,9.47,9.48,9.3,9.4,7.9,650106800.0
2010-06-04,9.22,9.35,9.09,9.14,7.68,758304400.0
2010-06-07,9.22,9.26,8.95,8.96,7.53,886942000.0
2010-06-08,9.04,9.06,8.77,8.9,7.48,1000770400.0
2010-06-09,8.98,9.0,8.66,8.69,7.3,854630000.0
2010-06-10,8.74,8.96,8.65,8.95,7.52,776356000.0
2010-06-11,8.87,9.07,8.83,9.05,7.61,545759200.0
2010-06-14,9.14,9.26,9.07,9.08,7.63,602960400.0
2010-06-15,9.13,9.28,9.13,9.27,7.8,585074000.0
2010-06-16,9.32,9.56,9.31,9.54,8.02,783678000.0
2010-06-17,9.66,9.75,9.63,9.71,8.16,872855200.0
2010-06-18,9.72,9.82,9.69,9.79,8.23,784621600.0
2010-06-21,9.92,9.96,9.6,9.65,8.11,776490400.0
2010-06-22,9.72,9.86,9.7,9.78,8.22,717262000.0
2010-06-23,9.81,9.81,9.57,9.68,8.13,768457200.0
2010-06-24,9.68,9.76,9.57,9.61,8.08,714277200.0
2010-06-25,9.65,9.65,9.49,9.52,8.01,549942400.0
2010-06-28,9.53,9.63,9.45,9.58,8.05,584948000.0
2010-06-29,9.43,9.44,9.08,9.15,7.69,1133344800.0
2010-06-30,9.17,9.21,8.93,8.98,7.55,739452000.0
2010-07-01,9.08,9.1,8.69,8.87,7.46,1022896000.0
2010-07-02,8.95,8.96,8.69,8.82,7.41,693842800.0
2010-07-06,8.96,9.03,8.79,8.88,7.46,615235600.0
2010-07-07,8.95,9.24,8.92,9.24,7.77,654556000.0
2010-07-08,9.37,9.39,9.1,9.22,7.75,738144400.0
2010-07-09,9.17,9.28,9.11,9.27,7.79,433322400.0
2010-07-12,9.23,9.35,9.1,9.19,7.72,562878400.0
2010-07-13,9.15,9.16,8.8,8.99,7.56,1190924000.0
2010-07-14,8.91,9.14,8.89,9.03,7.59,812047600.0
2010-07-15,8.87,9.18,8.83,8.98,7.55,824866000.0
2010-07-16,9.04,9.11,8.87,8.93,7.5,1039858400.0
2010-07-19,8.92,8.92,8.56,8.77,7.37,1024478000.0
2010-07-20,8.68,9.03,8.57,9.0,7.56,1074950800.0
2010-07-21,9.47,9.47,9.07,9.08,7.63,1185671200.0
2010-07-22,9.2,9.29,9.12,9.25,7.78,645318800.0
2010-07-23,9.18,9.3,9.15,9.28,7.8,533388800.0
2010-07-26,9.29,9.29,9.2,9.26,7.78,420551600.0
2010-07-27,9.32,9.46,9.3,9.43,7.93,584771600.0
2010-07-28,9.42,9.5,9.29,9.32,7.83,519985200.0
2010-07-29,9.31,9.38,9.15,9.22,7.75,643806800.0
2010-07-30,9.14,9.27,9.1,9.19,7.72,448210000.0
2010-08-02,9.3,9.38,9.27,9.35,7.86,428055600.0
2010-08-03,9.32,9.4,9.27,9.35,7.86,417653600.0
2010-08-04,9.39,9.44,9.3,9.39,7.89,420375200.0
2010-08-05,9.35,9.4,9.31,9.35,7.86,289097200.0
2010-08-06,9.28,9.34,9.2,9.29,7.81,444897600.0
2010-08-09,9.34,9.36,9.27,9.35,7.86,303128000.0
2010-08-10,9.28,9.3,9.2,9.26,7.79,451920000.0
2010-08-11,9.12,9.13,8.92,8.94,7.51,620054400.0
2010-08-12,8.81,9.04,8.79,8.99,7.56,534920400.0
2010-08-13,8.99,9.0,8.9,8.9,7.48,354869200.0
2010-08-16,8.84,8.93,8.81,8.84,7.43,318430000.0
2010-08-17,8.93,9.09,8.9,9.0,7.56,422640400.0
2010-08-18,9.01,9.1,8.98,9.04,7.6,339696000.0
2010-08-19,9.03,9.05,8.88,8.92,7.5,426706000.0
2010-08-20,8.91,9.07,8.89,8.92,7.49,384230000.0
2010-08-23,8.99,9.0,8.76,8.78,7.38,414041600.0
2010-08-24,8.67,8.68,8.52,8.57,7.2,602565600.0
2010-08-25,8.5,8.71,8.47,8.67,7.29,596867600.0
2010-08-26,8.77,8.78,8.58,8.58,7.21,466505200.0
2010-08-27,8.63,8.66,8.41,8.63,7.25,548391200.0
2010-08-30,8.6,8.78,8.6,8.66,7.28,383289200.0
2010-08-31,8.64,8.73,8.58,8.68,7.3,420786800.0
2010-09-01,8.84,8.98,8.8,8.94,7.51,697037600.0
2010-09-02,8.97,9.01,8.88,9.01,7.57,415427600.0
2010-09-03,9.11,9.24,9.09,9.24,7.77,520788800.0
2010-09-07,9.17,9.27,9.15,9.21,7.74,342557600.0
2010-09-08,9.28,9.44,9.25,9.39,7.89,526551200.0
2010-09-09,9.47,9.52,9.39,9.4,7.9,438575200.0
2010-09-10,9.4,9.45,9.34,9.41,7.91,387542400.0
2010-09-13,9.49,9.58,9.49,9.54,8.02,388780000.0
2010-09-14,9.51,9.61,9.48,9.57,8.05,408150400.0
2010-09-15,9.58,9.66,9.57,9.65,8.11,429368800.0
2010-09-16,9.65,9.88,9.63,9.88,8.3,652103200.0
2010-09-17,9.92,9.93,9.77,9.83,8.27,634477200.0
2010-09-20,9.86,10.14,9.85,10.12,8.5,658677600.0
2010-09-21,10.14,10.26,10.1,10.13,8.52,668074400.0
2010-09-22,10.1,10.28,10.09,10.28,8.64,585289600.0
2010-09-23,10.23,10.46,10.21,10.32,8.67,786116800.0
2010-09-24,10.43,10.48,10.38,10.44,8.78,649488000.0
2010-09-27,10.5,10.53,10.39,10.4,8.74,482834800.0
2010-09-28,10.42,10.42,9.82,10.24,8.61,1035042400.0
2010-09-29,10.26,10.35,10.21,10.26,8.63,469644000.0
2010-09-30,10.32,10.36,10.04,10.13,8.52,673391600.0
2010-10-01,10.22,10.23,10.05,10.09,8.48,448142800.0
2010-10-04,10.06,10.1,9.92,9.95,8.36,435302000.0
2010-10-05,10.07,10.34,10.06,10.32,8.67,501967200.0
2010-10-06,10.34,10.43,10.19,10.33,8.68,670868800.0
2010-10-07,10.37,10.37,10.25,10.33,8.68,408399600.0
2010-10-08,10.42,10.52,10.36,10.5,8.83,658403200.0
2010-10-11,10.53,10.62,10.52,10.55,8.87,427753200.0
2010-10-12,10.55,10.7,10.45,10.66,8.96,558544000.0
2010-10-13,10.72,10.78,10.71,10.72,9.01,630092400.0
2010-10-14,10.77,10.8,10.73,10.8,9.08,435296400.0
2010-10-15,10.98,11.25,10.89,11.24,9.45,922194000.0
2010-10-18,11.37,11.39,11.22,11.36,9.55,1093010800.0
2010-10-19,10.84,11.21,10.72,11.05,9.29,1232784000.0
2010-10-20,11.04,11.22,10.96,11.09,9.32,721624400.0
2010-10-21,11.16,11.24,10.96,11.05,9.29,551460000.0
2010-10-22,11.04,11.07,10.94,10.98,9.23,372778000.0
2010-10-25,11.04,11.13,11.02,11.03,9.27,392462000.0
2010-10-26,10.96,11.06,10.92,11.0,9.25,392929600.0
2010-10-27,10.99,11.07,10.91,10.99,9.24,399002800.0
2010-10-28,11.0,11.0,10.75,10.9,9.16,551051200.0
2010-10-29,10.87,10.92,10.75,10.75,9.04,430511200.0
2010-11-01,10.79,10.91,10.79,10.86,9.13,423889200.0
2010-11-02,10.96,11.08,10.96,11.05,9.29,433930000.0
2010-11-03,11.12,11.17,11.02,11.17,9.39,508348400.0
2010-11-04,11.27,11.44,11.25,11.37,9.55,642488000.0
2010-11-05,11.36,11.41,11.31,11.33,9.52,361253200.0
2010-11-08,11.33,11.42,11.31,11.38,9.57,281758400.0
2010-11-09,11.47,11.48,11.23,11.29,9.49,383544000.0
2010-11-10,11.31,11.38,11.2,11.36,9.55,384227200.0
2010-11-11,11.25,11.37,11.22,11.31,9.51,361284000.0
2010-11-12,11.29,11.3,10.84,11.0,9.25,795846800.0
2010-11-15,11.02,11.09,10.94,10.97,9.22,403606000.0
2010-11-16,10.92,10.99,10.69,10.77,9.05,657650000.0
2010-11-17,10.76,10.86,10.63,10.73,9.02,479449600.0
2010-11-18,10.9,11.06,10.88,11.02,9.26,494491200.0
2010-11-19,11.0,11.01,10.9,10.95,9.21,384843200.0
2010-11-22,10.95,11.19,10.92,11.19,9.41,393075200.0
2010-11-23,11.09,11.13,10.95,11.03,9.27,519447600.0
2010-11-24,11.14,11.26,11.13,11.24,9.45,413725200.0
2010-11-26,11.2,11.35,11.18,11.25,9.46,237585600.0
2010-11-29,11.27,11.34,11.12,11.32,9.51,445785200.0
2010-11-30,11.2,11.23,11.1,11.11,9.34,501858000.0
2010-12-01,11.26,11.35,11.25,11.3,9.5,461750800.0
2010-12-02,11.34,11.39,11.25,11.36,9.55,462837200.0
2010-12-03,11.32,11.38,11.3,11.34,9.53,342092800.0
2010-12-06,11.38,11.51,11.37,11.43,9.61,448481600.0
2010-12-07,11.56,11.57,11.36,11.36,9.55,391454000.0
2010-12-08,11.42,11.47,11.33,11.46,9.64,321935600.0
2010-12-09,11.5,11.52,11.39,11.42,9.6,294151200.0
2010-12-10,11.42,11.47,11.38,11.45,9.62,262511200.0
2010-12-13,11.58,11.61,11.46,11.49,9.66,439815600.0
2010-12-14,11.49,11.52,11.39,11.44,9.62,351008000.0
2010-12-15,11.43,11.54,11.4,11.44,9.62,417312000.0
2010-12-16,11.47,11.52,11.43,11.47,9.64,322030800.0
2010-12-17,11.49,11.49,11.44,11.45,9.62,386929200.0
2010-12-20,11.49,11.54,11.37,11.51,9.67,385610400.0
2010-12-21,11.54,11.59,11.5,11.58,9.73,256354000.0
2010-12-22,11.58,11.63,11.56,11.61,9.76,265921600.0
2010-12-23,11.61,11.61,11.54,11.56,9.71,223157200.0
2010-12-27,11.53,11.62,11.48,11.6,9.75,249816000.0
2010-12-28,11.64,11.67,11.61,11.62,9.77,175924000.0
2010-12-29,11.65,11.66,11.61,11.62,9.77,163139200.0
2010-12-30,11.62,11.63,11.54,11.56,9.72,157494400.0
2010-12-31,11.53,11.55,11.48,11.52,9.68,193508000.0
2011-01-03,11.63,11.8,11.6,11.77,9.89,445138400.0
2011-01-04,11.87,11.88,11.72,11.83,9.95,309080800.0
2011-01-05,11.77,11.94,11.77,11.93,10.03,255519600.0
2011-01-06,11.95,11.97,11.89,11.92,10.02,300428800.0
2011-01-07,11.93,12.01,11.85,12.0,10.09,311931200.0
2011-01-10,12.1,12.26,12.04,12.23,10.28,448560000.0
2011-01-11,12.32,12.32,12.12,12.2,10.26,444108000.0
2011-01-12,12.26,12.3,12.21,12.3,10.34,302590400.0
2011-01-13,12.33,12.38,12.28,12.35,10.38,296780400.0
2011-01-14,12.35,12.45,12.3,12.45,10.46,308840000.0
2011-01-18,11.77,12.31,11.64,12.17,10.23,1880998000.0
2011-01-19,12.44,12.45,12.03,12.1,10.17,1135612800.0
2011-01-20,12.02,12.08,11.79,11.88,9.99,764789200.0
2011-01-21,11.92,11.96,11.67,11.67,9.81,754401200.0
2011-01-24,11.67,12.05,11.67,12.05,10.13,574683200.0
2011-01-25,12.01,12.19,11.95,12.19,10.25,546868000.0
2011-01-26,12.25,12.34,12.2,12.28,10.32,506875600.0
2011-01-27,12.28,12.31,12.24,12.26,10.3,285026000.0
2011-01-28,12.29,12.3,11.91,12.0,10.09,592057200.0
2011-01-31,11.99,12.14,11.94,12.12,10.19,377246800.0
2011-02-01,12.19,12.34,12.18,12.32,10.36,426633200.0
2011-02-02,12.3,12.33,12.27,12.3,10.34,258955200.0
2011-02-03,12.28,12.29,12.09,12.27,10.31,393797600.0
2011-02-04,12.27,12.38,12.27,12.38,10.4,321840400.0
2011-02-07,12.42,12.62,12.42,12.57,10.56,485021600.0
2011-02-08,12.63,12.7,12.58,12.69,10.66,381040800.0
2011-02-09,12.69,12.82,12.67,12.79,10.75,482745200.0
2011-02-10,12.76,12.86,12.43,12.66,10.64,928550000.0
2011-02-11,12.67,12.78,12.63,12.74,10.71,367572800.0
2011-02-14,12.74,12.84,12.74,12.83,10.78,310416400.0
2011-02-15,12.83,12.86,12.77,12.85,10.8,284174800.0
2011-02-16,12.89,13.03,12.88,12.97,10.9,481157600.0
2011-02-17,12.76,12.87,12.73,12.8,10.76,530583200.0
2011-02-18,12.81,12.84,12.48,12.52,10.52,816057200.0
2011-02-22,12.22,12.34,12.06,12.09,10.17,872555600.0
2011-02-23,12.1,12.31,12.09,12.24,10.29,671854400.0
2011-02-24,12.29,12.33,12.08,12.25,10.29,499900800.0
2011-02-25,12.33,12.44,12.31,12.43,10.45,380018800.0
2011-02-28,12.54,12.68,12.54,12.61,10.6,403074000.0
2011-03-01,12.7,12.7,12.42,12.48,10.49,456136800.0
2011-03-02,12.5,12.66,12.44,12.58,10.57,602590800.0
2011-03-03,12.76,12.85,12.71,12.84,10.79,500788400.0
2011-03-04,12.86,12.87,12.78,12.86,10.81,453266800.0
2011-03-07,12.91,12.92,12.55,12.69,10.67,546123200.0
2011-03-08,12.68,12.76,12.58,12.71,10.68,356316800.0
2011-03-09,12.67,12.67,12.52,12.59,10.58,453306000.0
2011-03-10,12.47,12.49,12.32,12.38,10.41,507539200.0
2011-03-11,12.33,12.58,12.32,12.57,10.57,471080400.0
2011-03-14,12.61,12.73,12.55,12.63,10.61,435957200.0
2011-03-15,12.22,12.42,12.15,12.34,10.37,721081200.0
2011-03-16,12.21,12.25,11.65,11.79,9.91,1162011200.0
2011-03-17,12.03,12.13,11.81,11.95,10.05,659422400.0
2011-03-18,12.04,12.08,11.79,11.81,9.93,753214000.0
2011-03-21,12.0,12.13,11.97,12.12,10.19,409402000.0
2011-03-22,12.23,12.24,12.11,12.19,10.24,325922800.0
2011-03-23,12.12,12.15,12.0,12.11,10.18,372996400.0
2011-03-24,12.21,12.36,12.1,12.32,10.36,404712000.0
2011-03-25,12.43,12.57,12.39,12.56,10.55,448910000.0
2011-03-28,12.61,12.65,12.52,12.52,10.52,309355200.0
2011-03-29,12.42,12.53,12.36,12.53,10.54,352900800.0
2011-03-30,12.52,12.53,12.41,12.45,10.47,329406000.0
2011-03-31,12.37,12.49,12.36,12.45,10.46,274019200.0
2011-04-01,12.54,12.56,12.26,12.31,10.34,418661600.0
2011-04-04,12.3,12.31,12.09,12.19,10.24,460084800.0
2011-04-05,12.04,12.22,12.0,12.1,10.17,482731200.0
2011-04-06,12.19,12.28,12.04,12.07,10.15,402539200.0
2011-04-07,12.07,12.16,12.0,12.07,10.15,373447200.0
2011-04-08,12.14,12.15,11.93,11.97,10.06,377535200.0
2011-04-11,11.93,11.99,11.79,11.81,9.93,398946800.0
2011-04-12,11.8,11.92,11.79,11.87,9.98,425639200.0
2011-04-13,11.97,12.01,11.88,12.0,10.09,346220000.0
2011-04-14,11.96,12.0,11.86,11.87,9.98,301800800.0
2011-04-15,11.9,11.92,11.67,11.69,9.83,453605600.0
2011-04-18,11.65,11.87,11.43,11.85,9.96,609898800.0
2011-04-19,11.9,12.07,11.85,12.07,10.14,419378400.0
2011-04-20,12.27,12.35,12.2,12.23,10.28,700666400.0
2011-04-21,12.68,12.68,12.45,12.52,10.53,753810400.0
2011-04-25,12.51,12.63,12.51,12.61,10.6,266546000.0
2011-04-26,12.63,12.68,12.48,12.52,10.52,338800000.0
2011-04-27,12.58,12.58,12.4,12.51,10.51,356213200.0
2011-04-28,12.36,12.49,12.34,12.38,10.41,360959200.0
2011-04-29,12.39,12.64,12.38,12.5,10.51,1006345200.0
2011-05-02,12.49,12.52,12.34,12.37,10.4,442713600.0
2011-05-03,12.43,12.5,12.34,12.44,10.45,313348000.0
2011-05-04,12.44,12.57,12.39,12.48,10.49,389250400.0
2011-05-05,12.44,12.53,12.36,12.38,10.41,335969200.0
2011-05-06,12.49,12.5,12.36,12.38,10.41,280134400.0
2011-05-09,12.42,12.47,12.38,12.41,10.43,204747200.0
2011-05-10,12.46,12.49,12.38,12.48,10.49,282091600.0
2011-05-11,12.47,12.5,12.33,12.4,10.42,336000000.0
2011-05-12,12.36,12.4,12.22,12.38,10.4,322000000.0
2011-05-13,12.35,12.37,12.16,12.16,10.22,326116000.0
2011-05-16,12.11,12.19,11.88,11.9,10.01,449775200.0
2011-05-17,11.86,12.01,11.81,12.01,10.09,452334400.0
2011-05-18,12.02,12.18,12.0,12.14,10.2,334776400.0
2011-05-19,12.22,12.23,12.1,12.16,10.22,261170000.0
2011-05-20,12.13,12.18,11.97,11.97,10.06,337968400.0
2011-05-23,11.78,12.0,11.77,11.94,10.04,383600000.0
2011-05-24,11.98,12.0,11.83,11.86,9.97,321927200.0
2011-05-25,11.91,12.09,11.89,12.03,10.11,294224000.0
2011-05-26,12.0,12.03,11.94,11.96,10.06,222560800.0
2011-05-27,11.96,12.06,11.94,12.05,10.13,203599200.0
2011-05-31,12.18,12.42,12.18,12.42,10.44,417754400.0
2011-06-01,12.46,12.58,12.31,12.34,10.37,554682800.0
2011-06-02,12.38,12.43,12.3,12.36,10.39,338783200.0
2011-06-03,12.26,12.33,12.21,12.27,10.31,313250000.0
2011-06-06,12.35,12.39,12.06,12.07,10.15,461941200.0
2011-06-07,12.08,12.08,11.85,11.86,9.97,529785200.0
2011-06-08,11.85,11.96,11.81,11.87,9.97,333723600.0
2011-06-09,11.9,11.92,11.81,11.84,9.95,275088800.0
2011-06-10,11.81,11.85,11.63,11.64,9.78,433955200.0
2011-06-13,11.69,11.73,11.61,11.66,9.8,329473200.0
2011-06-14,11.79,11.9,11.76,11.87,9.98,334569200.0
2011-06-15,11.78,11.8,11.6,11.67,9.81,399196000.0
2011-06-16,11.68,11.74,11.37,11.61,9.76,510591200.0
2011-06-17,11.75,11.76,11.41,11.44,9.61,615020000.0
2011-06-20,11.33,11.35,11.09,11.26,9.47,640645600.0
2011-06-21,11.31,11.64,11.26,11.62,9.77,493382400.0
2011-06-22,11.61,11.75,11.51,11.52,9.68,390583200.0
2011-06-23,11.39,11.85,11.36,11.83,9.94,559759200.0
2011-06-24,11.83,11.9,11.61,11.66,9.8,439807200.0
2011-06-27,11.7,11.93,11.69,11.86,9.97,339813600.0
2011-06-28,11.92,12.02,11.91,11.97,10.06,294299600.0
2011-06-29,12.0,12.01,11.85,11.93,10.03,352545200.0
2011-06-30,11.95,12.0,11.89,11.99,10.08,322954800.0
2011-07-01,12.0,12.27,11.94,12.26,10.3,435313200.0
2011-07-05,12.25,12.49,12.23,12.48,10.49,355054000.0
2011-07-06,12.46,12.65,12.38,12.56,10.56,444626000.0
2011-07-07,12.67,12.79,12.64,12.76,10.72,399663600.0
2011-07-08,12.62,12.86,12.58,12.85,10.8,489633200.0
2011-07-11,12.73,12.85,12.6,12.64,10.63,442674400.0
2011-07-12,12.63,12.77,12.45,12.63,10.62,451609200.0
2011-07-13,12.8,12.86,12.73,12.79,10.75,391638800.0
2011-07-14,12.89,12.91,12.73,12.78,10.74,430533600.0
2011-07-15,12.9,13.04,12.83,13.03,10.95,484467200.0
2011-07-18,13.05,13.38,13.05,13.35,11.22,572653200.0
2011-07-19,13.5,13.52,13.33,13.46,11.31,819145600.0
2011-07-20,14.15,14.15,13.79,13.82,11.61,941340400.0
2011-07-21,13.82,13.93,13.71,13.83,11.63,526534400.0
2011-07-22,13.87,14.11,13.85,14.05,11.81,516728800.0
2011-07-25,13.94,14.29,13.91,14.23,11.96,589806000.0
2011-07-26,14.29,14.45,14.27,14.41,12.11,476582400.0
2011-07-27,14.31,14.38,14.01,14.02,11.79,659324400.0
2011-07-28,13.99,14.18,13.86,13.99,11.76,594034000.0
2011-07-29,13.84,14.11,13.71,13.95,11.72,632584400.0
2011-08-01,14.21,14.27,14.01,14.17,11.91,612836000.0
2011-08-02,14.2,14.21,13.87,13.89,11.68,639539600.0
2011-08-03,13.96,14.06,13.65,14.02,11.78,732508000.0
2011-08-04,13.91,13.98,13.48,13.48,11.33,871407600.0
2011-08-05,13.59,13.7,12.95,13.34,11.22,1204590800.0
2011-08-08,12.92,13.13,12.61,12.61,10.6,1143833600.0
2011-08-09,12.9,13.38,12.68,13.36,11.23,1082583600.0
2011-08-10,13.26,13.38,12.95,12.99,10.92,878656800.0
2011-08-11,13.23,13.41,13.03,13.35,11.22,741969200.0
2011-08-12,13.5,13.56,13.37,13.46,11.32,528976000.0
2011-08-15,13.56,13.75,13.5,13.69,11.51,460544000.0
2011-08-16,13.63,13.69,13.43,13.59,11.42,498750000.0
2011-08-17,13.65,13.73,13.5,13.59,11.42,442061200.0
2011-08-18,13.24,13.31,12.91,13.07,10.99,851435200.0
2011-08-19,12.93,13.11,12.71,12.72,10.69,775888400.0
2011-08-22,13.02,13.03,12.68,12.73,10.7,535315200.0
2011-08-23,12.87,13.34,12.75,13.34,11.22,656835200.0
2011-08-24,13.34,13.53,13.24,13.44,11.29,626267600.0
2011-08-25,13.04,13.41,13.04,13.35,11.22,871346000.0
2011-08-26,13.26,13.71,13.24,13.7,11.52,641477200.0
2011-08-29,13.86,13.98,13.86,13.93,11.71,405269200.0
2011-08-30,13.87,13.99,13.79,13.93,11.71,417922400.0
2011-08-31,13.95,14.0,13.64,13.74,11.55,522586400.0
2011-09-01,13.78,13.83,13.6,13.61,11.44,343725200.0
2011-09-02,13.38,13.5,13.28,13.36,11.23,438939200.0
2011-09-06,13.12,13.58,13.09,13.56,11.4,509698000.0
2011-09-07,13.77,13.77,13.64,13.71,11.53,350576800.0
2011-09-08,13.66,13.88,13.65,13.72,11.53,416158400.0
2011-09-09,13.71,13.79,13.39,13.48,11.33,564813200.0
2011-09-12,13.32,13.6,13.28,13.57,11.41,467832400.0
2011-09-13,13.65,13.79,13.58,13.74,11.55,440560400.0
2011-09-14,13.82,14.01,13.78,13.9,11.69,534724400.0
2011-09-15,13.98,14.06,13.93,14.03,11.8,417818800.0
2011-09-16,14.13,14.3,14.11,14.3,12.02,698513200.0
2011-09-19,14.18,14.76,14.11,14.7,12.36,823860800.0
2011-09-20,14.83,15.1,14.69,14.77,12.41,775754000.0
2011-09-21,14.99,15.06,14.71,14.72,12.37,605976000.0
2011-09-22,14.32,14.64,14.17,14.35,12.06,968480800.0
2011-09-23,14.3,14.53,14.28,14.44,12.14,546277200.0
2011-09-26,14.28,14.43,13.98,14.4,12.1,812876400.0
2011-09-27,14.6,14.62,14.22,14.26,11.99,632497600.0
2011-09-28,14.29,14.42,14.16,14.18,11.92,429637600.0
2011-09-29,14.35,14.36,13.79,13.95,11.72,651086800.0
2011-09-30,13.83,13.89,13.61,13.62,11.45,547640800.0
2011-10-03,13.58,13.67,13.33,13.38,11.25,669099200.0
2011-10-04,13.38,13.64,12.65,13.3,11.18,1233677200.0
2011-10-05,13.14,13.56,12.87,13.51,11.36,786469600.0
2011-10-06,13.33,13.74,13.28,13.48,11.33,812582400.0
2011-10-07,13.42,13.49,13.16,13.21,11.1,535458000.0
2011-10-10,13.54,13.89,13.51,13.89,11.67,442514800.0
2011-10-11,14.02,14.4,13.98,14.3,12.02,605687600.0
2011-10-12,14.55,14.62,14.29,14.36,12.07,622286000.0
2011-10-13,14.46,14.59,14.39,14.59,12.26,426185200.0
2011-10-14,14.89,15.07,14.83,15.07,12.67,573367200.0
2011-10-17,15.06,15.24,14.85,15.0,12.61,686044800.0
2011-10-18,15.06,15.17,14.86,15.08,12.68,881602400.0
2011-10-19,14.33,14.59,14.21,14.24,11.97,1104059600.0
2011-10-20,14.29,14.3,14.08,14.12,11.87,549270400.0
2011-10-21,14.22,14.26,13.96,14.03,11.79,621244400.0
2011-10-24,14.15,14.52,14.12,14.49,12.18,502138000.0
2011-10-25,14.47,14.52,14.19,14.21,11.94,430427200.0
2011-10-26,14.35,14.38,14.04,14.31,12.03,456304800.0
2011-10-27,14.56,14.61,14.35,14.45,12.15,494664800.0
2011-10-28,14.39,14.51,14.38,14.46,12.16,322842800.0
2011-10-31,14.37,14.62,14.32,14.46,12.15,385501200.0
2011-11-01,14.19,14.27,14.04,14.16,11.9,531790000.0
2011-11-02,14.29,14.3,14.11,14.19,11.93,327350800.0
2011-11-03,14.25,14.41,14.12,14.4,12.1,441386400.0
2011-11-04,14.36,14.41,14.26,14.29,12.02,302229200.0
2011-11-07,14.28,14.29,14.15,14.28,12.0,270275600.0
2011-11-08,14.36,14.57,14.34,14.51,12.2,400442000.0
2011-11-09,14.18,14.32,14.08,14.12,11.87,558684000.0
2011-11-10,14.18,14.19,13.65,13.76,11.56,744752400.0
2011-11-11,13.81,13.88,13.58,13.74,11.55,653786000.0
2011-11-14,13.7,13.76,13.51,13.55,11.39,432905200.0
2011-11-15,13.6,13.91,13.55,13.89,11.67,430810800.0
2011-11-16,13.9,13.97,13.73,13.74,11.55,349210400.0
2011-11-17,13.71,13.73,13.41,13.48,11.33,479900400.0
2011-11-18,13.53,13.57,13.39,13.39,11.26,371938000.0
2011-11-21,13.23,13.27,13.07,13.18,11.08,447980400.0
2011-11-22,13.25,13.5,13.25,13.45,11.3,409021200.0
2011-11-23,13.38,13.42,13.1,13.11,11.02,428271200.0
2011-11-25,13.16,13.26,12.98,12.98,10.91,254760800.0
2011-11-28,13.3,13.45,13.23,13.43,11.29,346413200.0
2011-11-29,13.42,13.53,13.22,13.33,11.2,375855200.0
2011-11-30,13.62,13.65,13.51,13.65,11.47,405938400.0
2011-12-01,13.66,13.89,13.6,13.85,11.65,387181200.0
2011-12-02,13.92,14.06,13.88,13.92,11.7,379055600.0
2011-12-05,14.05,14.16,13.94,14.04,11.8,357210000.0
2011-12-06,14.02,14.09,13.91,13.96,11.74,283598000.0
2011-12-07,13.93,13.96,13.81,13.9,11.68,304746400.0
2011-12-08,13.98,14.13,13.94,13.95,11.73,376356400.0
2011-12-09,14.03,14.07,13.97,14.06,11.82,296993200.0
2011-12-12,13.99,14.07,13.91,13.99,11.76,301067200.0
2011-12-13,14.04,14.12,13.82,13.89,11.67,338928800.0
2011-12-14,13.81,13.84,13.49,13.58,11.41,406887600.0
2011-12-15,13.69,13.7,13.51,13.53,11.38,256200000.0
2011-12-16,13.58,13.72,13.56,13.61,11.44,421478400.0
2011-12-19,13.66,13.74,13.59,13.65,11.47,235530400.0
2011-12-20,13.85,14.15,13.83,14.14,11.89,337215200.0
2011-12-21,14.17,14.19,14.0,14.16,11.9,262948000.0
2011-12-22,14.18,14.25,14.15,14.23,11.96,202358800.0
2011-12-23,14.27,14.41,14.27,14.4,12.11,269399200.0
2011-12-27,14.4,14.61,14.39,14.52,12.2,265076000.0
2011-12-28,14.53,14.58,14.33,14.38,12.09,228662000.0
2011-12-29,14.41,14.49,14.3,14.47,12.16,215978000.0
2011-12-30,14.41,14.51,14.41,14.46,12.16,179662000.0
2012-01-03,14.62,14.73,14.61,14.69,12.35,302220800.0
2012-01-04,14.64,14.81,14.62,14.77,12.41,260022000.0
2012-01-05,14.82,14.95,14.74,14.93,12.55,271269600.0
2012-01-06,14.99,15.1,14.97,15.09,12.68,318292800.0
2012-01-09,15.2,15.28,15.05,15.06,12.66,394024400.0
2012-01-10,15.21,15.21,15.05,15.12,12.71,258196400.0
2012-01-11,15.1,15.1,14.98,15.09,12.69,215084800.0
2012-01-12,15.08,15.1,14.96,15.05,12.65,212587200.0
2012-01-13,14.99,15.02,14.95,14.99,12.6,226021600.0
2012-01-17,15.15,15.21,15.11,15.17,12.75,242897200.0
2012-01-18,15.25,15.34,15.23,15.33,12.88,276791200.0
2012-01-19,15.36,15.41,15.23,15.28,12.84,261738400.0
2012-01-20,15.27,15.27,14.99,15.01,12.62,413974400.0
2012-01-23,15.1,15.3,15.08,15.26,12.83,306062400.0
2012-01-24,15.18,15.18,14.98,15.01,12.62,547638000.0
2012-01-25,16.23,16.23,15.85,15.95,13.41,958314000.0
2012-01-26,16.01,16.03,15.83,15.88,13.35,323985200.0
2012-01-27,15.87,16.02,15.85,15.97,13.43,299709200.0
2012-01-30,15.92,16.21,15.91,16.18,13.6,379341200.0
2012-01-31,16.27,16.37,16.18,16.3,13.7,391683600.0
2012-02-01,16.37,16.39,16.27,16.29,13.69,270046000.0
2012-02-02,16.28,16.33,16.21,16.25,13.66,186796400.0
2012-02-03,16.33,16.43,16.27,16.42,13.8,286599600.0
2012-02-06,16.37,16.61,16.36,16.57,13.93,249412800.0
2012-02-07,16.62,16.78,16.59,16.74,14.07,316223600.0
2012-02-08,16.8,17.03,16.77,17.02,14.31,407890000.0
2012-02-09,17.17,17.74,17.16,17.61,14.81,884214800.0
2012-02-10,17.53,17.77,17.45,17.62,14.81,631302000.0
2012-02-13,17.84,17.99,17.75,17.95,15.09,517216000.0
2012-02-14,18.02,18.2,17.93,18.19,15.29,460398400.0
2012-02-15,18.37,18.8,17.75,17.77,14.94,1506120000.0
2012-02-16,17.55,18.03,17.38,17.94,15.08,944552000.0
2012-02-17,17.97,18.13,17.87,17.93,15.07,535805200.0
2012-02-21,18.1,18.39,18.0,18.39,15.46,605595200.0
2012-02-22,18.32,18.41,18.18,18.32,15.4,483302400.0
2012-02-23,18.4,18.49,18.2,18.44,15.5,568027600.0
2012-02-24,18.56,18.67,18.52,18.66,15.68,415072000.0
2012-02-27,18.62,18.88,18.44,18.78,15.78,547582000.0
2012-02-28,18.86,19.12,18.78,19.12,16.07,600387200.0
2012-02-29,19.34,19.56,19.13,19.37,16.28,952011200.0
2012-03-01,19.58,19.58,19.24,19.45,16.35,683270000.0
2012-03-02,19.44,19.53,19.38,19.47,16.37,431712400.0
2012-03-05,19.48,19.55,18.79,19.04,16.01,809124400.0
2012-03-06,18.7,19.06,18.44,18.94,15.92,810238800.0
2012-03-07,19.17,19.21,18.69,18.95,15.93,798520800.0
2012-03-08,19.1,19.39,19.0,19.36,16.27,516457200.0
2012-03-09,19.44,19.56,19.4,19.47,16.37,418919200.0
2012-03-12,19.61,19.71,19.54,19.71,16.57,407282400.0
2012-03-13,19.91,20.29,19.85,20.29,17.05,690855200.0
2012-03-14,20.64,21.24,20.55,21.06,17.7,1418844000.0
2012-03-15,21.41,21.43,20.66,20.91,17.58,1159718000.0
2012-03-16,20.88,21.04,20.64,20.91,17.58,825487600.0
2012-03-19,21.37,21.49,21.04,21.47,18.05,901236000.0
2012-03-20,21.41,21.67,21.12,21.64,18.19,816662000.0
2012-03-21,21.53,21.77,21.48,21.52,18.09,644042000.0
2012-03-22,21.35,21.59,21.27,21.41,17.99,623870800.0
2012-03-23,21.45,21.49,21.23,21.29,17.89,430488800.0
2012-03-26,21.42,21.68,21.26,21.68,18.22,595742000.0
2012-03-27,21.65,22.01,21.65,21.95,18.45,607129600.0
2012-03-28,22.08,22.19,21.8,22.06,18.54,655460400.0
2012-03-29,21.89,22.02,21.69,21.78,18.31,608238400.0
2012-03-30,21.74,21.81,21.35,21.41,18.0,731038000.0
2012-04-02,21.49,22.1,21.44,22.09,18.57,598351600.0
2012-04-03,22.4,22.58,22.23,22.48,18.89,834559600.0
2012-04-04,22.3,22.35,22.04,22.3,18.74,572980800.0
2012-04-05,22.39,22.67,22.26,22.63,19.02,641298000.0
2012-04-09,22.36,22.85,22.33,22.72,19.1,597536800.0
2012-04-10,22.85,23.0,22.36,22.44,18.87,889725200.0
2012-04-11,22.72,22.75,22.26,22.36,18.8,696614800.0
2012-04-12,22.32,22.55,22.16,22.24,18.7,614336800.0
2012-04-13,22.29,22.31,21.55,21.62,18.17,859644800.0
2012-04-16,21.79,21.8,20.65,20.72,17.42,1050786800.0
2012-04-17,20.68,21.79,20.43,21.77,18.3,1025528000.0
2012-04-18,21.92,22.15,21.53,21.73,18.26,954531200.0
2012-04-19,21.44,21.6,20.88,20.98,17.64,834719200.0
2012-04-20,21.12,21.24,20.37,20.46,17.2,1030985200.0
2012-04-23,20.38,20.6,19.88,20.42,17.16,966529200.0
2012-04-24,20.09,20.27,19.82,20.01,16.82,1076149200.0
2012-04-25,21.99,22.07,21.64,21.79,18.31,905777600.0
2012-04-26,21.94,21.95,21.5,21.7,18.24,536068400.0
2012-04-27,21.61,21.65,21.45,21.54,18.1,406722400.0
2012-04-30,21.35,21.37,20.82,20.86,17.53,506144800.0
2012-05-01,20.89,21.31,20.76,20.79,17.48,610999200.0
2012-05-02,20.72,20.98,20.67,20.93,17.59,427389200.0
2012-05-03,21.09,21.12,20.73,20.78,17.47,390549600.0
2012-05-04,20.61,20.66,20.18,20.19,16.97,529992400.0
2012-05-07,20.05,20.46,20.04,20.34,17.1,460118400.0
2012-05-08,20.34,20.41,19.95,20.29,17.06,497252000.0
2012-05-09,20.13,20.5,20.03,20.33,17.09,480704000.0
2012-05-10,20.52,20.57,20.3,20.38,17.13,333200000.0
2012-05-11,20.18,20.52,20.16,20.24,17.01,399546000.0
2012-05-14,20.09,20.27,19.91,19.94,16.76,352626400.0
2012-05-15,20.05,20.11,19.71,19.76,16.61,476336000.0
2012-05-16,19.79,19.89,19.32,19.5,16.39,560896000.0
2012-05-17,19.48,19.55,18.93,18.93,15.91,717220000.0
2012-05-18,19.07,19.41,18.65,18.94,15.92,732292400.0
2012-05-21,19.09,20.06,19.07,20.05,16.85,631106000.0
2012-05-22,20.34,20.5,19.74,19.89,16.72,694870400.0
2012-05-23,19.91,20.46,19.76,20.38,17.13,584897600.0
2012-05-24,20.57,20.59,20.04,20.19,16.97,496230000.0
2012-05-25,20.16,20.21,19.95,20.08,16.88,328507200.0
2012-05-29,20.39,20.5,20.19,20.44,17.18,380508800.0
2012-05-30,20.33,20.71,20.23,20.68,17.39,529429600.0
2012-05-31,20.74,20.77,20.41,20.63,17.34,491674400.0
2012-06-01,20.33,20.45,20.02,20.04,16.84,520987600.0
2012-06-04,20.05,20.27,19.59,20.15,16.94,556995600.0
2012-06-05,20.05,20.23,19.94,20.1,16.9,388214400.0
2012-06-06,20.28,20.49,20.2,20.41,17.16,401455600.0
2012-06-07,20.62,20.62,20.38,20.42,17.16,379766800.0
2012-06-08,20.41,20.74,20.32,20.73,17.42,347516400.0
2012-06-11,20.99,21.02,20.38,20.4,17.15,591264800.0
2012-06-12,20.52,20.59,20.24,20.58,17.3,435380400.0
2012-06-13,20.52,20.66,20.37,20.43,17.18,293580000.0
2012-06-14,20.4,20.48,20.26,20.41,17.16,345573200.0
2012-06-15,20.39,20.52,20.34,20.5,17.24,335255200.0
2012-06-18,20.39,21.0,20.37,20.92,17.59,440412000.0
2012-06-19,20.84,21.07,20.83,20.98,17.63,361404400.0
2012-06-20,21.01,21.04,20.74,20.92,17.58,358943200.0
2012-06-21,20.91,21.01,20.62,20.63,17.34,326351200.0
2012-06-22,20.68,20.79,20.55,20.79,17.47,284471600.0
2012-06-25,20.62,20.71,20.37,20.38,17.13,304382400.0
2012-06-26,20.4,20.52,20.26,20.43,17.17,276536400.0
2012-06-27,20.54,20.6,20.43,20.52,17.25,202997200.0
2012-06-28,20.42,20.5,20.2,20.32,17.08,282836400.0
2012-06-29,20.64,20.86,20.51,20.86,17.53,421500800.0
2012-07-02,20.88,21.2,20.84,21.16,17.79,400092000.0
2012-07-03,21.25,21.43,21.21,21.41,17.99,241712800.0
2012-07-05,21.45,21.94,21.42,21.78,18.31,484383200.0
2012-07-06,21.68,21.73,21.49,21.64,18.19,418930400.0
2012-07-09,21.62,21.92,21.58,21.92,18.43,379405600.0
2012-07-10,22.07,22.14,21.62,21.72,18.26,511957600.0
2012-07-11,21.65,21.7,21.33,21.59,18.15,469322000.0
2012-07-12,21.44,21.55,21.17,21.39,17.98,428041600.0
2012-07-13,21.53,21.69,21.43,21.61,18.16,311427200.0
2012-07-16,21.61,21.84,21.61,21.68,18.22,301260400.0
2012-07-17,21.81,21.84,21.54,21.68,18.22,293624800.0
2012-07-18,21.66,21.73,21.56,21.65,18.2,252700000.0
2012-07-19,21.83,21.98,21.64,21.94,18.44,436861600.0
2012-07-20,21.89,21.94,21.56,21.58,18.14,397471200.0
2012-07-23,21.23,21.64,20.99,21.57,18.13,487975600.0
2012-07-24,21.69,21.77,21.38,21.46,18.04,565132400.0
2012-07-25,20.52,20.74,20.36,20.53,17.26,877312800.0
2012-07-26,20.71,20.73,20.37,20.53,17.26,406632800.0
2012-07-27,20.54,20.92,20.41,20.9,17.57,403936400.0
2012-07-30,21.1,21.41,20.99,21.25,17.86,379142400.0
2012-07-31,21.54,21.85,21.53,21.81,18.34,462327600.0
2012-08-01,22.0,22.01,21.54,21.67,18.22,384501600.0
2012-08-02,21.53,21.81,21.44,21.71,18.25,332158400.0
2012-08-03,21.92,22.07,21.84,21.99,18.48,344920800.0
2012-08-06,22.05,22.32,21.97,22.23,18.69,302103200.0
2012-08-07,22.24,22.32,22.07,22.18,18.64,290446800.0
2012-08-08,22.12,22.28,22.04,22.14,18.61,244706000.0
2012-08-09,22.07,22.2,22.06,22.17,18.71,221642400.0
2012-08-10,22.1,22.21,22.1,22.2,18.74,194938800.0
2012-08-13,22.26,22.5,22.26,22.5,18.99,278832400.0
2012-08-14,22.57,22.81,22.51,22.56,19.04,340169200.0
2012-08-15,22.55,22.64,22.42,22.53,19.02,257342400.0
2012-08-16,22.54,22.74,22.52,22.73,19.19,254534000.0
2012-08-17,22.86,23.15,22.81,23.15,19.54,442761200.0
2012-08-20,23.21,23.76,23.21,23.76,20.05,613384800.0
2012-08-21,23.96,24.1,23.23,23.43,19.78,812719600.0
2012-08-22,23.37,23.89,23.15,23.89,20.17,565322800.0
2012-08-23,23.79,23.92,23.61,23.67,19.98,420128800.0
2012-08-24,23.55,23.91,23.41,23.69,20.0,437340400.0
2012-08-27,24.29,24.32,24.06,24.13,20.37,427008400.0
2012-08-28,24.11,24.15,23.95,24.1,20.34,267416800.0
2012-08-29,24.12,24.2,24.02,24.05,20.3,202806800.0
2012-08-30,23.95,23.98,23.67,23.71,20.02,302699600.0
2012-08-31,23.83,23.88,23.47,23.76,20.06,338321200.0
2012-09-04,23.78,24.11,23.73,24.11,20.35,367892000.0
2012-09-05,24.13,24.16,23.91,23.94,20.21,336375200.0
2012-09-06,24.04,24.22,23.96,24.15,20.39,391196400.0
2012-09-07,24.22,24.37,24.13,24.3,20.51,329666400.0
2012-09-10,24.3,24.4,23.65,23.67,19.98,487998000.0
2012-09-11,23.75,23.93,23.45,23.59,19.92,503983200.0
2012-09-12,23.82,23.92,23.43,23.92,20.19,712233200.0
2012-09-13,24.19,24.48,24.1,24.39,20.59,598360000.0
2012-09-14,24.64,24.89,24.57,24.69,20.84,600474000.0
2012-09-17,24.98,24.99,24.81,24.99,21.1,398031200.0
2012-09-18,25.0,25.08,24.87,25.07,21.16,373503200.0
2012-09-19,25.01,25.14,24.98,25.08,21.17,326874800.0
2012-09-20,24.97,25.0,24.77,24.95,21.07,336568400.0
2012-09-21,25.09,25.18,24.98,25.0,21.11,571589200.0
2012-09-24,24.53,24.83,24.39,24.67,20.83,639766400.0
2012-09-25,24.58,24.74,24.04,24.06,20.31,518789600.0
2012-09-26,23.88,24.02,23.61,23.76,20.05,576503200.0
2012-09-27,23.72,24.36,23.58,24.33,20.54,594090000.0
2012-09-28,24.24,24.33,23.81,23.83,20.11,535110800.0
2012-10-01,23.97,24.17,23.45,23.55,19.88,543594800.0
2012-10-02,23.64,23.8,23.24,23.62,19.94,627992400.0
2012-10-03,23.75,24.0,23.67,23.98,20.24,424281200.0
2012-10-04,23.97,24.08,23.77,23.81,20.1,370725600.0
2012-10-05,23.76,23.79,23.26,23.31,19.67,594006000.0
2012-10-08,23.1,23.13,22.72,22.79,19.24,637994000.0
2012-10-09,22.81,22.87,22.27,22.71,19.17,838597200.0
2012-10-10,22.85,23.03,22.75,22.89,19.32,510356000.0
2012-10-11,23.09,23.11,22.43,22.43,18.94,546081200.0
2012-10-12,22.48,22.69,22.33,22.49,18.99,460014800.0
2012-10-15,22.58,22.68,22.28,22.67,19.14,432502000.0
2012-10-16,22.69,23.23,22.54,23.21,19.59,549771600.0
2012-10-17,23.17,23.31,23.0,23.02,19.43,389037600.0
2012-10-18,22.84,22.93,22.5,22.59,19.07,476624400.0
2012-10-19,22.54,22.56,21.77,21.78,18.39,744086000.0
2012-10-22,21.87,22.69,21.81,22.64,19.12,546730800.0
2012-10-23,22.54,22.64,21.85,21.91,18.49,707145600.0
2012-10-24,22.19,22.38,21.81,22.03,18.6,558527200.0
2012-10-25,22.14,22.21,21.63,21.77,18.38,656325600.0
2012-10-26,21.77,21.93,21.11,21.57,18.21,1018432800.0
2012-10-31,21.25,21.5,20.99,21.26,17.95,510003200.0
2012-11-01,21.36,21.54,21.22,21.31,17.99,361298000.0
2012-11-02,21.28,21.32,20.53,20.6,17.39,599373600.0
2012-11-05,20.84,20.99,20.63,20.88,17.63,529135600.0
2012-11-06,21.08,21.1,20.72,20.82,17.57,374917200.0
2012-11-07,20.49,20.52,19.85,19.93,16.9,793648800.0
2012-11-08,20.02,20.08,19.12,19.21,16.29,1056146000.0
2012-11-09,19.3,19.82,19.06,19.54,16.57,929913600.0
2012-11-12,19.79,19.8,19.24,19.39,16.44,515802000.0
2012-11-13,19.25,19.66,19.16,19.39,16.44,532949200.0
2012-11-14,19.48,19.55,19.15,19.17,16.26,477170400.0
2012-11-15,19.2,19.27,18.67,18.77,15.92,789910800.0
2012-11-16,18.76,18.93,18.06,18.85,15.98,1266893600.0
2012-11-19,19.31,20.27,19.28,20.2,17.13,823317600.0
2012-11-20,20.43,20.43,19.81,20.03,16.99,642754000.0
2012-11-21,20.15,20.26,19.88,20.06,17.01,373002000.0
2012-11-23,20.26,20.43,20.09,20.41,17.31,272826400.0
2012-11-26,20.57,21.07,20.49,21.05,17.85,630579600.0
2012-11-27,21.06,21.09,20.72,20.89,17.71,533330000.0
2012-11-28,20.62,20.92,20.44,20.82,17.66,520864400.0
2012-11-29,21.08,21.22,20.9,21.05,17.85,514698800.0
2012-11-30,20.96,21.01,20.81,20.9,17.73,391319600.0
2012-12-03,21.2,21.24,20.91,20.94,17.75,364280000.0
2012-12-04,20.78,20.78,20.43,20.57,17.44,557068400.0
2012-12-05,20.32,20.33,19.24,19.24,16.32,1044638000.0
2012-12-06,18.89,19.76,18.52,19.54,16.57,1177212400.0
2012-12-07,19.76,19.83,18.93,19.04,16.15,787040800.0
2012-12-10,18.75,19.23,18.63,18.92,16.05,630484400.0
2012-12-11,19.28,19.63,19.19,19.34,16.4,592345600.0
2012-12-12,19.56,19.57,19.15,19.25,16.32,487144000.0
2012-12-13,18.97,19.2,18.78,18.92,16.04,625259600.0
2012-12-14,18.38,18.5,18.06,18.21,15.44,1009579200.0
2012-12-17,18.18,18.57,17.9,18.53,15.71,757607200.0
2012-12-18,18.75,19.1,18.58,19.07,16.17,625685200.0
2012-12-19,18.98,19.06,18.77,18.8,15.94,449369200.0
2012-12-20,18.93,18.94,18.53,18.63,15.8,481689600.0
2012-12-21,18.3,18.56,18.22,18.55,15.73,596268400.0
2012-12-24,18.58,18.72,18.53,18.58,15.75,175753200.0
2012-12-26,18.54,18.55,18.25,18.32,15.54,302436400.0
2012-12-27,18.34,18.44,18.02,18.4,15.6,455120400.0
2012-12-28,18.22,18.37,18.15,18.2,15.43,354278400.0
2012-12-31,18.23,19.12,18.18,19.01,16.12,659492400.0
2013-01-02,19.78,19.82,19.34,19.61,16.63,560518000.0
2013-01-03,19.57,19.63,19.32,19.36,16.42,352965200.0
2013-01-04,19.18,19.24,18.78,18.82,15.96,594333600.0
2013-01-07,18.64,18.9,18.4,18.71,15.87,484156400.0
2013-01-08,18.9,19.0,18.62,18.76,15.91,458707200.0
2013-01-09,18.66,18.75,18.43,18.47,15.66,407604400.0
2013-01-10,18.88,18.88,18.41,18.7,15.86,601146000.0
2013-01-11,18.61,18.76,18.54,18.58,15.76,350506800.0
2013-01-14,17.95,18.13,17.8,17.92,15.2,734207600.0
2013-01-15,17.8,17.82,17.26,17.35,14.72,876772400.0
2013-01-16,17.67,18.19,17.59,18.07,15.33,690804800.0
2013-01-17,18.23,18.24,17.93,17.95,15.22,453678400.0
2013-01-18,17.8,17.94,17.73,17.86,15.14,472922800.0
2013-01-22,18.02,18.14,17.74,18.03,15.29,461546400.0
2013-01-23,18.17,18.39,18.03,18.36,15.57,861509600.0
2013-01-24,16.43,16.63,16.08,16.09,13.64,1460852400.0
2013-01-25,16.13,16.29,15.54,15.71,13.32,1208026400.0
2013-01-28,15.64,16.19,15.57,16.07,13.62,785517600.0
2013-01-29,16.38,16.44,16.15,16.37,13.88,571158000.0
2013-01-30,16.32,16.52,16.23,16.32,13.84,417155200.0
2013-01-31,16.32,16.4,16.25,16.27,13.8,319334400.0
2013-02-01,16.4,16.41,16.01,16.2,13.74,539484400.0
2013-02-04,16.21,16.28,15.79,15.8,13.4,477117200.0
2013-02-05,15.86,16.42,15.79,16.35,13.87,573347600.0
2013-02-06,16.3,16.66,16.16,16.33,13.85,593706400.0
2013-02-07,16.54,16.79,16.22,16.72,14.26,704580800.0
2013-02-08,16.93,17.1,16.72,16.96,14.47,633158400.0
2013-02-11,17.02,17.32,16.9,17.14,14.62,517490400.0
2013-02-12,17.13,17.23,16.7,16.71,14.25,609053200.0
2013-02-13,16.69,16.92,16.54,16.68,14.23,475207600.0
2013-02-14,16.59,16.84,16.57,16.66,14.21,355275200.0
2013-02-15,16.74,16.79,16.43,16.43,14.02,391745200.0
2013-02-19,16.47,16.53,16.21,16.43,14.01,435783600.0
2013-02-20,16.35,16.35,16.03,16.03,13.67,476302400.0
2013-02-21,15.93,16.04,15.81,15.93,13.59,447182400.0
2013-02-22,16.04,16.13,15.95,16.1,13.73,330654800.0
2013-02-25,16.21,16.25,15.81,15.81,13.49,372579200.0
2013-02-26,15.85,16.13,15.63,16.03,13.68,501499600.0
2013-02-27,16.02,16.16,15.74,15.88,13.54,587350400.0
2013-02-28,15.86,16.0,15.76,15.76,13.45,322515200.0
2013-03-01,15.64,15.65,15.36,15.37,13.11,552448400.0
2013-03-04,15.28,15.29,14.96,15.0,12.8,582755600.0
2013-03-05,15.05,15.54,15.03,15.4,13.13,638433600.0
2013-03-06,15.52,15.54,15.16,15.2,12.97,460250000.0
2013-03-07,15.16,15.43,15.04,15.38,13.12,468473600.0
2013-03-08,15.35,15.55,15.31,15.42,13.15,391482000.0
2013-03-11,15.35,15.68,15.18,15.64,13.34,474236000.0
2013-03-12,15.56,15.67,15.27,15.3,13.05,465911600.0
2013-03-13,15.3,15.52,15.19,15.3,13.05,405549200.0
2013-03-14,15.46,15.52,15.37,15.45,13.18,303875600.0
2013-03-15,15.64,15.87,15.62,15.85,13.52,643960800.0
2013-03-18,15.77,16.34,15.76,16.28,13.88,606197200.0
2013-03-19,16.41,16.46,16.02,16.23,13.85,526775200.0
2013-03-20,16.34,16.34,16.06,16.15,13.77,308660800.0
2013-03-21,16.08,16.36,16.08,16.17,13.79,383255600.0
2013-03-22,16.24,16.5,16.18,16.5,14.07,395105200.0
2013-03-25,16.6,16.78,16.49,16.56,14.12,501135600.0
2013-03-26,16.62,16.64,16.45,16.47,14.05,294294000.0
2013-03-27,16.3,16.31,16.1,16.15,13.77,331237200.0
2013-03-28,16.07,16.14,15.77,15.81,13.48,442839600.0
2013-04-01,15.78,15.85,15.28,15.32,13.07,389732000.0
2013-04-02,15.27,15.65,15.23,15.35,13.09,529519200.0
2013-04-03,15.41,15.62,15.37,15.43,13.16,363216000.0
2013-04-04,15.49,15.54,15.19,15.28,13.03,358447600.0
2013-04-05,15.16,15.18,14.99,15.11,12.89,383695200.0
2013-04-08,15.17,15.27,15.09,15.22,12.98,300829200.0
2013-04-09,15.23,15.3,15.1,15.25,13.01,306614000.0
2013-04-10,15.29,15.61,15.21,15.56,13.27,375928000.0
2013-04-11,15.49,15.64,15.4,15.51,13.23,328364400.0
2013-04-12,15.51,15.51,15.32,15.35,13.09,238613200.0
2013-04-15,15.25,15.28,14.98,14.99,12.79,317520000.0
2013-04-16,15.06,15.24,15.02,15.22,12.98,305771200.0
2013-04-17,15.01,15.02,14.22,14.39,12.27,945056000.0
2013-04-18,14.46,14.49,13.92,14.0,11.94,666299200.0
2013-04-19,13.86,14.27,13.75,13.95,11.9,609274400.0
2013-04-22,14.02,14.36,13.97,14.24,12.14,429920400.0
2013-04-23,14.43,14.59,14.24,14.5,12.37,664238400.0
2013-04-24,14.06,14.83,14.02,14.48,12.35,969651200.0
2013-04-25,14.69,14.78,14.54,14.59,12.44,384837600.0
2013-04-26,14.64,14.96,14.58,14.9,12.71,764097600.0
2013-04-29,15.02,15.49,15.0,15.36,13.1,640326400.0
2013-04-30,15.54,15.9,15.43,15.81,13.49,691538400.0
2013-05-01,15.87,15.89,15.51,15.69,13.38,506909200.0
2013-05-02,15.78,16.02,15.74,15.91,13.57,421828400.0
2013-05-03,16.12,16.19,16.04,16.07,13.71,361300800.0
2013-05-06,16.28,16.51,16.23,16.45,14.03,496641600.0
2013-05-07,16.61,16.63,16.2,16.38,13.97,483753200.0
2013-05-08,16.39,16.62,16.28,16.57,14.13,472598000.0
2013-05-09,16.42,16.54,16.27,16.31,14.01,398487600.0
2013-05-10,16.36,16.42,16.09,16.18,13.89,334852000.0
2013-05-13,16.13,16.35,16.13,16.24,13.94,316948800.0
2013-05-14,16.21,16.26,15.79,15.85,13.61,447118000.0
2013-05-15,15.68,15.75,15.08,15.32,13.15,741613600.0
2013-05-16,15.12,15.64,14.96,15.52,13.33,603204000.0
2013-05-17,15.68,15.72,15.39,15.47,13.29,427904400.0
2013-05-20,15.43,15.92,15.36,15.82,13.58,451578400.0
2013-05-21,15.65,15.91,15.51,15.7,13.48,456022000.0
2013-05-22,15.86,16.01,15.65,15.76,13.53,443038400.0
2013-05-23,15.57,15.93,15.56,15.79,13.56,353021200.0
2013-05-24,15.74,15.92,15.73,15.9,13.65,276166800.0
2013-05-28,16.07,16.11,15.74,15.77,13.54,386145200.0
2013-05-29,15.71,15.98,15.69,15.89,13.64,330576400.0
2013-05-30,15.92,16.23,15.88,16.13,13.85,353519600.0
2013-05-31,16.16,16.33,16.05,16.06,13.79,384302800.0
2013-06-03,16.1,16.16,15.8,16.1,13.82,372352400.0
2013-06-04,16.19,16.23,15.98,16.05,13.78,292728800.0
2013-06-05,15.92,16.1,15.85,15.9,13.65,290589600.0
2013-06-06,15.91,15.96,15.5,15.66,13.45,416934000.0
2013-06-07,15.59,15.83,15.46,15.78,13.55,404535600.0
2013-06-10,15.88,16.04,15.6,15.67,13.46,450153200.0
2013-06-11,15.56,15.81,15.48,15.63,13.42,286112400.0
2013-06-12,15.7,15.76,15.41,15.44,13.25,265227200.0
2013-06-13,15.45,15.61,15.31,15.57,13.37,285832400.0
2013-06-14,15.55,15.58,15.3,15.36,13.19,271866000.0
2013-06-17,15.41,15.56,15.37,15.43,13.25,259414400.0
2013-06-18,15.41,15.53,15.36,15.42,13.24,195025600.0
2013-06-19,15.41,15.42,15.11,15.11,12.97,310940000.0
2013-06-20,14.98,15.21,14.83,14.89,12.78,357310800.0
2013-06-21,14.95,15.0,14.57,14.77,12.68,481118400.0
2013-06-24,14.55,14.6,14.22,14.38,12.34,480746000.0
2013-06-25,14.49,14.56,14.24,14.38,12.35,314162800.0
2013-06-26,14.43,14.46,14.13,14.22,12.21,367724000.0
2013-06-27,14.26,14.34,14.06,14.06,12.08,337246000.0
2013-06-28,13.98,14.3,13.89,14.16,12.16,578516400.0
2013-07-01,14.38,14.72,14.33,14.61,12.55,391053600.0
2013-07-02,14.64,15.06,14.62,14.95,12.83,469865200.0
2013-07-03,15.03,15.11,14.91,15.03,12.9,240928800.0
2013-07-05,15.01,15.12,14.83,14.91,12.8,274024800.0
2013-07-08,15.0,15.04,14.67,14.82,12.73,298138400.0
2013-07-09,14.77,15.13,14.66,15.08,12.95,352584400.0
2013-07-10,14.99,15.17,14.94,15.03,12.9,281405600.0
2013-07-11,15.11,15.29,15.04,15.26,13.1,326292400.0
2013-07-12,15.27,15.35,15.12,15.23,13.08,279563200.0
2013-07-15,15.18,15.41,15.17,15.27,13.11,241917200.0
2013-07-16,15.23,15.38,15.15,15.36,13.19,216538000.0
2013-07-17,15.35,15.44,15.29,15.37,13.2,198990400.0
2013-07-18,15.48,15.53,15.38,15.42,13.24,218878800.0
2013-07-19,15.47,15.5,15.16,15.18,13.03,268721600.0
2013-07-22,15.34,15.35,15.2,15.23,13.07,207796400.0
2013-07-23,15.21,15.25,14.95,14.96,12.85,369395600.0
2013-07-24,15.68,15.88,15.55,15.73,13.51,591936800.0
2013-07-25,15.74,15.76,15.56,15.66,13.45,229493600.0
2013-07-26,15.55,15.75,15.51,15.75,13.52,200152400.0
2013-07-29,15.74,16.07,15.72,15.99,13.73,248057600.0
2013-07-30,16.07,16.33,16.04,16.19,13.9,309422400.0
2013-07-31,16.25,16.33,16.05,16.16,13.88,322957600.0
2013-08-01,16.28,16.31,16.19,16.31,14.0,206250800.0
2013-08-02,16.36,16.53,16.31,16.52,14.18,274783600.0
2013-08-05,16.6,16.81,16.51,16.77,14.4,318855600.0
2013-08-06,16.72,16.85,16.51,16.62,14.27,334857600.0
2013-08-07,16.56,16.68,16.49,16.61,14.26,298858000.0
2013-08-08,16.57,16.58,16.36,16.46,14.23,255777200.0
2013-08-09,16.38,16.44,16.2,16.23,14.03,266865200.0
2013-08-12,16.32,16.74,16.31,16.69,14.43,364434000.0
2013-08-13,16.82,17.67,16.72,17.48,15.11,881941200.0
2013-08-14,17.78,18.01,17.62,17.8,15.39,756372400.0
2013-08-15,17.73,17.94,17.47,17.78,15.37,490294000.0
2013-08-16,17.86,17.96,17.82,17.94,15.51,362306000.0
2013-08-19,18.01,18.35,18.0,18.13,15.67,510518400.0
2013-08-20,18.2,18.23,17.89,17.9,15.47,358688400.0
2013-08-21,17.99,18.11,17.9,17.94,15.51,335879600.0
2013-08-22,18.03,18.06,17.79,17.96,15.53,244207600.0
2013-08-23,17.97,17.98,17.83,17.89,15.47,222731600.0
2013-08-26,17.88,18.22,17.88,17.96,15.53,330965600.0
2013-08-27,17.79,17.95,17.37,17.45,15.08,424188800.0
2013-08-28,17.36,17.71,17.36,17.53,15.15,307608000.0
2013-08-29,17.56,17.73,17.54,17.56,15.18,239657600.0
2013-08-30,17.57,17.61,17.38,17.4,15.04,272297200.0
2013-09-03,17.61,17.88,17.41,17.45,15.08,331928800.0
2013-09-04,17.84,17.94,17.72,17.81,15.39,345032800.0
2013-09-05,17.87,17.88,17.63,17.69,15.29,236367600.0
2013-09-06,17.8,17.83,17.5,17.79,15.38,359525600.0
2013-09-09,18.04,18.14,17.98,18.08,15.62,340687200.0
2013-09-10,18.08,18.12,17.48,17.67,15.27,743195600.0
2013-09-11,16.68,16.92,16.6,16.7,14.44,898696400.0
2013-09-12,16.73,16.98,16.64,16.88,14.59,404051200.0
2013-09-13,16.76,16.85,16.6,16.6,14.35,298835600.0
2013-09-16,16.46,16.49,15.97,16.08,13.89,543706800.0
2013-09-17,16.0,16.42,15.98,16.26,14.05,399380800.0
2013-09-18,16.54,16.66,16.45,16.6,14.34,456862000.0
2013-09-19,16.81,16.99,16.76,16.87,14.58,404541200.0
2013-09-20,17.07,17.09,16.64,16.69,14.43,699302800.0
2013-09-23,17.72,17.75,17.24,17.52,15.14,762106800.0
2013-09-24,17.67,17.7,17.42,17.47,15.1,364344400.0
2013-09-25,17.47,17.49,17.19,17.2,14.86,316957200.0
2013-09-26,17.36,17.45,17.28,17.36,15.01,237221600.0
2013-09-27,17.28,17.31,17.17,17.24,14.9,228040400.0
2013-09-30,17.04,17.2,16.94,17.03,14.72,260156400.0
2013-10-01,17.09,17.47,17.08,17.43,15.06,353883600.0
2013-10-02,17.34,17.56,17.28,17.48,15.11,289184000.0
2013-10-03,17.52,17.58,17.17,17.26,14.92,322753200.0
2013-10-04,17.28,17.31,17.09,17.25,14.91,258868400.0
2013-10-07,17.38,17.59,17.33,17.42,15.06,312292400.0
2013-10-08,17.5,17.52,17.16,17.18,14.85,290917200.0
2013-10-09,17.31,17.42,17.08,17.38,15.02,301725200.0
2013-10-10,17.55,17.58,17.39,17.49,15.11,278602800.0
2013-10-11,17.39,17.64,17.33,17.6,15.21,267738800.0
2013-10-14,17.49,17.77,17.48,17.72,15.31,261898000.0
2013-10-15,17.77,17.93,17.7,17.81,15.39,320073600.0
2013-10-16,17.89,17.95,17.83,17.9,15.47,251101200.0
2013-10-17,17.86,18.03,17.85,18.02,15.57,253593200.0
2013-10-18,18.07,18.19,18.06,18.17,15.71,290542000.0
2013-10-21,18.28,18.73,18.27,18.62,16.09,398106800.0
2013-10-22,18.8,18.87,18.14,18.57,16.05,534063600.0
2013-10-23,18.54,18.77,18.54,18.75,16.2,313723200.0
2013-10-24,18.75,19.02,18.66,19.0,16.42,384764800.0
2013-10-25,18.98,19.04,18.75,18.78,16.23,337792000.0
2013-10-28,18.89,18.96,18.69,18.92,16.36,550440800.0
2013-10-29,19.15,19.26,18.38,18.45,15.95,635807200.0
2013-10-30,18.56,18.84,18.47,18.75,16.2,354163600.0
2013-10-31,18.75,18.84,18.62,18.67,16.13,275696400.0
2013-11-01,18.72,18.74,18.42,18.57,16.05,274890000.0
2013-11-04,18.61,18.82,18.53,18.81,16.26,244627600.0
2013-11-05,18.74,18.89,18.68,18.77,16.22,265213200.0
2013-11-06,18.72,18.75,18.51,18.6,16.17,223375600.0
2013-11-07,18.56,18.69,18.3,18.3,15.91,262620400.0
2013-11-08,18.38,18.61,18.31,18.59,16.16,279316800.0
2013-11-11,18.57,18.63,18.37,18.54,16.12,227452400.0
2013-11-12,18.49,18.71,18.46,18.57,16.15,204276800.0
2013-11-13,18.5,18.65,18.46,18.59,16.16,197220800.0
2013-11-14,18.67,18.9,18.64,18.86,16.4,282419200.0
2013-11-15,18.81,18.9,18.73,18.75,16.3,317920400.0
2013-11-18,18.75,18.83,18.51,18.52,16.1,244944000.0
2013-11-19,18.54,18.69,18.5,18.56,16.13,208938800.0
2013-11-20,18.54,18.59,18.37,18.39,15.99,193916800.0
2013-11-21,18.49,18.61,18.35,18.61,16.18,262026800.0
2013-11-22,18.55,18.65,18.52,18.56,16.14,223725600.0
2013-11-25,18.61,18.78,18.61,18.7,16.26,229311600.0
2013-11-26,18.72,19.15,18.71,19.05,16.56,401382800.0
2013-11-27,19.15,19.5,19.05,19.5,16.95,363448400.0
2013-11-29,19.62,19.94,19.56,19.86,17.26,318127600.0
2013-12-02,19.93,20.15,19.67,19.69,17.11,472544800.0
2013-12-03,19.94,20.23,19.92,20.23,17.58,450968000.0
2013-12-04,20.2,20.33,20.03,20.18,17.54,377809600.0
2013-12-05,20.45,20.54,20.23,20.28,17.63,447580000.0
2013-12-06,20.21,20.24,19.98,20.0,17.39,344352400.0
2013-12-09,20.03,20.34,20.03,20.23,17.59,320493600.0
2013-12-10,20.13,20.28,20.04,20.2,17.56,278269600.0
2013-12-11,20.25,20.39,19.99,20.05,17.43,359718800.0
2013-12-12,20.08,20.19,20.0,20.02,17.4,262290000.0
2013-12-13,20.1,20.1,19.77,19.8,17.21,332822000.0
2013-12-16,19.82,20.09,19.82,19.91,17.31,282592800.0
2013-12-17,19.85,19.98,19.76,19.82,17.23,229902400.0
2013-12-18,19.63,19.69,19.24,19.67,17.1,565863200.0
2013-12-19,19.63,19.64,19.42,19.44,16.9,320308800.0
2013-12-20,19.48,19.7,19.46,19.61,17.05,436413600.0
2013-12-23,20.29,20.38,20.1,20.36,17.7,501306400.0
2013-12-24,20.35,20.42,20.22,20.27,17.62,167554800.0
2013-12-26,20.29,20.34,20.12,20.14,17.51,204008000.0
2013-12-27,20.14,20.16,19.98,20.0,17.39,225884400.0
2013-12-30,19.91,20.0,19.73,19.8,17.22,253629600.0
2013-12-31,19.79,20.05,19.79,20.04,17.42,223084400.0
2014-01-02,19.85,19.89,19.72,19.75,17.17,234684800.0
2014-01-03,19.75,19.77,19.3,19.32,16.8,392467600.0
2014-01-06,19.19,19.53,19.06,19.43,16.89,412610800.0
2014-01-07,19.44,19.5,19.21,19.29,16.77,317209200.0
2014-01-08,19.24,19.48,19.24,19.41,16.87,258529600.0
2014-01-09,19.53,19.53,19.12,19.16,16.66,279148800.0
2014-01-10,19.28,19.31,18.97,19.03,16.55,304976000.0
2014-01-13,18.93,19.38,18.92,19.13,16.63,378492800.0
2014-01-14,19.22,19.53,19.2,19.51,16.96,332561600.0
2014-01-15,19.77,20.01,19.7,19.91,17.3,391638800.0
2014-01-16,19.82,19.89,19.7,19.79,17.21,229278000.0
2014-01-17,19.7,19.72,19.28,19.31,16.79,426739600.0
2014-01-21,19.32,19.65,19.3,19.61,17.05,328526800.0
2014-01-22,19.68,19.9,19.56,19.7,17.12,379985200.0
2014-01-23,19.64,19.88,19.46,19.86,17.27,403239200.0
2014-01-24,19.79,19.84,19.46,19.5,16.95,429354800.0
2014-01-27,19.65,19.81,19.49,19.66,17.09,554878800.0
2014-01-28,18.17,18.39,17.93,18.09,15.73,1065523200.0
2014-01-29,18.0,18.12,17.81,17.88,15.55,502810000.0
2014-01-30,17.95,18.09,17.74,17.85,15.52,678501600.0
2014-01-31,17.68,17.91,17.63,17.88,15.54,464797200.0
2014-02-03,17.95,18.13,17.83,17.91,15.57,401464000.0
2014-02-04,18.07,18.19,17.96,18.17,15.8,376681200.0
2014-02-05,18.09,18.4,18.08,18.31,15.91,328344800.0
2014-02-06,18.22,18.34,18.14,18.3,16.01,257765200.0
2014-02-07,18.62,18.68,18.48,18.56,16.23,370280400.0
2014-02-10,18.52,19.0,18.5,18.89,16.52,345559200.0
2014-02-11,18.95,19.21,18.91,19.14,16.74,282256800.0
2014-02-12,19.18,19.27,19.04,19.14,16.74,308100800.0
2014-02-13,19.09,19.46,19.08,19.44,17.0,307398000.0
2014-02-14,19.37,19.5,19.33,19.43,16.99,272924400.0
2014-02-18,19.5,19.69,19.49,19.5,17.05,260251600.0
2014-02-19,19.46,19.53,19.08,19.19,16.78,313768000.0
2014-02-20,19.04,19.18,18.89,18.97,16.59,305858000.0
2014-02-21,19.03,19.09,18.74,18.76,16.41,278784800.0
2014-02-24,18.68,18.93,18.66,18.84,16.48,288909600.0
2014-02-25,18.91,18.91,18.61,18.65,16.31,231952000.0
2014-02-26,18.7,18.75,18.41,18.48,16.16,276217200.0
2014-02-27,18.47,18.89,18.43,18.85,16.48,301882000.0
2014-02-28,18.9,19.03,18.65,18.79,16.44,371968800.0
2014-03-03,18.69,18.95,18.67,18.85,16.48,238781200.0
2014-03-04,18.96,19.02,18.85,18.97,16.59,259140000.0
2014-03-05,18.96,19.1,18.9,19.01,16.63,200062800.0
2014-03-06,19.03,19.09,18.86,18.96,16.58,185488800.0
2014-03-07,18.97,19.0,18.79,18.94,16.57,220729600.0
2014-03-10,18.87,19.05,18.87,18.96,16.58,178584000.0
2014-03-11,19.12,19.24,19.02,19.15,16.74,279224400.0
2014-03-12,19.09,19.19,19.0,19.16,16.76,199326400.0
2014-03-13,19.19,19.27,18.9,18.95,16.57,257742800.0
2014-03-14,18.89,18.96,18.68,18.74,16.39,237199200.0
2014-03-17,18.85,18.93,18.78,18.81,16.45,199544800.0
2014-03-18,18.78,19.0,18.76,18.98,16.6,209647200.0
2014-03-19,19.01,19.15,18.89,18.97,16.59,224756000.0
2014-03-20,18.92,19.02,18.83,18.88,16.51,208398400.0
2014-03-21,19.0,19.06,18.8,19.03,16.64,374046400.0
2014-03-24,19.23,19.3,19.11,19.26,16.84,355700800.0
2014-03-25,19.34,19.49,19.27,19.46,17.02,282293200.0
2014-03-26,19.52,19.61,19.25,19.28,16.86,299768000.0
2014-03-27,19.29,19.34,19.11,19.19,16.79,222031600.0
2014-03-28,19.23,19.25,19.08,19.17,16.77,200564000.0
2014-03-31,19.26,19.31,19.14,19.17,16.76,168669200.0
2014-04-01,19.21,19.35,19.17,19.34,16.92,200760000.0
2014-04-02,19.37,19.41,19.3,19.38,16.95,180420800.0
2014-04-03,19.34,19.38,19.2,19.24,16.83,162344000.0
2014-04-04,19.28,19.29,18.95,18.99,16.61,275251200.0
2014-04-07,18.86,18.96,18.64,18.7,16.35,289850400.0
2014-04-08,18.76,18.79,18.52,18.69,16.35,243888400.0
2014-04-09,18.67,18.95,18.64,18.94,16.56,206169600.0
2014-04-10,18.95,19.01,18.68,18.7,16.35,239652000.0
2014-04-11,18.54,18.67,18.47,18.56,16.23,271717600.0
2014-04-14,18.64,18.65,18.47,18.63,16.29,205674000.0
2014-04-15,18.58,18.63,18.26,18.5,16.18,266490000.0
2014-04-16,18.5,18.61,18.36,18.54,16.21,214765600.0
2014-04-17,18.57,18.85,18.54,18.75,16.4,284334400.0
2014-04-21,18.76,19.0,18.71,18.97,16.59,182548800.0
2014-04-22,18.87,18.99,18.8,18.99,16.61,202563200.0
2014-04-23,18.9,18.97,18.73,18.74,16.39,394940000.0
2014-04-24,20.29,20.36,20.03,20.28,17.73,759911600.0
2014-04-25,20.16,20.43,20.14,20.43,17.86,390275200.0
2014-04-28,20.46,21.28,20.45,21.22,18.56,669485600.0
2014-04-29,21.2,21.28,21.05,21.15,18.5,337377600.0
2014-04-30,21.17,21.41,21.06,21.07,18.43,456640800.0
2014-05-01,21.14,21.24,20.94,21.12,18.47,244048000.0
2014-05-02,21.16,21.22,21.06,21.16,18.51,191514400.0
2014-05-05,21.08,21.46,21.07,21.46,18.77,287067200.0
2014-05-06,21.49,21.59,21.23,21.23,18.57,374564400.0
2014-05-07,21.26,21.33,20.99,21.15,18.5,282864400.0
2014-05-08,21.01,21.23,20.94,21.0,18.47,230297200.0
2014-05-09,20.88,20.94,20.73,20.91,18.39,291597600.0
2014-05-12,20.98,21.2,20.98,21.17,18.62,213208800.0
2014-05-13,21.14,21.23,21.1,21.21,18.65,159737200.0
2014-05-14,21.16,21.34,21.13,21.21,18.65,166404000.0
2014-05-15,21.24,21.31,21.0,21.03,18.49,230846000.0
2014-05-16,21.02,21.34,20.91,21.34,18.77,276256400.0
2014-05-19,21.35,21.69,21.33,21.59,18.99,317755200.0
2014-05-20,21.59,21.66,21.45,21.6,18.99,234836000.0
2014-05-21,21.57,21.67,21.5,21.65,19.04,196859600.0
2014-05-22,21.66,21.78,21.58,21.69,19.07,200760000.0
2014-05-23,21.69,21.95,21.66,21.93,19.29,232209600.0
2014-05-27,22.0,22.35,21.99,22.34,19.65,348866000.0
2014-05-28,22.36,22.49,22.28,22.29,19.6,315481600.0
2014-05-29,22.42,22.75,22.42,22.69,19.96,376474000.0
2014-05-30,22.78,23.01,22.46,22.61,19.88,564020800.0
2014-06-02,22.64,22.67,22.23,22.45,19.74,369350800.0
2014-06-03,22.44,22.81,22.44,22.77,20.02,292709200.0
2014-06-04,22.77,23.14,22.72,23.03,20.25,335482000.0
2014-06-05,23.08,23.19,22.95,23.12,20.33,303805600.0
2014-06-06,23.21,23.26,23.02,23.06,20.28,349938400.0
2014-06-09,23.17,23.47,22.94,23.42,20.6,301660000.0
2014-06-10,23.68,23.76,23.39,23.56,20.72,251108000.0
2014-06-11,23.53,23.69,23.37,23.47,20.64,182724000.0
2014-06-12,23.51,23.53,22.98,23.07,20.29,218996000.0
2014-06-13,23.05,23.11,22.72,22.82,20.07,218100000.0
2014-06-16,22.88,23.19,22.86,23.05,20.27,142244000.0
2014-06-17,23.08,23.17,22.95,23.02,20.24,118904000.0
2014-06-18,23.07,23.07,22.84,23.05,20.27,134056000.0
2014-06-19,23.07,23.08,22.83,22.97,20.2,142112000.0
2014-06-20,22.96,23.14,22.73,22.73,19.99,403592000.0
2014-06-23,22.83,22.91,22.65,22.71,19.97,174776000.0
2014-06-24,22.69,22.93,22.55,22.57,19.85,156144000.0
2014-06-25,22.55,22.67,22.41,22.59,19.87,147476000.0
2014-06-26,22.59,22.76,22.45,22.73,19.98,130516000.0
2014-06-27,22.7,23.0,22.69,23.0,20.22,256116000.0
2014-06-30,23.02,23.43,23.02,23.23,20.43,197929200.0
2014-07-01,23.38,23.52,23.28,23.38,20.56,152892000.0
2014-07-02,23.47,23.51,23.27,23.37,20.55,113860000.0
2014-07-03,23.42,23.52,23.3,23.51,20.67,91567200.0
2014-07-07,23.53,24.0,23.52,23.99,21.1,225872000.0
2014-07-08,24.07,24.2,23.48,23.84,20.96,260888000.0
2014-07-09,23.86,23.99,23.69,23.85,20.97,145744000.0
2014-07-10,23.44,23.89,23.38,23.76,20.9,158744000.0
2014-07-11,23.84,23.97,23.72,23.81,20.93,136072000.0
2014-07-14,23.97,24.22,23.91,24.11,21.21,171240000.0
2014-07-15,24.2,24.21,23.76,23.83,20.96,181911600.0
2014-07-16,24.24,24.27,23.68,23.69,20.84,213585200.0
2014-07-17,23.76,23.82,23.14,23.27,20.47,229192000.0
2014-07-18,23.41,23.68,23.25,23.61,20.76,199952000.0
2014-07-21,23.75,23.75,23.43,23.49,20.65,156316000.0
2014-07-22,23.67,23.72,23.53,23.68,20.82,220788000.0
2014-07-23,23.85,24.47,23.79,24.3,21.37,371672000.0
2014-07-24,24.26,24.33,24.1,24.26,21.33,182916000.0
2014-07-25,24.21,24.46,24.16,24.42,21.47,173876000.0
2014-07-28,24.45,24.81,24.39,24.75,21.77,221272000.0
2014-07-29,24.83,24.86,24.56,24.59,21.63,172572000.0
2014-07-30,24.61,24.67,24.42,24.54,21.58,132040000.0
2014-07-31,24.29,24.36,23.83,23.9,21.02,227372000.0
2014-08-01,23.73,24.16,23.7,24.03,21.13,194044000.0
2014-08-04,24.09,24.15,23.79,23.9,21.02,159832000.0
2014-08-05,23.84,23.92,23.59,23.78,20.91,223732000.0
2014-08-06,23.69,23.87,23.68,23.74,20.88,154232000.0
2014-08-07,23.73,23.99,23.52,23.62,20.88,186844000.0
2014-08-08,23.57,23.7,23.32,23.68,20.93,167460000.0
2014-08-11,23.82,24.02,23.71,24.0,21.21,146340000.0
2014-08-12,24.01,24.22,23.9,23.99,21.2,135180000.0
2014-08-13,24.04,24.31,24.01,24.31,21.49,127664000.0
2014-08-14,24.33,24.39,24.2,24.38,21.54,112464000.0
2014-08-15,24.48,24.55,24.22,24.5,21.65,195804000.0
2014-08-18,24.62,24.84,24.5,24.79,21.91,190288000.0
2014-08-19,24.85,25.17,24.83,25.13,22.21,277596000.0
2014-08-20,25.11,25.27,24.99,25.14,22.22,210796000.0
2014-08-21,25.14,25.24,25.03,25.15,22.22,133912000.0
2014-08-22,25.07,25.37,25.05,25.33,22.39,176736000.0
2014-08-25,25.45,25.54,25.32,25.39,22.44,161080000.0
2014-08-26,25.35,25.38,25.22,25.22,22.29,132608000.0
2014-08-27,25.25,25.64,25.17,25.53,22.57,209476000.0
2014-08-28,25.4,25.69,25.39,25.56,22.59,273840000.0
2014-08-29,25.72,25.73,25.55,25.63,22.65,178380000.0
2014-09-02,25.76,25.93,25.68,25.83,22.82,214256000.0
2014-09-03,25.77,25.8,24.65,24.74,21.86,501684000.0
2014-09-04,24.71,25.02,24.45,24.53,21.68,342872000.0
2014-09-05,24.7,24.85,24.58,24.74,21.87,233828000.0
2014-09-08,24.83,24.83,24.51,24.59,21.73,185426800.0
2014-09-09,24.77,25.77,24.03,24.5,21.65,759385200.0
2014-09-10,24.5,25.28,24.44,25.25,22.32,403478400.0
2014-09-11,25.1,25.36,24.91,25.36,22.41,249412400.0
2014-09-12,25.3,25.55,25.27,25.42,22.46,250504400.0
2014-09-15,25.7,25.76,25.36,25.41,22.45,245266000.0
2014-09-16,24.95,25.32,24.72,25.22,22.28,267632400.0
2014-09-17,25.32,25.45,25.15,25.4,22.44,243706000.0
2014-09-18,25.48,25.59,25.39,25.45,22.49,149197600.0
2014-09-19,25.57,25.59,25.13,25.24,22.31,283609600.0
2014-09-22,25.45,25.53,25.15,25.26,22.33,211153600.0
2014-09-23,25.15,25.74,25.14,25.66,22.68,253608800.0
2014-09-24,25.54,25.71,25.3,25.44,22.48,240687200.0
2014-09-25,25.13,25.18,24.43,24.47,21.62,400368000.0
2014-09-26,24.63,25.19,24.6,25.19,22.26,249482000.0
2014-09-29,24.66,25.11,24.66,25.03,22.12,199065200.0
2014-09-30,25.2,25.39,25.13,25.19,22.26,221056400.0
2014-10-01,25.15,25.17,24.67,24.8,21.91,205965200.0
2014-10-02,24.82,25.06,24.51,24.98,22.07,191031200.0
2014-10-03,24.86,25.05,24.76,24.91,22.01,173878400.0
2014-10-06,24.99,25.16,24.85,24.91,22.01,148204800.0
2014-10-07,24.86,25.03,24.68,24.69,21.82,168376800.0
2014-10-08,24.69,25.28,24.58,25.2,22.27,229618800.0
2014-10-09,25.39,25.59,25.15,25.25,22.32,309506000.0
2014-10-10,25.17,25.51,25.08,25.18,22.26,265326400.0
2014-10-13,25.33,25.44,24.95,24.95,22.05,214333600.0
2014-10-14,25.1,25.13,24.64,24.69,21.82,254754400.0
2014-10-15,24.49,24.79,23.8,24.39,21.55,403734400.0
2014-10-16,23.89,24.43,23.85,24.07,21.27,288618000.0
2014-10-17,24.38,24.75,24.2,24.42,21.58,272718800.0
2014-10-20,24.58,24.99,24.56,24.94,22.04,310069200.0
2014-10-21,25.75,25.75,25.32,25.62,22.64,378495600.0
2014-10-22,25.71,26.03,25.65,25.75,22.76,273052400.0
2014-10-23,26.02,26.26,25.91,26.21,23.16,284298800.0
2014-10-24,26.3,26.37,26.13,26.31,23.25,188215600.0
2014-10-27,26.21,26.37,26.17,26.28,23.22,136750800.0
2014-10-28,26.35,26.68,26.34,26.68,23.58,192243600.0
2014-10-29,26.66,26.84,26.59,26.83,23.72,210751600.0
2014-10-30,26.74,26.84,26.48,26.75,23.64,162619200.0
2014-10-31,27.0,27.01,26.8,27.0,23.86,178557200.0
2014-11-03,27.06,27.58,27.0,27.35,24.17,209130400.0
2014-11-04,27.34,27.37,26.93,27.15,24.0,166297600.0
2014-11-05,27.27,27.33,27.03,27.22,24.05,149743600.0
2014-11-06,27.15,27.2,26.95,27.17,24.12,139874000.0
2014-11-07,27.19,27.33,27.14,27.25,24.19,134766000.0
2014-11-10,27.25,27.33,27.17,27.21,24.15,108782000.0
2014-11-11,27.17,27.44,27.1,27.42,24.34,109769200.0
2014-11-12,27.34,27.86,27.34,27.81,24.69,187769600.0
2014-11-13,27.95,28.36,27.9,28.2,25.04,238091600.0
2014-11-14,28.29,28.55,27.8,28.55,25.34,176254400.0
2014-11-17,28.57,29.32,28.33,28.5,25.3,186986800.0
2014-11-18,28.49,28.92,28.47,28.87,25.62,176896000.0
2014-11-19,28.86,28.93,28.45,28.67,25.45,167476800.0
2014-11-20,28.73,29.22,28.71,29.08,25.81,173582000.0
2014-11-21,29.38,29.39,29.01,29.12,25.85,228717200.0
2014-11-24,29.21,29.69,29.16,29.66,26.32,189803200.0
2014-11-25,29.77,29.94,29.36,29.4,26.1,275361600.0
2014-11-26,29.49,29.77,29.46,29.75,26.41,163073200.0
2014-11-28,29.82,29.85,29.51,29.73,26.39,99257600.0
2014-12-01,29.7,29.81,27.82,28.77,25.53,335256000.0
2014-12-02,28.38,28.94,28.19,28.66,25.44,237395600.0
2014-12-03,28.94,29.09,28.78,28.98,25.73,172253600.0
2014-12-04,28.94,29.3,28.82,28.87,25.63,168178000.0
2014-12-05,29.0,29.02,28.66,28.75,25.52,153275600.0
2014-12-08,28.52,28.66,27.91,28.1,24.94,230659600.0
2014-12-09,27.55,28.58,27.34,28.53,25.32,240832000.0
2014-12-10,28.6,28.71,27.89,27.99,24.84,178261200.0
2014-12-11,28.07,28.45,27.83,27.91,24.77,165606800.0
2014-12-12,27.61,27.97,27.4,27.43,24.35,224112400.0
2014-12-15,27.67,27.9,26.59,27.06,24.02,268872400.0
2014-12-16,26.59,27.54,26.57,26.69,23.69,243162800.0
2014-12-17,26.78,27.46,26.7,27.35,24.28,213647200.0
2014-12-18,27.97,28.16,27.67,28.16,25.0,236024800.0
2014-12-19,28.07,28.31,27.92,27.94,24.8,353719200.0
2014-12-22,28.04,28.37,27.99,28.24,25.06,180670000.0
2014-12-23,28.31,28.33,28.11,28.14,24.97,104113600.0
2014-12-24,28.15,28.18,28.0,28.0,24.86,57918400.0
2014-12-26,28.02,28.63,28.0,28.5,25.3,134884000.0
2014-12-29,28.45,28.69,28.42,28.48,25.28,110395600.0
2014-12-30,28.41,28.48,28.03,28.13,24.97,119526000.0
2014-12-31,28.2,28.28,27.55,27.59,24.49,165613600.0
2015-01-02,27.85,27.86,26.84,27.33,24.26,212818400.0
2015-01-05,27.07,27.16,26.35,26.56,23.58,257142000.0
2015-01-06,26.64,26.86,26.16,26.57,23.58,263188400.0
2015-01-07,26.8,27.05,26.67,26.94,23.91,160423600.0
2015-01-08,27.31,28.04,27.17,27.97,24.83,237458000.0
2015-01-09,28.17,28.31,27.55,28.0,24.86,214798000.0
2015-01-12,28.15,28.16,27.2,27.31,24.24,198603200.0
2015-01-13,27.86,28.2,27.23,27.56,24.46,268367600.0
2015-01-14,27.26,27.62,27.13,27.45,24.37,195826400.0
2015-01-15,27.5,27.51,26.67,26.7,23.7,240056000.0
2015-01-16,26.76,26.9,26.3,26.5,23.52,314053200.0
2015-01-20,26.96,27.24,26.63,27.18,24.13,199599600.0
2015-01-21,27.24,27.76,27.07,27.39,24.31,194303600.0
2015-01-22,27.57,28.12,27.43,28.1,24.94,215185600.0
2015-01-23,28.08,28.44,27.88,28.25,25.07,185859200.0
2015-01-26,28.43,28.59,28.2,28.27,25.1,222460000.0
2015-01-27,28.1,28.12,27.26,27.28,24.22,382274800.0
2015-01-28,29.41,29.53,28.83,28.83,25.59,585908400.0
2015-01-29,29.08,29.8,28.89,29.73,26.38,337745600.0
2015-01-30,29.6,30.0,29.21,29.29,26.0,334982000.0
2015-02-02,29.51,29.79,29.02,29.66,26.32,250956400.0
2015-02-03,29.63,29.77,29.4,29.66,26.33,207662800.0
2015-02-04,29.63,30.13,29.58,29.89,26.53,280598800.0
2015-02-05,30.0,30.06,29.81,29.99,26.72,168984800.0
2015-02-06,30.0,30.06,29.61,29.73,26.5,174826400.0
2015-02-09,29.64,29.96,29.61,29.93,26.67,155559200.0
2015-02-10,30.04,30.54,30.04,30.5,27.18,248034000.0
2015-02-11,30.69,31.23,30.63,31.22,27.82,294247200.0
2015-02-12,31.51,31.87,31.39,31.61,28.17,297898000.0
2015-02-13,31.82,31.82,31.41,31.77,28.31,217088800.0
2015-02-17,31.87,32.22,31.73,31.96,28.48,252609600.0
2015-02-18,31.91,32.19,31.86,32.18,28.68,179566800.0
2015-02-19,32.12,32.26,32.08,32.11,28.62,149449600.0
2015-02-20,32.15,32.38,32.01,32.38,28.85,195793600.0
2015-02-23,32.51,33.25,32.42,33.25,29.63,283896400.0
2015-02-24,33.24,33.4,32.79,33.04,29.45,276912400.0
2015-02-25,32.89,32.9,32.04,32.2,28.69,298846800.0
2015-02-26,32.2,32.72,31.65,32.6,29.06,365150000.0
2015-02-27,32.5,32.64,32.06,32.12,28.62,248059200.0
2015-03-02,32.31,32.57,32.08,32.27,28.76,192386800.0
2015-03-03,32.24,32.38,32.02,32.34,28.82,151265200.0
2015-03-04,32.28,32.39,32.08,32.13,28.64,126665200.0
2015-03-05,32.15,32.19,31.44,31.6,28.16,226068400.0
2015-03-06,32.1,32.34,31.57,31.65,28.2,291368400.0
2015-03-09,31.99,32.39,31.26,31.78,28.32,354114000.0
2015-03-10,31.6,31.81,30.95,31.13,27.74,275426400.0
2015-03-11,31.19,31.19,30.53,30.56,27.23,275756000.0
2015-03-12,30.58,31.23,30.41,31.11,27.73,193450800.0
2015-03-13,31.1,31.35,30.65,30.9,27.53,207309200.0
2015-03-16,30.97,31.24,30.72,31.24,27.84,143497200.0
2015-03-17,31.48,31.83,31.41,31.76,28.3,204092400.0
2015-03-18,31.75,32.29,31.59,32.12,28.62,261083600.0
2015-03-19,32.19,32.31,31.85,31.88,28.4,183238000.0
2015-03-20,32.06,32.1,31.29,31.48,28.05,274780400.0
2015-03-23,31.78,31.96,31.63,31.8,28.34,150838800.0
2015-03-24,31.81,32.01,31.64,31.67,28.22,131369200.0
2015-03-25,31.64,31.7,30.84,30.84,27.49,206620800.0
2015-03-26,30.69,31.22,30.65,31.06,27.68,190291600.0
2015-03-27,31.14,31.17,30.73,30.81,27.46,158184800.0
2015-03-30,31.01,31.6,31.0,31.59,28.15,188398800.0
2015-03-31,31.52,31.62,31.09,31.11,27.72,168362400.0
2015-04-01,31.2,31.28,30.77,31.06,27.68,162485600.0
2015-04-02,31.26,31.39,31.05,31.33,27.92,128880400.0
2015-04-06,31.12,31.88,31.08,31.84,28.37,148776000.0
2015-04-07,31.91,32.03,31.5,31.5,28.07,140049200.0
2015-04-08,31.46,31.6,31.24,31.4,27.98,149316800.0
2015-04-09,31.46,31.65,31.17,31.64,28.2,129936000.0
2015-04-10,31.49,31.8,31.32,31.77,28.32,160752000.0
2015-04-13,32.09,32.14,31.65,31.71,28.26,145460400.0
2015-04-14,31.75,31.82,31.48,31.58,28.14,102098400.0
2015-04-15,31.6,31.78,31.5,31.69,28.24,115881600.0
2015-04-16,31.57,31.77,31.53,31.54,28.11,113476000.0
2015-04-17,31.39,31.53,31.11,31.19,27.79,207828000.0
2015-04-20,31.39,32.03,31.29,31.9,28.43,188217200.0
2015-04-21,32.03,32.05,31.67,31.73,28.27,129740400.0
2015-04-22,31.75,32.22,31.58,32.15,28.65,150618000.0
2015-04-23,32.08,32.6,32.03,32.42,28.89,183083600.0
2015-04-24,32.62,32.66,32.31,32.57,29.02,178103600.0
2015-04-27,33.08,33.28,32.79,33.16,29.55,387816800.0
2015-04-28,33.62,33.63,32.39,32.64,29.09,475696000.0
2015-04-29,32.54,32.9,32.08,32.16,28.66,253544400.0
2015-04-30,32.16,32.16,31.15,31.29,27.88,332781600.0
2015-05-01,31.52,32.53,31.33,32.24,28.73,234050400.0
2015-05-04,32.38,32.64,32.06,32.17,28.67,203953200.0
2015-05-05,32.04,32.11,31.44,31.45,28.03,197085600.0
2015-05-06,31.64,31.69,30.84,31.25,27.85,288564000.0
2015-05-07,31.19,31.52,31.0,31.32,28.02,175763600.0
2015-05-08,31.67,31.91,31.53,31.91,28.55,222201600.0
2015-05-11,31.85,31.89,31.41,31.58,28.26,168143200.0
2015-05-12,31.4,31.72,31.2,31.47,28.16,192640000.0
2015-05-13,31.54,31.8,31.47,31.5,28.19,138776800.0
2015-05-14,31.85,32.24,31.79,32.24,28.85,180814000.0
2015-05-15,32.27,32.37,32.05,32.19,28.81,152832000.0
2015-05-18,32.1,32.68,32.09,32.55,29.13,203531600.0
2015-05-19,32.67,32.72,32.41,32.52,29.1,178532800.0
2015-05-20,32.5,32.74,32.33,32.51,29.1,145819600.0
2015-05-21,32.52,32.91,32.46,32.85,29.39,158921600.0
2015-05-22,32.9,33.24,32.85,33.13,29.65,182384000.0
2015-05-26,33.15,33.23,32.28,32.4,29.0,282790400.0
2015-05-27,32.58,33.06,32.51,33.01,29.54,183332800.0
2015-05-28,32.97,32.99,32.78,32.94,29.48,122933200.0
2015-05-29,32.81,32.86,32.47,32.57,29.15,203538000.0
2015-06-01,32.57,32.85,32.51,32.63,29.2,128451200.0
2015-06-02,32.47,32.67,32.33,32.49,29.07,134670400.0
2015-06-03,32.67,32.74,32.47,32.53,29.11,123934000.0
2015-06-04,32.4,32.65,32.23,32.34,28.94,153800400.0
2015-06-05,32.38,32.42,32.09,32.16,28.78,142507200.0
2015-06-08,32.22,32.3,31.71,31.95,28.59,210699200.0
2015-06-09,31.67,32.02,31.41,31.85,28.51,224301600.0
2015-06-10,31.98,32.33,31.96,32.22,28.83,156349200.0
2015-06-11,32.29,32.54,32.12,32.15,28.77,141563600.0
2015-06-12,32.05,32.08,31.78,31.79,28.45,147544800.0
2015-06-15,31.52,31.81,31.43,31.73,28.39,175955600.0
2015-06-16,31.76,31.96,31.59,31.9,28.55,125976400.0
2015-06-17,31.93,31.97,31.68,31.83,28.48,131672400.0
2015-06-18,31.81,32.08,31.81,31.97,28.61,141628800.0
2015-06-19,31.93,31.95,31.6,31.65,28.32,218867600.0
2015-06-22,31.87,32.01,31.77,31.9,28.55,136157200.0
2015-06-23,31.87,31.9,31.72,31.76,28.42,121075600.0
2015-06-24,31.8,32.45,31.78,32.03,28.66,221123600.0
2015-06-25,32.22,32.3,31.88,31.88,28.52,127752400.0
2015-06-26,31.92,32.0,31.63,31.69,28.36,176267200.0
2015-06-29,31.36,31.62,31.12,31.13,27.86,196645600.0
2015-06-30,31.39,31.53,31.22,31.36,28.06,177482800.0
2015-07-01,31.73,31.74,31.5,31.65,28.32,120955200.0
2015-07-02,31.61,31.67,31.44,31.61,28.29,108844000.0
2015-07-06,31.24,31.56,31.21,31.5,28.19,112241600.0
2015-07-07,31.47,31.54,30.94,31.42,28.12,187787200.0
2015-07-08,31.12,31.16,30.64,30.64,27.42,243046400.0
2015-07-09,30.96,31.01,29.81,30.02,26.86,314380000.0
2015-07-10,30.49,30.96,30.3,30.82,27.58,245418000.0
2015-07-13,31.26,31.44,31.08,31.42,28.11,165762000.0
2015-07-14,31.51,31.59,31.26,31.4,28.1,127072400.0
2015-07-15,31.43,31.79,31.4,31.7,28.37,134596800.0
2015-07-16,31.93,32.14,31.84,32.13,28.75,144889600.0
2015-07-17,32.27,32.4,32.08,32.4,29.0,184658800.0
2015-07-20,32.74,33.24,32.67,33.02,29.55,235600800.0
2015-07-21,33.21,33.23,32.58,32.69,29.25,307025600.0
2015-07-22,30.5,31.38,30.5,31.31,28.01,461802400.0
2015-07-23,31.55,31.77,31.26,31.29,28.0,203998000.0
2015-07-24,31.33,31.43,30.98,31.13,27.85,168649200.0
2015-07-27,30.77,30.9,30.53,30.69,27.47,177822000.0
2015-07-28,30.84,30.98,30.64,30.84,27.6,134472400.0
2015-07-29,30.79,30.88,30.57,30.75,27.51,148046800.0
2015-07-30,30.58,30.64,30.43,30.59,27.38,134513200.0
2015-07-31,30.65,30.66,30.23,30.33,27.14,171540000.0
2015-08-03,30.38,30.64,29.38,29.61,26.5,279904000.0
2015-08-04,29.35,29.42,28.31,28.66,25.65,496554400.0
2015-08-05,28.24,29.36,28.02,28.85,25.82,397250400.0
2015-08-06,28.99,29.13,28.53,28.78,25.87,211612000.0
2015-08-07,28.65,29.06,28.63,28.88,25.96,154681600.0
2015-08-10,29.13,30.0,29.13,29.93,26.9,219806400.0
2015-08-11,29.45,29.55,28.33,28.37,25.5,388331200.0
2015-08-12,28.13,28.85,27.41,28.81,25.9,404870000.0
2015-08-13,29.01,29.1,28.64,28.79,25.88,194143200.0
2015-08-14,28.58,29.08,28.5,28.99,26.06,171718000.0
2015-08-17,29.01,29.41,28.88,29.29,26.33,163538800.0
2015-08-18,29.11,29.36,29.0,29.13,26.18,138242800.0
2015-08-19,29.02,29.13,28.67,28.75,25.85,193146000.0
2015-08-20,28.52,28.59,27.91,28.16,25.32,274006400.0
2015-08-21,27.61,27.98,26.41,26.44,23.77,513102000.0
2015-08-24,23.72,27.2,23.0,25.78,23.17,648825200.0
2015-08-25,27.78,27.78,25.88,25.93,23.31,414406400.0
2015-08-26,26.77,27.47,26.26,27.42,24.65,387098400.0
2015-08-27,28.06,28.31,27.5,28.23,25.38,338464400.0
2015-08-28,28.04,28.33,27.89,28.32,25.46,212657600.0
2015-08-31,28.01,28.63,28.0,28.19,25.34,224917200.0
2015-09-01,27.54,27.97,26.84,26.93,24.21,307383600.0
2015-09-02,27.56,28.08,27.28,28.08,25.25,247555200.0
2015-09-03,28.12,28.19,27.51,27.59,24.8,212935600.0
2015-09-04,27.24,27.61,27.13,27.32,24.56,199985200.0
2015-09-08,27.94,28.14,27.58,28.08,25.24,219374400.0
2015-09-09,28.44,28.5,27.44,27.54,24.75,340043200.0
2015-09-10,27.57,28.32,27.48,28.14,25.3,251571200.0
2015-09-11,27.95,28.55,27.94,28.55,25.67,199662000.0
2015-09-14,29.15,29.22,28.72,28.83,25.91,233453600.0
2015-09-15,28.98,29.13,28.6,29.07,26.13,173364800.0
2015-09-16,29.06,29.14,28.86,29.1,26.16,148694000.0
2015-09-17,28.92,29.12,28.43,28.48,25.6,256450400.0
2015-09-18,28.05,28.58,27.97,28.36,25.5,297141200.0
2015-09-21,28.42,28.84,28.42,28.8,25.89,200888000.0
2015-09-22,28.34,28.55,28.13,28.35,25.48,201384800.0
2015-09-23,28.41,28.68,28.33,28.58,25.69,143026800.0
2015-09-24,28.31,28.88,28.09,28.75,25.84,200878000.0
2015-09-25,29.11,29.17,28.5,28.68,25.78,224607600.0
2015-09-28,28.46,28.64,28.11,28.11,25.27,208436000.0
2015-09-29,28.21,28.38,26.97,27.26,24.51,293461600.0
2015-09-30,27.54,27.89,27.18,27.58,24.79,265892000.0
2015-10-01,27.27,27.41,26.83,27.4,24.63,255716400.0
2015-10-02,27.0,27.75,26.89,27.59,24.81,232079200.0
2015-10-05,27.47,27.84,27.27,27.69,24.9,208258800.0
2015-10-06,27.66,27.93,27.44,27.83,25.01,192787200.0
2015-10-07,27.93,27.94,27.35,27.69,24.9,187062400.0
2015-10-08,27.55,27.55,27.05,27.38,24.61,247918400.0
2015-10-09,27.5,28.07,27.37,28.03,25.2,211064400.0
2015-10-12,28.18,28.19,27.86,27.9,25.08,121868800.0
2015-10-13,27.7,28.11,27.67,27.95,25.12,132197200.0
2015-10-14,27.82,27.88,27.39,27.55,24.77,177849600.0
2015-10-15,27.73,28.02,27.62,27.97,25.14,150694000.0
2015-10-16,27.94,28.0,27.63,27.76,24.95,156930400.0
2015-10-19,27.7,27.94,27.53,27.93,25.11,119036800.0
2015-10-20,27.83,28.54,27.7,28.44,25.57,195871200.0
2015-10-21,28.5,28.9,28.42,28.44,25.56,167180800.0
2015-10-22,28.58,28.88,28.52,28.88,25.96,166616400.0
2015-10-23,29.17,29.81,29.08,29.77,26.76,237467600.0
2015-10-26,29.52,29.53,28.73,28.82,25.91,265335200.0
2015-10-27,28.85,29.14,28.5,28.64,25.74,279537600.0
2015-10-28,29.23,29.83,29.01,29.82,26.8,342205600.0
2015-10-29,29.67,30.17,29.57,30.13,27.09,204909200.0
2015-10-30,30.25,30.31,29.86,29.88,26.85,197461200.0
2015-11-02,30.2,30.34,29.9,30.3,27.23,128813200.0
2015-11-03,30.2,30.87,30.17,30.64,27.54,182076000.0
2015-11-04,30.78,30.95,30.41,30.5,27.42,179544400.0
2015-11-05,30.46,30.67,30.05,30.23,27.29,158210800.0
2015-11-06,30.28,30.45,30.16,30.26,27.32,132169200.0
2015-11-09,30.24,30.45,30.01,30.14,27.21,135485600.0
2015-11-10,29.23,29.52,29.01,29.19,26.35,236511600.0
2015-11-11,29.09,29.35,28.8,29.03,26.2,180872000.0
2015-11-12,29.07,29.2,28.91,28.93,26.12,130102400.0
2015-11-13,28.8,28.89,28.07,28.08,25.35,183249600.0
2015-11-16,27.84,28.56,27.75,28.55,25.77,152426800.0
2015-11-17,28.73,28.76,28.33,28.42,25.66,110467600.0
2015-11-18,28.94,29.37,28.88,29.32,26.47,186698800.0
2015-11-19,29.41,29.94,29.19,29.69,26.81,173183200.0
2015-11-20,29.8,29.98,29.71,29.83,26.92,137148400.0
2015-11-23,29.82,29.93,29.33,29.44,26.57,129930000.0
2015-11-24,29.33,29.84,29.28,29.72,26.83,171212800.0
2015-11-25,29.8,29.81,29.48,29.51,26.64,85553200.0
2015-11-27,29.57,29.6,29.4,29.45,26.59,52185600.0
2015-11-30,29.5,29.85,29.44,29.58,26.7,156721200.0
2015-12-01,29.69,29.7,29.22,29.33,26.48,139409600.0
2015-12-02,29.33,29.53,29.02,29.07,26.24,133546400.0
2015-12-03,29.14,29.2,28.56,28.8,26.0,166278000.0
2015-12-04,28.82,29.81,28.78,29.76,26.86,231108000.0
2015-12-07,29.75,29.97,29.45,29.57,26.69,128336800.0
2015-12-08,29.38,29.65,29.22,29.56,26.68,137238000.0
2015-12-09,29.41,29.42,28.77,28.91,26.09,185445600.0
2015-12-10,29.01,29.24,28.88,29.04,26.22,116850800.0
2015-12-11,28.8,28.85,28.21,28.3,25.54,187544800.0
2015-12-14,28.05,28.17,27.45,28.12,25.39,257274800.0
2015-12-15,27.99,28.2,27.59,27.62,24.94,213292400.0
2015-12-16,27.77,28.0,27.2,27.83,25.13,224954000.0
2015-12-17,28.0,28.06,27.25,27.25,24.6,179091200.0
2015-12-18,27.23,27.38,26.45,26.51,23.93,385813200.0
2015-12-21,26.82,26.84,26.39,26.83,24.22,190362400.0
2015-12-22,26.85,26.93,26.61,26.81,24.2,131157600.0
2015-12-23,26.82,27.21,26.8,27.15,24.51,130629600.0
2015-12-24,27.25,27.25,26.99,27.01,24.38,54281600.0
2015-12-28,26.9,26.92,26.55,26.7,24.11,106816800.0
2015-12-29,26.74,27.36,26.72,27.18,24.54,123724800.0
2015-12-30,27.15,27.17,26.8,26.83,24.22,100855200.0
2015-12-31,26.75,26.76,26.2,26.32,23.76,163649200.0
2016-01-04,25.65,26.34,25.5,26.34,23.78,270597600.0
2016-01-05,26.44,26.46,25.6,25.68,23.18,223164000.0
2016-01-06,25.14,25.59,24.97,25.17,22.73,273829600.0
2016-01-07,24.67,25.03,24.11,24.11,21.77,324377600.0
2016-01-08,24.64,24.78,24.19,24.24,21.88,283192000.0
2016-01-11,24.74,24.76,24.33,24.63,22.24,198957600.0
2016-01-12,25.14,25.17,24.71,24.99,22.56,196616800.0
2016-01-13,25.08,25.3,24.33,24.35,21.98,249758400.0
2016-01-14,24.49,25.12,23.93,24.88,22.46,252680400.0
2016-01-15,24.05,24.43,23.84,24.28,21.92,319335600.0
2016-01-19,24.6,24.66,23.88,24.17,21.81,212350800.0
2016-01-20,23.77,24.55,23.35,24.2,21.84,289337600.0
2016-01-21,24.26,24.47,23.74,24.08,21.73,208646000.0
2016-01-22,24.66,25.36,24.59,25.35,22.89,263202000.0
2016-01-25,25.38,25.38,24.8,24.86,22.44,207178000.0
2016-01-26,24.98,25.22,24.52,25.0,22.57,300308000.0
2016-01-27,24.01,24.16,23.33,23.35,21.08,533478800.0
2016-01-28,23.45,23.63,23.1,23.52,21.23,222715200.0
2016-01-29,23.7,24.33,23.59,24.33,21.97,257666000.0
2016-02-01,24.12,24.18,23.85,24.11,21.76,163774000.0
2016-02-02,23.85,24.01,23.57,23.62,21.32,149428800.0
2016-02-03,23.75,24.21,23.52,24.09,21.74,183857200.0
2016-02-04,23.97,24.33,23.8,24.15,21.92,185886800.0
2016-02-05,24.13,24.23,23.42,23.5,21.33,185672400.0
2016-02-08,23.28,23.92,23.26,23.75,21.56,216085600.0
2016-02-09,23.57,23.99,23.48,23.75,21.55,177324800.0
2016-02-10,23.98,24.09,23.52,23.57,21.39,169374400.0
2016-02-11,23.45,23.68,23.15,23.42,21.26,200298800.0
2016-02-12,23.55,23.63,23.25,23.5,21.33,161405600.0
2016-02-16,23.75,24.21,23.65,24.16,21.93,196231600.0
2016-02-17,24.17,24.55,24.04,24.53,22.26,179452800.0
2016-02-18,24.71,24.72,24.02,24.07,21.84,156084000.0
2016-02-19,24.0,24.19,23.95,24.01,21.79,141496800.0
2016-02-22,24.08,24.23,23.98,24.22,21.98,137123200.0
2016-02-23,24.1,24.13,23.64,23.67,21.49,127770400.0
2016-02-24,23.5,24.09,23.33,24.02,21.81,145022800.0
2016-02-25,24.01,24.19,23.81,24.19,21.96,110330800.0
2016-02-26,24.3,24.5,24.15,24.23,21.99,115964400.0
2016-02-29,24.22,24.56,24.16,24.17,21.94,140865200.0
2016-03-01,24.41,25.19,24.35,25.13,22.81,201628400.0
2016-03-02,25.13,25.22,24.91,25.19,22.86,132678400.0
2016-03-03,25.15,25.43,25.11,25.38,23.03,147822800.0
2016-03-04,25.59,25.94,25.34,25.75,23.37,184220400.0
2016-03-07,25.6,25.71,25.24,25.47,23.12,143315600.0
2016-03-08,25.19,25.44,25.1,25.26,22.92,126247600.0
2016-03-09,25.33,25.4,25.07,25.28,22.95,108806800.0
2016-03-10,25.35,25.56,25.04,25.29,22.96,134054400.0
2016-03-11,25.56,25.57,25.38,25.57,23.2,109632800.0
2016-03-14,25.48,25.73,25.44,25.63,23.26,100304400.0
2016-03-15,25.99,26.3,25.96,26.15,23.73,160270800.0
2016-03-16,26.15,26.58,26.15,26.49,24.05,153214000.0
2016-03-17,26.38,26.62,26.24,26.45,24.01,137682800.0
2016-03-18,26.58,26.63,26.3,26.48,24.03,176820800.0
2016-03-21,26.48,26.91,26.28,26.48,24.03,142010800.0
2016-03-22,26.31,26.82,26.3,26.68,24.22,129777600.0
2016-03-23,26.62,26.77,26.48,26.53,24.08,102814000.0
2016-03-24,26.37,26.56,26.22,26.42,23.98,104532000.0
2016-03-28,26.5,26.55,26.26,26.3,23.87,77645600.0
2016-03-29,26.22,26.95,26.22,26.92,24.43,124760400.0
2016-03-30,27.16,27.6,27.15,27.39,24.86,182404400.0
2016-03-31,27.43,27.48,27.22,27.25,24.73,103553600.0
2016-04-01,27.19,27.5,27.05,27.5,24.96,103496000.0
2016-04-04,27.6,28.05,27.57,27.78,25.21,149424800.0
2016-04-05,27.38,27.68,27.35,27.45,24.92,106314800.0
2016-04-06,27.56,27.75,27.3,27.74,25.18,105616400.0
2016-04-07,27.49,27.6,27.03,27.14,24.63,127207600.0
2016-04-08,27.23,27.44,27.04,27.17,24.66,94326800.0
2016-04-11,27.24,27.65,27.21,27.25,24.74,117630000.0
2016-04-12,27.33,27.63,27.17,27.61,25.06,108929200.0
2016-04-13,27.7,28.08,27.7,28.01,25.42,133029200.0
2016-04-14,27.91,28.1,27.83,28.02,25.44,101895600.0
2016-04-15,28.03,28.08,27.43,27.46,24.93,187756000.0
2016-04-18,27.22,27.24,26.74,26.87,24.39,243286000.0
2016-04-19,26.97,27.0,26.56,26.73,24.26,129539600.0
2016-04-20,26.66,27.02,26.51,26.78,24.31,122444000.0
2016-04-21,26.73,26.73,26.38,26.49,24.05,126210000.0
2016-04-22,26.25,26.62,26.16,26.42,23.98,134732400.0
2016-04-25,26.25,26.41,26.13,26.27,23.84,112126400.0
2016-04-26,25.98,26.33,25.98,26.09,23.68,224064800.0
2016-04-27,24.0,24.68,23.92,24.45,22.2,458408400.0
2016-04-28,24.4,24.47,23.56,23.71,21.52,328970800.0
2016-04-29,23.5,23.68,23.13,23.43,21.27,274126000.0
2016-05-02,23.49,23.52,23.1,23.41,21.25,192640400.0
2016-05-03,23.55,23.93,23.42,23.8,21.6,227325200.0
2016-05-04,23.8,23.98,23.45,23.55,21.37,164102000.0
2016-05-05,23.5,23.52,23.17,23.31,21.29,143562000.0
2016-05-06,23.34,23.36,22.96,23.18,21.17,174799600.0
2016-05-09,23.25,23.44,23.15,23.2,21.18,131745600.0
2016-05-10,23.33,23.39,23.03,23.35,21.33,134747200.0
2016-05-11,23.37,23.39,23.11,23.13,21.12,114876400.0
2016-05-12,23.18,23.19,22.37,22.58,20.62,305258800.0
2016-05-13,22.5,22.92,22.5,22.63,20.67,177571200.0
2016-05-16,23.1,23.6,22.91,23.47,21.43,245039200.0
2016-05-17,23.64,23.67,23.25,23.37,21.34,187667600.0
2016-05-18,23.54,23.8,23.47,23.64,21.59,168249600.0
2016-05-19,23.66,23.66,23.39,23.55,21.51,121768400.0
2016-05-20,23.66,23.86,23.63,23.81,21.74,128104000.0
2016-05-23,23.97,24.3,23.92,24.11,22.01,152074400.0
2016-05-24,24.31,24.52,24.21,24.48,22.35,140560800.0
2016-05-25,24.67,24.93,24.53,24.91,22.74,152675200.0
2016-05-26,24.92,25.18,24.66,25.1,22.92,225324800.0
2016-05-27,24.86,25.12,24.81,25.09,22.91,145364800.0
2016-05-31,24.9,25.1,24.7,24.97,22.8,169228800.0
2016-06-01,24.75,24.89,24.58,24.61,22.48,116693200.0
2016-06-02,24.4,24.46,24.16,24.43,22.31,160766400.0
2016-06-03,24.45,24.57,24.36,24.48,22.35,114019600.0
2016-06-06,24.5,25.47,24.39,24.66,22.52,93170000.0
2016-06-07,24.81,24.97,24.74,24.76,22.61,89638000.0
2016-06-08,24.75,24.89,24.67,24.74,22.59,83392400.0
2016-06-09,24.63,25.0,24.61,24.91,22.75,106405600.0
2016-06-10,24.63,24.84,24.62,24.71,22.56,126851600.0
2016-06-13,24.67,24.78,24.27,24.33,22.22,152082000.0
2016-06-14,24.33,24.62,24.19,24.36,22.25,127727600.0
2016-06-15,24.45,24.6,24.26,24.28,22.18,117780800.0
2016-06-16,24.11,24.44,24.02,24.39,22.27,125307200.0
2016-06-17,24.16,24.16,23.83,23.83,21.76,244032800.0
2016-06-20,24.0,24.14,23.76,23.77,21.71,137647600.0
2016-06-21,23.74,24.09,23.67,23.98,21.9,142185600.0
2016-06-22,24.06,24.22,23.84,23.89,21.81,116876400.0
2016-06-23,23.99,24.07,23.81,24.02,21.94,128960800.0
2016-06-24,23.23,23.67,23.16,23.35,21.32,301245600.0
2016-06-27,23.25,23.26,22.88,23.01,21.01,181958400.0
2016-06-28,23.23,23.42,23.03,23.4,21.37,161779600.0
2016-06-29,23.49,23.64,23.41,23.6,21.55,146124000.0
2016-06-30,23.61,23.94,23.58,23.9,21.82,143345600.0
2016-07-01,23.87,24.12,23.83,23.97,21.89,104106000.0
2016-07-05,23.85,23.85,23.61,23.75,21.69,110820800.0
2016-07-06,23.65,23.92,23.59,23.88,21.81,123796400.0
2016-07-07,23.92,24.13,23.91,23.99,21.9,100558400.0
2016-07-08,24.12,24.22,24.01,24.17,22.07,115648400.0
2016-07-11,24.19,24.41,24.18,24.25,22.14,95179600.0
2016-07-12,24.29,24.42,24.28,24.35,22.24,96670000.0
2016-07-13,24.35,24.42,24.21,24.22,22.11,103568800.0
2016-07-14,24.35,24.75,24.33,24.7,22.55,155676000.0
2016-07-15,24.73,24.83,24.63,24.69,22.55,120548000.0
2016-07-18,24.67,25.03,24.65,24.96,22.79,145975600.0
2016-07-19,24.89,25.0,24.83,24.97,22.8,95119600.0
2016-07-20,25.0,25.11,24.93,24.99,22.82,105104000.0
2016-07-21,24.96,25.25,24.78,24.86,22.7,130808000.0
2016-07-22,24.82,24.83,24.58,24.67,22.52,113254800.0
2016-07-25,24.56,24.71,24.23,24.33,22.22,161531600.0
2016-07-26,24.2,24.49,24.1,24.17,22.07,224959200.0
2016-07-27,26.07,26.09,25.69,25.74,23.5,369379200.0
2016-07-28,25.71,26.11,25.7,26.08,23.82,159479200.0
2016-07-29,26.05,26.14,25.92,26.05,23.79,110934800.0
2016-08-01,26.1,26.54,26.1,26.51,24.21,152671600.0
2016-08-02,26.51,26.52,26.0,26.12,23.85,135266400.0
2016-08-03,26.2,26.46,26.19,26.45,24.15,120810400.0
2016-08-04,26.4,26.5,26.32,26.47,24.3,109634800.0
2016-08-05,26.57,26.91,26.55,26.87,24.67,162213600.0
2016-08-08,26.88,27.09,26.79,27.09,24.87,112148800.0
2016-08-09,27.06,27.24,27.0,27.2,24.98,105260800.0
2016-08-10,27.18,27.23,26.94,27.0,24.79,96034000.0
2016-08-11,27.13,27.23,26.96,26.98,24.77,109938000.0
2016-08-12,26.94,27.11,26.94,27.05,24.83,74641600.0
2016-08-15,27.03,27.39,27.02,27.37,25.13,103472800.0
2016-08-16,27.41,27.56,27.3,27.34,25.11,135177600.0
2016-08-17,27.27,27.34,27.08,27.31,25.07,101424000.0
2016-08-18,27.31,27.4,27.25,27.27,25.04,87938800.0
2016-08-19,27.19,27.42,27.09,27.34,25.1,101472400.0
2016-08-22,27.22,27.27,26.96,27.13,24.91,103280800.0
2016-08-23,27.15,27.33,27.13,27.21,24.98,85030800.0
2016-08-24,27.14,27.19,26.92,27.01,24.8,94700400.0
2016-08-25,26.85,26.97,26.67,26.89,24.69,100344800.0
2016-08-26,26.85,26.99,26.58,26.74,24.55,111065200.0
2016-08-29,26.66,26.86,26.57,26.7,24.52,99881200.0
2016-08-30,26.45,26.63,26.38,26.5,24.33,99455600.0
2016-08-31,26.42,26.64,26.41,26.52,24.35,118649600.0
2016-09-01,26.53,26.7,26.41,26.68,24.5,106806000.0
2016-09-02,26.92,27.0,26.7,26.93,24.73,107210000.0
2016-09-06,26.98,27.08,26.88,26.92,24.72,107521600.0
2016-09-07,26.96,27.19,26.77,27.09,24.87,169457200.0
2016-09-08,26.81,26.82,26.31,26.38,24.22,212008000.0
2016-09-09,26.16,26.43,25.78,25.78,23.67,186228000.0
2016-09-12,25.66,26.43,25.63,26.36,24.2,181171200.0
2016-09-13,26.88,27.2,26.81,26.99,24.78,248704800.0
2016-09-14,27.18,28.26,27.15,27.94,25.65,443554800.0
2016-09-15,28.47,28.93,28.37,28.89,26.53,359934400.0
2016-09-16,28.78,29.03,28.51,28.73,26.38,319547600.0
2016-09-19,28.8,29.05,28.31,28.4,26.07,188092000.0
2016-09-20,28.26,28.53,28.13,28.39,26.07,138057200.0
2016-09-21,28.46,28.5,28.11,28.39,26.06,144012800.0
2016-09-22,28.59,28.74,28.5,28.66,26.31,124296000.0
2016-09-23,28.6,28.7,27.89,28.18,25.87,209924800.0
2016-09-26,27.91,28.35,27.89,28.22,25.91,119477600.0
2016-09-27,28.25,28.3,28.08,28.27,25.96,98429600.0
2016-09-28,28.42,28.66,28.36,28.49,26.15,118564400.0
2016-09-29,28.29,28.45,27.95,28.05,25.75,143548000.0
2016-09-30,28.11,28.34,27.95,28.26,25.95,145516400.0
2016-10-03,28.18,28.26,28.07,28.13,25.83,86807200.0
2016-10-04,28.26,28.58,28.16,28.25,25.94,118947200.0
2016-10-05,28.35,28.42,28.17,28.26,25.95,85812400.0
2016-10-06,28.42,28.58,28.28,28.47,26.14,115117200.0
2016-10-07,28.58,28.64,28.38,28.51,26.18,97433600.0
2016-10-10,28.75,29.19,28.68,29.01,26.64,144944000.0
2016-10-11,29.42,29.67,29.05,29.08,26.69,256164000.0
2016-10-12,29.34,29.5,29.19,29.33,26.93,150347200.0
2016-10-13,29.2,29.36,28.93,29.25,26.85,140769600.0
2016-10-14,29.47,29.54,29.28,29.41,27.0,142608800.0
2016-10-17,29.33,29.46,29.19,29.39,26.98,94499600.0
2016-10-18,29.55,29.55,29.36,29.37,26.96,98214000.0
2016-10-19,29.31,29.44,28.45,29.28,26.88,80138400.0
2016-10-20,29.22,29.34,29.08,29.26,26.87,96503200.0
2016-10-21,29.2,29.23,29.07,29.15,26.76,92770800.0
2016-10-24,29.27,29.43,29.25,29.41,27.0,94154800.0
2016-10-25,29.49,29.59,29.33,29.56,27.14,192516000.0
2016-10-26,28.58,28.92,28.33,28.9,26.53,264536800.0
2016-10-27,28.85,28.97,28.52,28.62,26.28,138248000.0
2016-10-28,28.47,28.8,28.36,28.43,26.1,151446800.0
2016-10-31,28.41,28.56,28.3,28.39,26.06,105677600.0
2016-11-01,28.36,28.44,27.63,27.87,25.59,175303200.0
2016-11-02,27.85,28.09,27.81,27.9,25.61,113326800.0
2016-11-03,27.75,27.86,27.39,27.46,25.34,107730400.0
2016-11-04,27.13,27.56,27.03,27.21,25.11,123348000.0
2016-11-07,27.52,27.63,27.36,27.6,25.47,130240000.0
2016-11-08,27.58,27.93,27.42,27.76,25.62,97016800.0
2016-11-09,27.47,27.83,27.01,27.72,25.58,236705600.0
2016-11-10,27.77,27.77,26.46,26.95,24.87,228538000.0
2016-11-11,26.78,27.22,26.64,27.11,25.02,136575600.0
2016-11-14,26.93,26.95,26.02,26.43,24.39,204702000.0
2016-11-15,26.64,26.92,26.54,26.78,24.71,129058000.0
2016-11-16,26.67,27.56,26.65,27.5,25.38,235362000.0
2016-11-17,27.45,27.59,27.21,27.49,25.37,110528000.0
2016-11-18,27.43,27.64,27.42,27.51,25.39,113715600.0
2016-11-21,27.53,28.0,27.5,27.93,25.78,117058400.0
2016-11-22,27.99,28.1,27.85,27.95,25.79,103862000.0
2016-11-23,27.84,27.88,27.58,27.81,25.66,109705600.0
2016-11-25,27.78,27.97,27.74,27.95,25.79,45903600.0
2016-11-28,27.86,28.12,27.85,27.89,25.74,108776000.0
2016-11-29,27.69,28.01,27.52,27.86,25.71,114115200.0
2016-11-30,27.9,28.05,27.57,27.63,25.5,144649200.0
2016-12-01,27.59,27.74,27.26,27.37,25.26,148347600.0
2016-12-02,27.29,27.52,27.21,27.48,25.35,106112000.0
2016-12-05,27.5,27.51,27.06,27.28,25.17,137298000.0
2016-12-06,27.38,27.59,27.3,27.49,25.37,104782000.0
2016-12-07,27.32,27.8,27.29,27.76,25.62,119994800.0
2016-12-08,27.72,28.11,27.65,28.03,25.87,108273200.0
2016-12-09,28.08,28.67,28.08,28.49,26.29,137610400.0
2016-12-12,28.32,28.75,28.12,28.33,26.14,105497600.0
2016-12-13,28.46,28.98,28.44,28.8,26.58,174935200.0
2016-12-14,28.76,29.05,28.75,28.8,26.58,136127200.0
2016-12-15,28.84,29.18,28.81,28.95,26.72,186098000.0
2016-12-16,29.12,29.13,28.91,28.99,26.76,177404400.0
2016-12-19,28.95,29.34,28.94,29.16,26.91,111117600.0
2016-12-20,29.18,29.38,29.17,29.24,26.98,85700000.0
2016-12-21,29.2,29.35,29.19,29.26,27.01,95132800.0
2016-12-22,29.09,29.13,28.91,29.07,26.83,104343600.0
2016-12-23,28.9,29.13,28.9,29.13,26.88,56998000.0
2016-12-27,29.13,29.45,29.12,29.32,27.05,73187600.0
2016-12-28,29.38,29.5,29.05,29.19,26.94,83623600.0
2016-12-29,29.11,29.28,29.1,29.18,26.93,60158000.0
2016-12-30,29.16,29.3,28.86,28.95,26.72,122345200.0
2017-01-03,28.95,29.08,28.69,29.04,26.8,115127600.0
2017-01-04,28.96,29.13,28.94,29.0,26.77,84472400.0
2017-01-05,28.98,29.22,28.95,29.15,26.9,88774400.0
2017-01-06,29.19,29.54,29.12,29.48,27.2,127007600.0
2017-01-09,29.49,29.86,29.49,29.75,27.45,134247600.0
2017-01-10,29.69,29.84,29.58,29.78,27.48,97848400.0
2017-01-11,29.68,29.98,29.65,29.94,27.63,110354400.0
2017-01-12,29.73,29.83,29.55,29.81,27.51,108344800.0
2017-01-13,29.78,29.91,29.7,29.76,27.46,104447600.0
2017-01-17,29.58,30.06,29.56,30.0,27.69,137759200.0
2017-01-18,30.0,30.13,29.93,30.0,27.68,94852000.0
2017-01-19,29.85,30.02,29.84,29.94,27.63,102389200.0
2017-01-20,30.11,30.11,29.93,30.0,27.69,130391600.0
2017-01-23,30.0,30.2,29.94,30.02,27.7,88200800.0
2017-01-24,29.89,30.02,29.88,29.99,27.68,92844000.0
2017-01-25,30.1,30.52,30.07,30.47,28.12,129510400.0
2017-01-26,30.42,30.61,30.4,30.49,28.13,105350400.0
2017-01-27,30.53,30.59,30.4,30.49,28.13,82251600.0
2017-01-30,30.23,30.41,30.17,30.41,28.06,121510000.0
2017-01-31,30.29,30.35,30.16,30.34,28.0,196804000.0
2017-02-01,31.76,32.62,31.75,32.19,29.7,447940000.0
2017-02-02,32.0,32.35,31.94,32.13,29.65,134841600.0
2017-02-03,32.08,32.3,32.04,32.27,29.78,98029200.0
2017-02-06,32.28,32.63,32.22,32.57,30.06,107383600.0
2017-02-07,32.63,33.02,32.61,32.88,30.35,152735200.0
2017-02-08,32.84,33.06,32.81,33.01,30.46,92016400.0
2017-02-09,32.91,33.11,32.78,33.1,30.68,113399600.0
2017-02-10,33.12,33.24,33.01,33.03,30.61,80262000.0
2017-02-13,33.27,33.46,33.19,33.32,30.88,92141600.0
2017-02-14,33.37,33.77,33.31,33.76,31.29,132904800.0
2017-02-15,33.88,34.07,33.65,33.88,31.4,142492400.0
2017-02-16,33.92,33.97,33.71,33.84,31.36,90338400.0
2017-02-17,33.78,33.96,33.78,33.93,31.45,88792800.0
2017-02-21,34.06,34.19,33.99,34.17,31.67,98028800.0
2017-02-22,34.11,34.28,34.03,34.28,31.77,83347600.0
2017-02-23,34.35,34.37,34.08,34.13,31.64,83152800.0
2017-02-24,33.98,34.17,33.82,34.17,31.67,87106400.0
2017-02-27,34.28,34.36,34.07,34.23,31.73,81029600.0
2017-02-28,34.27,34.36,34.17,34.25,31.74,93931600.0
2017-03-01,34.47,35.04,34.4,34.95,32.39,145658400.0
2017-03-02,35.0,35.07,34.69,34.74,32.2,104844000.0
2017-03-03,34.69,34.96,34.65,34.94,32.39,84432400.0
2017-03-06,34.84,34.94,34.65,34.83,32.29,87000000.0
2017-03-07,34.76,34.99,34.7,34.88,32.33,69785200.0
2017-03-08,34.74,34.95,34.71,34.75,32.21,74828800.0
2017-03-09,34.69,34.7,34.26,34.67,32.13,88623600.0
2017-03-10,34.81,34.84,34.66,34.78,32.24,78451200.0
2017-03-13,34.71,34.86,34.71,34.8,32.25,69686800.0
2017-03-14,34.83,34.91,34.71,34.75,32.21,61236400.0
2017-03-15,34.85,35.19,34.76,35.12,32.55,102767200.0
2017-03-16,35.18,35.26,35.06,35.17,32.6,76928000.0
2017-03-17,35.25,35.25,34.97,35.0,32.44,175540000.0
2017-03-20,35.1,35.38,35.06,35.37,32.78,86168000.0
2017-03-21,35.53,35.7,34.93,34.96,32.4,158119600.0
2017-03-22,34.96,35.4,34.94,35.35,32.77,103440800.0
2017-03-23,35.31,35.4,35.15,35.23,32.65,81385200.0
2017-03-24,35.38,35.44,35.09,35.16,32.59,89582400.0
2017-03-27,34.85,35.31,34.65,35.22,32.64,94300400.0
2017-03-28,35.23,36.01,35.15,35.95,33.32,133499200.0
2017-03-29,35.92,36.12,35.8,36.03,33.39,116760000.0
2017-03-30,36.05,36.13,35.88,35.98,33.35,84829200.0
2017-03-31,35.93,36.07,35.75,35.92,33.29,78646800.0
2017-04-03,35.93,36.03,35.76,35.92,33.3,79942800.0
2017-04-04,35.81,36.22,35.79,36.19,33.54,79565600.0
2017-04-05,36.06,36.37,35.95,36.01,33.37,110871600.0
2017-04-06,36.07,36.13,35.86,35.92,33.29,84596000.0
2017-04-07,35.93,36.04,35.82,35.83,33.21,66688800.0
2017-04-10,35.9,35.97,35.72,35.79,33.17,75733600.0
2017-04-11,35.74,35.84,35.01,35.41,32.82,121517600.0
2017-04-12,35.4,35.54,35.25,35.45,32.86,81400000.0
2017-04-13,35.48,35.6,35.26,35.26,32.68,71291600.0
2017-04-17,35.37,35.47,35.22,35.46,32.86,66328400.0
2017-04-18,35.35,35.51,35.28,35.3,32.72,58790000.0
2017-04-19,35.47,35.5,35.11,35.17,32.6,69313600.0
2017-04-20,35.31,35.73,35.29,35.61,33.0,93278400.0
2017-04-21,35.61,35.67,35.46,35.57,32.97,69283600.0
2017-04-24,35.88,35.99,35.79,35.91,33.28,68537200.0
2017-04-25,35.98,36.22,35.97,36.13,33.49,75486000.0
2017-04-26,36.12,36.15,35.85,35.92,33.29,80164800.0
2017-04-27,35.98,36.04,35.83,35.95,33.32,56985200.0
2017-04-28,36.02,36.08,35.82,35.91,33.29,83441600.0
2017-05-01,36.28,36.8,36.24,36.65,33.96,134411600.0
2017-05-02,36.88,37.02,36.71,36.88,34.18,181408800.0
2017-05-03,36.4,36.87,36.07,36.76,34.08,182788000.0
2017-05-04,36.63,36.78,36.45,36.63,33.95,93487600.0
2017-05-05,36.69,37.24,36.69,37.24,34.52,109310800.0
2017-05-08,37.26,38.42,37.26,38.25,35.45,195009600.0
2017-05-09,38.47,38.72,38.36,38.5,35.68,156521600.0
2017-05-10,38.41,38.49,38.03,38.31,35.51,103222800.0
2017-05-11,38.11,38.52,38.08,38.49,35.82,109020400.0
2017-05-12,38.67,39.1,38.67,39.03,36.32,130108000.0
2017-05-15,39.0,39.16,38.76,38.92,36.23,104038800.0
2017-05-16,38.99,39.01,38.68,38.87,36.17,80194000.0
2017-05-17,38.4,38.64,37.43,37.56,34.96,203070800.0
2017-05-18,37.82,38.33,37.78,38.13,35.49,134272800.0
2017-05-19,38.35,38.49,38.16,38.26,35.61,107843200.0
2017-05-22,38.5,38.65,38.23,38.5,35.83,91865600.0
2017-05-23,38.72,38.72,38.33,38.45,35.78,79675600.0
2017-05-24,38.46,38.54,38.17,38.33,35.68,76712000.0
2017-05-25,38.43,38.59,38.26,38.47,35.8,76942400.0
2017-05-26,38.5,38.56,38.33,38.4,35.74,87710400.0
2017-05-30,38.35,38.61,38.33,38.42,35.75,80507600.0
2017-05-31,38.49,38.54,38.1,38.19,35.54,97804800.0
2017-06-01,38.29,38.33,38.06,38.29,35.64,65616400.0
2017-06-02,38.4,38.86,38.22,38.86,36.17,111082800.0
2017-06-05,38.58,38.61,38.37,38.48,35.81,101326800.0
2017-06-06,38.47,38.95,38.44,38.61,35.94,106499600.0
2017-06-07,38.76,38.99,38.62,38.84,36.15,84278400.0
2017-06-08,38.81,38.88,38.6,38.75,36.06,85003200.0
2017-06-09,38.8,38.8,36.51,37.24,34.66,259530800.0
2017-06-12,36.44,36.52,35.63,36.35,33.83,289229200.0
2017-06-13,36.79,36.86,36.29,36.65,34.11,136661600.0
2017-06-14,36.88,36.88,35.96,36.29,33.77,126124800.0
2017-06-15,35.83,36.12,35.55,36.07,33.57,128661600.0
2017-06-16,35.94,36.13,35.55,35.57,33.1,201444400.0
2017-06-19,35.92,36.69,35.92,36.58,34.05,130165600.0
2017-06-20,36.72,36.72,36.24,36.25,33.74,99600400.0
2017-06-21,36.38,36.52,36.15,36.47,33.94,85063200.0
2017-06-22,36.44,36.67,36.28,36.41,33.88,76425200.0
2017-06-23,36.28,36.79,36.28,36.57,34.03,141757600.0
2017-06-26,36.79,37.07,36.35,36.46,33.93,102769600.0
2017-06-27,36.25,36.54,35.9,35.93,33.44,99047600.0
2017-06-28,36.12,36.53,35.79,36.46,33.93,88329600.0
2017-06-29,36.18,36.28,35.57,35.92,33.43,125997600.0
2017-06-30,36.11,36.24,35.94,36.01,33.51,92096400.0
2017-07-03,36.22,36.33,35.78,35.88,33.39,57111200.0
2017-07-05,35.92,36.2,35.68,36.02,33.52,86278400.0
2017-07-06,35.76,35.88,35.6,35.68,33.21,96515200.0
2017-07-07,35.72,36.19,35.72,36.04,33.55,76806800.0
2017-07-10,36.03,36.49,35.84,36.26,33.75,84362400.0
2017-07-11,36.18,36.46,36.1,36.38,33.86,79127200.0
2017-07-12,36.47,36.54,36.21,36.44,33.91,99538000.0
2017-07-13,36.38,37.12,36.36,36.94,34.38,100797600.0
2017-07-14,36.99,37.33,36.83,37.26,34.68,80528400.0
2017-07-17,37.21,37.72,37.14,37.39,34.8,95174000.0
2017-07-18,37.3,37.53,37.17,37.52,34.92,71475200.0
2017-07-19,37.62,37.85,37.49,37.76,35.14,83692000.0
2017-07-20,37.88,37.94,37.55,37.58,34.98,68974800.0
2017-07-21,37.5,37.61,37.22,37.57,34.96,105010400.0
2017-07-24,37.65,38.11,37.47,38.02,35.39,85972800.0
2017-07-25,37.95,38.46,37.95,38.19,35.54,75415600.0
2017-07-26,38.34,38.48,38.26,38.37,35.7,63124000.0
2017-07-27,38.44,38.5,36.83,37.64,35.03,129905200.0
2017-07-28,37.47,37.56,37.3,37.38,34.78,68854800.0
2017-07-31,37.47,37.58,37.03,37.18,34.6,79383600.0
2017-08-01,37.28,37.56,37.1,37.51,34.91,141474400.0
2017-08-02,39.82,39.94,39.04,39.28,36.56,279747200.0
2017-08-03,39.26,39.3,38.76,38.89,36.2,108389200.0
2017-08-04,39.02,39.35,38.92,39.1,36.39,82239600.0
2017-08-07,39.26,39.73,39.17,39.7,36.95,87481200.0
2017-08-08,39.65,40.46,39.57,40.02,37.25,144823600.0
2017-08-09,39.81,40.32,39.78,40.26,37.47,104526000.0
2017-08-10,39.97,40.0,38.66,38.83,36.28,163217200.0
2017-08-11,39.15,39.64,39.02,39.37,36.78,105028400.0
2017-08-14,39.83,40.05,39.69,39.96,37.34,88490800.0
2017-08-15,40.17,40.55,40.03,40.4,37.75,117862000.0
2017-08-16,40.49,40.63,40.04,40.24,37.59,110686400.0
2017-08-17,40.13,40.18,39.46,39.47,36.87,111762400.0
2017-08-18,39.47,39.88,39.18,39.38,36.79,109712400.0
2017-08-21,39.38,39.47,38.78,39.3,36.72,105474000.0
2017-08-22,39.56,40.0,39.51,39.94,37.32,86418400.0
2017-08-23,39.77,40.12,39.72,39.99,37.37,77596400.0
2017-08-24,40.11,40.19,39.64,39.82,37.2,79275600.0
2017-08-25,39.91,40.14,39.82,39.97,37.34,101920400.0
2017-08-28,40.03,40.5,39.98,40.37,37.72,103864000.0
2017-08-29,40.03,40.78,40.0,40.73,38.05,118067600.0
2017-08-30,40.95,40.97,40.65,40.84,38.16,109078400.0
2017-08-31,40.91,41.13,40.87,41.0,38.31,107140400.0
2017-09-01,41.2,41.24,40.91,41.01,38.32,66364400.0
2017-09-05,40.94,41.06,40.14,40.52,37.86,117874000.0
2017-09-06,40.68,40.75,40.13,40.48,37.82,86606800.0
2017-09-07,40.52,40.56,40.09,40.31,37.67,87714000.0
2017-09-08,40.22,40.29,39.63,39.66,37.05,114446000.0
2017-09-11,40.13,40.51,39.97,40.38,37.72,126323200.0
2017-09-12,40.65,40.99,39.69,40.22,37.57,286856000.0
2017-09-13,39.97,39.99,39.48,39.91,37.29,179629600.0
2017-09-14,39.75,39.85,39.52,39.57,36.97,95042800.0
2017-09-15,39.62,40.24,39.5,39.97,37.34,196458400.0
2017-09-18,40.03,40.13,39.5,39.67,37.06,113077600.0
2017-09-19,39.88,39.94,39.61,39.68,37.08,83242400.0
2017-09-20,39.47,39.56,38.46,39.02,36.45,211805600.0
2017-09-21,38.95,38.95,38.19,38.35,35.83,150046800.0
2017-09-22,37.88,38.07,37.64,37.97,35.48,186581600.0
2017-09-25,37.5,37.96,37.29,37.64,35.17,177549200.0
2017-09-26,37.94,38.48,37.92,38.28,35.77,146640000.0
2017-09-27,38.45,38.68,38.38,38.56,36.02,102016800.0
2017-09-28,38.47,38.57,38.17,38.32,35.8,88022000.0
2017-09-29,38.3,38.53,38.0,38.53,36.0,105199200.0
2017-10-02,38.56,38.61,38.18,38.45,35.93,74795200.0
2017-10-03,38.5,38.77,38.48,38.62,36.08,64921200.0
2017-10-04,38.41,38.47,38.12,38.37,35.85,80655200.0
2017-10-05,38.54,38.86,38.51,38.85,36.3,85135200.0
2017-10-06,38.74,38.87,38.64,38.83,36.27,69630400.0
2017-10-09,38.95,39.18,38.87,38.96,36.4,65051600.0
2017-10-10,39.01,39.5,38.78,38.97,36.41,62468000.0
2017-10-11,38.99,39.24,38.94,39.14,36.57,67622400.0
2017-10-12,39.09,39.34,38.93,39.0,36.44,64500400.0
2017-10-13,39.18,39.32,39.1,39.25,36.67,65576800.0
2017-10-16,39.47,40.0,39.41,39.97,37.34,96486000.0
2017-10-17,39.94,40.22,39.81,40.12,37.48,75989200.0
2017-10-18,40.1,40.18,39.9,39.94,37.32,65496800.0
2017-10-19,39.19,39.27,38.76,38.99,36.43,170336800.0
2017-10-20,39.15,39.44,38.99,39.06,36.5,95896400.0
2017-10-23,39.22,39.42,38.88,39.04,36.48,87937200.0
2017-10-24,39.07,39.35,39.05,39.28,36.7,71028800.0
2017-10-25,39.23,39.39,38.82,39.1,36.53,84828400.0
2017-10-26,39.31,39.46,39.19,39.35,36.77,68002000.0
2017-10-27,39.82,40.9,39.67,40.76,38.09,177816800.0
2017-10-30,40.97,42.02,40.93,41.68,38.94,178803200.0
2017-10-31,41.97,42.41,41.74,42.26,39.48,144187200.0
2017-11-01,42.47,42.49,41.4,41.72,38.98,134551200.0
2017-11-02,41.65,42.13,41.32,42.03,39.27,165573600.0
2017-11-03,43.5,43.56,42.78,43.13,40.29,237594400.0
2017-11-06,43.09,43.75,42.93,43.56,40.7,140105200.0
2017-11-07,43.48,43.81,43.4,43.7,40.83,97446000.0
2017-11-08,43.67,44.06,43.58,44.06,41.17,97638000.0
2017-11-09,43.78,44.03,43.28,43.97,41.08,117930400.0
2017-11-10,43.78,43.85,43.57,43.67,40.95,100582000.0
2017-11-13,43.38,43.63,43.35,43.49,40.78,67928400.0
2017-11-14,43.26,43.37,42.79,42.83,40.17,99130000.0
2017-11-15,42.49,42.58,42.1,42.27,39.64,116632400.0
2017-11-16,42.79,42.97,42.58,42.78,40.11,94550000.0
2017-11-17,42.76,42.85,42.41,42.54,39.89,87598000.0
2017-11-20,42.57,42.64,42.39,42.49,39.85,65049600.0
2017-11-21,42.69,43.42,42.69,43.28,40.59,100525200.0
2017-11-22,43.34,43.75,43.26,43.74,41.01,102355600.0
2017-11-24,43.78,43.88,43.66,43.74,41.02,56106800.0
2017-11-27,43.76,43.77,43.33,43.52,40.81,82867200.0
2017-11-28,43.58,43.72,42.97,43.27,40.57,105715200.0
2017-11-29,43.16,43.23,41.79,42.37,39.73,166665600.0
2017-11-30,42.61,43.03,42.11,42.96,40.28,166108800.0
2017-12-01,42.49,42.92,42.13,42.76,40.1,159037200.0
2017-12-04,43.12,43.15,42.41,42.45,39.8,130169600.0
2017-12-05,42.26,42.88,42.1,42.41,39.77,109400800.0
2017-12-06,41.88,42.55,41.62,42.25,39.62,114240000.0
2017-12-07,42.26,42.61,42.23,42.33,39.69,102693200.0
2017-12-08,42.62,42.75,42.21,42.34,39.7,93420800.0
2017-12-11,42.3,43.22,42.2,43.17,40.48,141095200.0
2017-12-12,43.04,43.1,42.87,42.92,40.25,77636800.0
2017-12-13,43.13,43.38,43.0,43.07,40.38,95273600.0
2017-12-14,43.1,43.28,42.91,43.06,40.37,81906000.0
2017-12-15,43.41,43.54,43.12,43.49,40.78,160677200.0
2017-12-18,43.72,44.3,43.72,44.1,41.36,117684400.0
2017-12-19,43.76,43.85,43.52,43.63,40.92,109745600.0
2017-12-20,43.72,43.85,43.31,43.59,40.87,93902400.0
2017-12-21,43.54,44.01,43.53,43.75,41.03,83799600.0
2017-12-22,43.67,43.85,43.63,43.75,41.03,65397600.0
2017-12-26,42.7,42.87,42.42,42.64,39.98,132742000.0
2017-12-27,42.53,42.69,42.43,42.65,39.99,85992800.0
2017-12-28,42.75,42.96,42.62,42.77,40.1,65920800.0
2017-12-29,42.63,42.65,42.31,42.31,39.67,103999600.0
2018-01-02,42.54,43.08,42.31,43.06,40.38,102223600.0
2018-01-03,43.13,43.64,42.99,43.06,40.37,118071600.0
2018-01-04,43.13,43.37,43.02,43.26,40.56,89738400.0
2018-01-05,43.36,43.84,43.26,43.75,41.02,94640000.0
2018-01-08,43.59,43.9,43.48,43.59,40.87,82271200.0
2018-01-09,43.64,43.76,43.35,43.58,40.87,86336000.0
2018-01-10,43.29,43.58,43.25,43.57,40.86,95839600.0
2018-01-11,43.65,43.87,43.62,43.82,41.09,74670800.0
2018-01-12,44.04,44.34,43.91,44.27,41.51,101672400.0
2018-01-16,44.47,44.85,44.03,44.05,41.3,118263600.0
2018-01-17,44.04,44.81,43.77,44.78,41.98,137547200.0
2018-01-18,44.84,45.03,44.56,44.81,42.02,124773600.0
2018-01-19,44.65,44.9,44.35,44.62,41.83,129700400.0
2018-01-22,44.33,44.44,44.15,44.25,41.49,108434400.0
2018-01-23,44.33,44.86,44.21,44.26,41.5,130756400.0
2018-01-24,44.31,44.33,43.3,43.56,40.84,204420400.0
2018-01-25,43.63,43.74,42.63,42.78,40.11,166116000.0
2018-01-26,43.0,43.0,42.51,42.88,40.21,156572000.0
2018-01-29,42.54,42.54,41.77,41.99,39.37,202561600.0
2018-01-30,41.38,41.84,41.17,41.74,39.14,184192800.0
2018-01-31,41.72,42.11,41.63,41.86,39.25,129915600.0
2018-02-01,41.79,42.15,41.69,41.94,39.33,188923200.0
2018-02-02,41.5,41.7,40.03,40.13,37.62,346375200.0
2018-02-05,39.78,40.97,39.0,39.12,36.68,290954000.0
2018-02-06,38.71,40.93,38.5,40.76,38.22,272975200.0
2018-02-07,40.77,40.85,39.77,39.88,37.4,206434400.0
2018-02-08,40.07,40.25,38.76,38.79,36.37,217562000.0
2018-02-09,39.27,39.47,37.56,39.1,36.81,282690400.0
2018-02-12,39.63,40.97,39.38,40.68,38.3,243278000.0
2018-02-13,40.49,41.19,40.41,41.08,38.68,130196800.0
2018-02-14,40.76,41.88,40.72,41.84,39.39,162579600.0
2018-02-15,42.45,43.27,42.25,43.25,40.72,204588800.0
2018-02-16,43.09,43.71,42.94,43.11,40.59,160704400.0
2018-02-20,43.01,43.56,42.85,42.96,40.45,135722000.0
2018-02-21,43.21,43.53,42.75,42.77,40.27,149886400.0
2018-02-22,42.95,43.49,42.93,43.13,40.6,123967600.0
2018-02-23,43.42,43.91,43.38,43.88,41.31,135249600.0
2018-02-26,44.09,44.85,44.05,44.74,42.13,152648800.0
2018-02-27,44.78,45.12,44.54,44.6,41.99,155712400.0
2018-02-28,44.81,45.15,44.51,44.53,41.92,151128400.0
2018-03-01,44.63,44.94,43.17,43.75,41.19,195208000.0
2018-03-02,43.2,44.08,43.11,44.05,41.48,153816000.0
2018-03-05,43.8,44.44,43.63,44.21,41.62,113605600.0
2018-03-06,44.48,44.56,44.03,44.17,41.58,95154000.0
2018-03-07,43.74,43.96,43.57,43.76,41.2,126814000.0
2018-03-08,43.87,44.28,43.77,44.24,41.65,95096400.0
2018-03-09,44.49,45.0,44.35,44.99,42.36,128740800.0
2018-03-12,45.07,45.6,45.05,45.43,42.77,128828400.0
2018-03-13,45.65,45.88,44.81,44.99,42.36,126774000.0
2018-03-14,45.08,45.13,44.45,44.61,42.0,117473600.0
2018-03-15,44.63,45.06,44.52,44.66,42.05,90975200.0
2018-03-16,44.66,44.78,44.4,44.51,41.9,157618800.0
2018-03-19,44.33,44.37,43.42,43.83,41.26,133787200.0
2018-03-20,43.81,44.2,43.74,43.81,41.25,78597600.0
2018-03-21,43.76,43.77,42.81,42.82,40.31,148219600.0
2018-03-22,42.5,43.17,42.15,42.21,39.74,165963200.0
2018-03-23,42.1,42.48,41.24,41.24,38.82,164115200.0
2018-03-26,42.02,43.28,41.61,43.19,40.67,150164800.0
2018-03-27,43.42,43.79,41.73,42.08,39.62,163690400.0
2018-03-28,41.81,42.51,41.3,41.62,39.19,166674000.0
2018-03-29,41.95,42.94,41.72,41.94,39.49,153594000.0
2018-04-02,41.66,42.24,41.12,41.67,39.23,150347200.0
2018-04-03,41.91,42.19,41.22,42.1,39.63,121112000.0
2018-04-04,41.22,43.0,41.19,42.9,40.39,138422000.0
2018-04-05,43.15,43.56,43.02,43.2,40.67,107732800.0
2018-04-06,42.74,43.12,42.05,42.1,39.63,140021200.0
2018-04-09,42.47,43.27,42.46,42.51,40.03,116070800.0
2018-04-10,43.25,43.5,42.88,43.31,40.78,113634400.0
2018-04-11,43.06,43.48,42.92,43.11,40.59,89726400.0
2018-04-12,43.35,43.75,43.26,43.53,40.99,91557200.0
2018-04-13,43.69,43.96,43.46,43.68,41.13,100497200.0
2018-04-16,43.76,44.05,43.71,43.96,41.38,86313600.0
2018-04-17,44.12,44.74,44.1,44.56,41.95,106421600.0
2018-04-18,44.45,44.71,44.22,44.46,41.86,83018000.0
2018-04-19,43.44,43.85,43.17,43.2,40.67,139235200.0
2018-04-20,42.65,42.81,41.36,41.43,39.01,261964400.0
2018-04-23,41.71,41.73,41.02,41.31,38.89,146062000.0
2018-04-24,41.42,41.58,40.31,40.74,38.35,134768000.0
2018-04-25,40.65,41.35,40.6,40.91,38.52,113528400.0
2018-04-26,41.03,41.43,40.84,41.06,38.65,111852000.0
2018-04-27,41.0,41.08,40.16,40.58,38.21,142623200.0
2018-04-30,40.53,41.81,40.46,41.31,38.9,169709600.0
2018-05-01,41.6,42.3,41.32,42.28,39.8,214277600.0
2018-05-02,43.81,44.44,43.45,44.14,41.56,266157600.0
2018-05-03,43.97,44.38,43.61,44.22,41.64,136272800.0
2018-05-04,44.56,46.06,44.54,45.96,43.27,224805200.0
2018-05-07,46.29,46.92,46.19,46.29,43.58,169805600.0
2018-05-08,46.25,46.56,45.92,46.51,43.79,113611200.0
2018-05-09,46.64,46.85,46.31,46.84,44.1,92844800.0
2018-05-10,46.94,47.59,46.91,47.51,44.73,111957200.0
2018-05-11,47.37,47.51,46.86,47.15,44.56,104848800.0
2018-05-14,47.25,47.38,46.97,47.04,44.46,83115200.0
2018-05-15,46.69,46.77,46.28,46.61,44.05,94780800.0
2018-05-16,46.52,47.12,46.5,47.04,44.46,76732400.0
2018-05-17,47.0,47.23,46.59,46.75,44.18,69176000.0
2018-05-18,46.8,46.95,46.53,46.58,44.02,73190800.0
2018-05-21,47.0,47.32,46.73,46.91,44.33,73603200.0
2018-05-22,47.1,47.22,46.69,46.79,44.22,60962800.0
2018-05-23,46.59,47.13,46.44,47.09,44.51,80233600.0
2018-05-24,47.19,47.21,46.55,47.04,44.46,92936000.0
2018-05-25,47.06,47.41,46.91,47.15,44.56,69844000.0
2018-05-29,46.9,47.19,46.72,46.97,44.4,90056400.0
2018-05-30,46.93,47.0,46.69,46.88,44.3,74762000.0
2018-05-31,46.81,47.06,46.53,46.72,44.15,109931200.0
2018-06-01,47.0,47.56,46.94,47.56,44.95,93770000.0
2018-06-04,47.91,48.35,47.84,47.96,45.33,105064800.0
2018-06-05,48.27,48.49,48.09,48.33,45.68,86264000.0
2018-06-06,48.41,48.52,47.98,48.49,45.83,83734400.0
2018-06-07,48.53,48.55,48.08,48.37,45.71,85388800.0
2018-06-08,47.79,48.0,47.44,47.92,45.3,106627200.0
2018-06-11,47.84,47.99,47.55,47.81,45.18,73234000.0
2018-06-12,47.85,48.15,47.79,48.07,45.43,67644400.0
2018-06-13,48.1,48.22,47.61,47.67,45.06,86553600.0
2018-06-14,47.89,47.89,47.56,47.7,45.08,86440400.0
2018-06-15,47.51,47.54,47.06,47.21,44.62,246876800.0
2018-06-18,46.97,47.31,46.8,47.19,44.6,73939600.0
2018-06-19,46.28,46.58,45.86,46.42,43.88,134314000.0
2018-06-20,46.59,46.8,46.43,46.63,44.07,82514800.0
2018-06-21,46.81,47.09,46.24,46.37,43.82,102847600.0
2018-06-22,46.53,46.54,46.17,46.23,43.69,108801600.0
2018-06-25,45.85,46.23,45.18,45.54,43.04,126652400.0
2018-06-26,45.75,46.63,45.63,46.11,43.58,98276800.0
2018-06-27,46.31,46.82,46.01,46.04,43.51,101141200.0
2018-06-28,46.03,46.55,45.95,46.38,43.83,69460800.0
2018-06-29,46.57,46.8,45.73,46.28,43.74,90950800.0
2018-07-02,45.96,46.83,45.85,46.79,44.23,70925200.0
2018-07-03,46.95,46.99,45.88,45.98,43.46,55819200.0
2018-07-05,46.31,46.6,46.07,46.35,43.81,66416800.0
2018-07-06,46.35,47.11,46.3,46.99,44.41,69940800.0
2018-07-09,47.38,47.67,47.33,47.65,45.03,79026400.0
2018-07-10,47.68,47.82,47.54,47.59,44.98,63756400.0
2018-07-11,47.13,47.44,46.9,46.97,44.39,75326000.0
2018-07-12,47.38,47.85,47.33,47.76,45.14,72164400.0
2018-07-13,47.77,47.96,47.72,47.83,45.21,50055600.0
2018-07-16,47.88,48.16,47.6,47.73,45.11,60172400.0
2018-07-17,47.44,47.97,47.3,47.86,45.24,62138000.0
2018-07-18,47.94,47.95,47.48,47.6,44.99,65573600.0
2018-07-19,47.42,48.14,47.42,47.97,45.34,81147200.0
2018-07-20,47.94,48.11,47.54,47.86,45.23,82704800.0
2018-07-23,47.67,47.99,47.39,47.9,45.27,63957600.0
2018-07-24,48.11,48.42,48.01,48.25,45.6,74791600.0
2018-07-25,48.26,48.71,48.11,48.71,46.03,66839600.0
2018-07-26,48.65,48.99,48.4,48.55,45.89,76304000.0
2018-07-27,48.75,48.8,47.53,47.74,45.13,96096000.0
2018-07-30,47.97,48.05,47.27,47.48,44.87,84118000.0
2018-07-31,47.58,48.03,47.33,47.57,44.96,157492000.0
2018-08-01,49.78,50.44,49.33,50.38,47.61,271742800.0
2018-08-02,50.15,52.1,50.09,51.85,49.0,249616000.0
2018-08-03,51.76,52.19,51.37,52.0,49.14,133789600.0
2018-08-06,52.0,52.31,51.77,52.27,49.4,101701600.0
2018-08-07,52.33,52.38,51.69,51.78,48.94,102349600.0
2018-08-08,51.51,51.95,51.13,51.81,48.97,90102000.0
2018-08-09,52.38,52.44,51.8,52.22,49.35,93970400.0
2018-08-10,51.84,52.28,51.67,51.88,49.21,98444800.0
2018-08-13,52.33,52.74,51.92,52.22,49.53,103563600.0
2018-08-14,52.54,52.64,52.06,52.44,49.73,82992000.0
2018-08-15,52.31,52.69,52.08,52.56,49.85,115230400.0
2018-08-16,52.94,53.45,52.87,53.33,50.58,114001600.0
2018-08-17,53.36,54.49,53.29,54.4,51.59,141708000.0
2018-08-20,54.53,54.79,53.78,53.87,51.09,121150800.0
2018-08-21,54.2,54.3,53.51,53.76,50.99,104639200.0
2018-08-22,53.53,54.09,53.46,53.76,50.99,76072400.0
2018-08-23,53.66,54.26,53.65,53.87,51.1,75532800.0
2018-08-24,54.15,54.22,53.78,54.04,51.25,73905600.0
2018-08-27,54.29,54.69,54.08,54.49,51.68,82100400.0
2018-08-28,54.75,55.13,54.73,54.92,52.09,91107200.0
2018-08-29,55.04,55.87,54.85,55.74,52.87,109019200.0
2018-08-30,55.81,57.06,55.6,56.26,53.36,195175200.0
2018-08-31,56.63,57.22,56.5,56.91,53.97,173360400.0
2018-09-04,57.1,57.29,56.66,57.09,54.15,109560400.0
2018-09-05,57.25,57.42,56.28,56.72,53.79,133332000.0
2018-09-06,56.56,56.84,55.33,55.78,52.9,137160000.0
2018-09-07,55.46,56.34,55.18,55.33,52.47,150479200.0
2018-09-10,55.24,55.46,54.12,54.58,51.77,158066000.0
2018-09-11,54.5,56.08,54.14,55.96,53.08,142996000.0
2018-09-12,56.24,56.25,54.96,55.27,52.42,197114800.0
2018-09-13,55.88,57.09,55.64,56.6,53.68,166825600.0
2018-09-14,56.44,56.71,55.63,55.96,53.07,127997200.0
2018-09-17,55.54,55.74,54.32,54.47,51.66,148780400.0
2018-09-18,54.45,55.46,54.28,54.56,51.75,126286800.0
2018-09-19,54.63,54.9,53.83,54.59,51.78,108495200.0
2018-09-20,55.06,55.57,54.79,55.01,52.17,106435200.0
2018-09-21,55.19,55.34,54.32,54.42,51.61,384986800.0
2018-09-24,54.21,55.31,54.16,55.2,52.35,110773600.0
2018-09-25,54.94,55.71,54.92,55.55,52.68,98217600.0
2018-09-26,55.25,55.94,54.94,55.1,52.26,95938800.0
2018-09-27,55.96,56.61,55.88,56.24,53.34,120724800.0
2018-09-28,56.2,56.46,56.01,56.44,53.53,91717600.0
2018-10-01,56.99,57.35,56.59,56.81,53.89,94403200.0
2018-10-02,56.81,57.5,56.66,57.32,54.36,99152800.0
2018-10-03,57.51,58.37,57.44,58.02,55.03,114619200.0
2018-10-04,57.69,58.09,56.68,57.0,54.06,128168000.0
2018-10-05,56.99,57.1,55.15,56.07,53.18,134322000.0
2018-10-08,55.55,56.2,55.05,55.94,53.06,118655600.0
2018-10-09,55.91,56.82,55.56,56.72,53.79,107564000.0
2018-10-10,56.37,56.59,54.01,54.09,51.3,167962400.0
2018-10-11,53.63,54.88,53.08,53.61,50.85,212497600.0
2018-10-12,55.1,55.72,54.21,55.53,52.66,161351600.0
2018-10-15,55.29,55.46,54.32,54.34,51.54,123164000.0
2018-10-16,54.73,55.75,54.19,55.54,52.67,116736000.0
2018-10-17,55.58,55.66,54.83,55.3,52.45,91541600.0
2018-10-18,54.47,54.94,53.25,54.01,51.22,130325200.0
2018-10-19,54.51,55.31,54.36,54.83,52.0,132314800.0
2018-10-22,54.95,55.84,54.74,55.16,52.32,115168400.0
2018-10-23,53.96,55.81,53.67,55.68,52.81,155071200.0
2018-10-24,55.65,56.06,53.63,53.77,51.0,163702000.0
2018-10-25,54.43,55.35,54.19,54.95,52.12,119423200.0
2018-10-26,53.97,55.05,53.17,54.08,51.29,189033600.0
2018-10-29,54.8,54.92,51.52,53.06,50.32,183742000.0
2018-10-30,52.79,53.79,52.32,53.33,50.58,146640000.0
2018-10-31,54.22,55.11,54.15,54.72,51.89,153435600.0
2018-11-01,54.76,55.59,54.2,55.56,52.69,233292800.0
2018-11-02,52.39,53.41,51.36,51.87,49.2,365314800.0
2018-11-05,51.08,51.1,49.54,50.4,47.8,264654800.0
2018-11-06,50.48,51.18,50.42,50.94,48.32,127531600.0
2018-11-07,51.49,52.51,51.03,52.49,49.78,133697600.0
2018-11-08,52.49,52.53,51.69,52.12,49.61,101450400.0
2018-11-09,51.39,51.5,50.56,51.12,48.65,137463200.0
2018-11-12,49.75,49.96,48.45,48.54,46.2,204542000.0
2018-11-13,47.91,49.29,47.86,48.06,45.74,187531600.0
2018-11-14,48.47,48.62,46.48,46.7,44.45,243204000.0
2018-11-15,47.1,47.99,46.72,47.85,45.54,185915200.0
2018-11-16,47.63,48.74,47.37,48.38,46.05,147713200.0
2018-11-19,47.5,47.67,46.25,46.47,44.22,167701200.0
2018-11-20,44.59,45.37,43.88,44.24,42.11,271300800.0
2018-11-21,44.93,45.07,44.14,44.19,42.06,124496800.0
2018-11-23,43.74,44.15,43.03,43.07,40.99,94496000.0
2018-11-26,43.56,43.74,42.56,43.65,41.55,179994000.0
2018-11-27,42.88,43.69,42.72,43.56,41.46,165549600.0
2018-11-28,44.18,45.32,43.73,45.24,43.05,184250000.0
2018-11-29,45.67,45.7,44.42,44.89,42.72,167080000.0
2018-11-30,45.07,45.08,44.26,44.65,42.49,158126000.0
2018-12-03,46.12,46.24,45.3,46.21,43.98,163210000.0
2018-12-04,45.24,45.6,44.07,44.17,42.04,165377200.0
2018-12-06,42.94,43.69,42.6,43.68,41.57,172393600.0
2018-12-07,43.37,43.62,42.08,42.12,40.09,169126400.0
2018-12-10,41.25,42.52,40.83,42.4,40.35,248104000.0
2018-12-11,42.92,42.95,41.75,42.16,40.12,189126800.0
2018-12-12,42.6,42.98,42.26,42.28,40.24,142510800.0
2018-12-13,42.62,43.14,42.39,42.74,40.68,127594400.0
2018-12-14,42.25,42.27,41.32,41.37,39.37,162814800.0
2018-12-17,41.36,42.09,40.68,40.99,39.01,177151600.0
2018-12-18,41.35,41.88,41.1,41.52,39.51,135366000.0
2018-12-19,41.5,41.86,39.77,40.22,38.28,196189200.0
2018-12-20,40.1,40.53,38.83,39.21,37.32,259092000.0
2018-12-21,39.22,39.54,37.41,37.68,35.86,382978400.0
2018-12-24,37.04,37.89,36.65,36.71,34.94,148676800.0
2018-12-26,37.08,39.31,36.68,39.29,37.4,234330000.0
2018-12-27,38.96,39.19,37.52,39.04,37.15,212468400.0
2018-12-28,39.38,39.63,38.64,39.06,37.17,169165600.0
2018-12-31,39.63,39.84,39.12,39.44,37.53,140014000.0
2019-01-02,38.72,39.71,38.56,39.48,37.58,148158800.0
2019-01-03,35.99,36.43,35.5,35.55,33.83,365248800.0
2019-01-04,36.13,37.14,35.95,37.06,35.28,234428400.0
2019-01-07,37.17,37.21,36.47,36.98,35.2,219111200.0
2019-01-08,37.39,37.96,37.13,37.69,35.87,164101200.0
2019-01-09,37.82,38.63,37.41,38.33,36.48,180396400.0
2019-01-10,38.13,38.49,37.72,38.45,36.59,143122800.0
2019-01-11,38.22,38.42,37.88,38.07,36.24,108092800.0
2019-01-14,37.71,37.82,37.31,37.5,35.69,129756800.0
2019-01-15,37.57,38.35,37.51,38.27,36.42,114843600.0
2019-01-16,38.27,38.97,38.25,38.74,36.87,122278800.0
2019-01-17,38.55,39.42,38.31,38.97,37.09,119284800.0
2019-01-18,39.38,39.47,38.99,39.21,37.31,135004000.0
2019-01-22,39.1,39.18,38.15,38.33,36.48,121576000.0
2019-01-23,38.54,38.78,37.92,38.48,36.62,92522400.0
2019-01-24,38.53,38.62,37.94,38.17,36.33,101766000.0
2019-01-25,38.87,39.53,38.58,39.44,37.54,134142000.0
2019-01-28,38.95,39.08,38.42,39.08,37.19,104768400.0
2019-01-29,39.06,39.53,38.53,38.67,36.8,166348800.0
2019-01-30,40.81,41.54,40.06,41.31,39.32,244439200.0
2019-01-31,41.53,42.25,41.14,41.61,39.6,162958400.0
2019-02-01,41.74,42.24,41.48,41.63,39.62,130672400.0
2019-02-04,41.85,42.92,41.82,42.81,40.75,125982000.0
2019-02-05,43.22,43.77,43.09,43.54,41.44,144406400.0
2019-02-06,43.66,43.89,43.21,43.56,41.46,112958400.0
2019-02-07,43.1,43.49,42.58,42.74,40.67,126966800.0
2019-02-08,42.25,42.67,42.1,42.6,40.72,95280000.0
2019-02-11,42.76,42.8,42.31,42.36,40.49,83973600.0
2019-02-12,42.53,42.75,42.42,42.72,40.84,89134000.0
2019-02-13,42.85,43.12,42.48,42.54,40.67,89960800.0
2019-02-14,42.43,42.81,42.35,42.7,40.81,87342800.0
2019-02-15,42.81,42.92,42.44,42.6,40.72,98507200.0
2019-02-19,42.43,42.86,42.37,42.73,40.85,75891200.0
2019-02-20,42.8,43.33,42.75,43.01,41.11,104457600.0
2019-02-21,42.95,43.09,42.58,42.76,40.88,68998800.0
2019-02-22,42.9,43.25,42.85,43.24,41.33,75652800.0
2019-02-25,43.54,43.97,43.49,43.56,41.63,87493600.0
2019-02-26,43.43,43.83,43.29,43.58,41.66,68280800.0
2019-02-27,43.3,43.75,43.18,43.72,41.79,111341600.0
2019-02-28,43.58,43.73,43.23,43.29,41.38,112861600.0
2019-03-01,43.57,43.79,43.22,43.74,41.81,103544800.0
2019-03-04,43.92,44.44,43.49,43.96,42.02,109744800.0
2019-03-05,43.99,44.0,43.63,43.88,41.94,78949600.0
2019-03-06,43.67,43.87,43.49,43.63,41.7,83241600.0
2019-03-07,43.47,43.61,43.01,43.13,41.22,99185600.0
2019-03-08,42.58,43.27,42.38,43.23,41.32,95997600.0
2019-03-11,43.87,44.78,43.84,44.72,42.75,128044000.0
2019-03-12,45.0,45.67,44.84,45.23,43.23,129870400.0
2019-03-13,45.56,45.83,45.23,45.43,43.42,124130000.0
2019-03-14,45.97,46.03,45.64,45.93,43.9,94318000.0
2019-03-15,46.21,46.83,45.94,46.53,44.48,156171600.0
2019-03-18,46.45,47.1,46.45,47.01,44.93,104879200.0
2019-03-19,47.09,47.25,46.48,46.63,44.57,126585600.0
2019-03-20,46.56,47.37,46.18,47.04,44.96,124140800.0
2019-03-21,47.51,49.08,47.45,48.77,46.62,204136800.0
2019-03-22,48.83,49.42,47.69,47.76,45.65,169630800.0
2019-03-25,47.88,47.99,46.65,47.19,45.1,175381200.0
2019-03-26,47.92,48.22,46.15,46.7,44.64,199202000.0
2019-03-27,47.19,47.44,46.64,47.12,45.04,119393600.0
2019-03-28,47.24,47.39,46.88,47.18,45.1,83121600.0
2019-03-29,47.46,47.52,47.13,47.49,45.39,94256000.0
2019-04-01,47.91,47.92,47.1,47.81,45.7,111448000.0
2019-04-02,47.77,48.62,47.76,48.51,46.36,91062800.0
2019-04-03,48.31,49.13,48.29,48.84,46.68,93087200.0
2019-04-04,48.7,49.09,48.28,48.92,46.76,76457200.0
2019-04-05,49.11,49.28,48.98,49.25,47.07,74106400.0
2019-04-08,49.1,50.06,49.08,50.03,47.82,103526800.0
2019-04-09,50.08,50.71,49.81,49.88,47.67,143072800.0
2019-04-10,49.67,50.19,49.54,50.15,47.94,86781200.0
2019-04-11,50.21,50.25,49.61,49.74,47.54,83603200.0
2019-04-12,49.8,50.03,49.05,49.72,47.52,111042800.0
2019-04-15,49.65,49.96,49.5,49.81,47.61,70146400.0
2019-04-16,49.87,50.34,49.64,49.81,47.61,102785600.0
2019-04-17,49.88,50.85,49.65,50.78,48.54,115627200.0
2019-04-18,50.78,51.04,50.63,50.97,48.71,96783200.0
2019-04-22,50.71,51.24,50.58,51.13,48.87,77758000.0
2019-04-23,51.11,51.94,50.97,51.87,49.58,93292000.0
2019-04-24,51.84,52.12,51.76,51.79,49.5,70162400.0
2019-04-25,51.71,51.94,51.28,51.32,49.05,74172800.0
2019-04-26,51.22,51.25,50.53,51.08,48.82,74596400.0
2019-04-29,51.1,51.49,50.97,51.15,48.89,88818800.0
2019-04-30,50.76,50.85,49.78,50.17,47.95,186139600.0
2019-05-01,52.47,53.83,52.31,52.63,50.31,259309200.0
2019-05-02,52.46,53.16,52.03,52.29,49.98,127985200.0
2019-05-03,52.72,52.96,52.56,52.94,50.6,83569600.0
2019-05-06,51.07,52.21,50.88,52.12,49.82,129772400.0
2019-05-07,51.47,51.85,50.21,50.72,48.48,155054800.0
2019-05-08,50.47,51.33,50.44,50.72,48.48,105358000.0
2019-05-09,50.1,50.42,49.17,50.18,47.96,139634400.0
2019-05-10,49.35,49.71,48.19,49.29,47.3,164834800.0
2019-05-13,46.93,47.37,45.71,46.43,44.55,229722400.0
2019-05-14,46.6,47.42,46.35,47.17,45.26,146118800.0
2019-05-15,46.57,47.94,46.51,47.73,45.8,106178800.0
2019-05-16,47.48,48.12,47.21,47.52,45.6,132125600.0
2019-05-17,46.73,47.72,46.69,47.25,45.34,131516400.0
2019-05-20,45.88,46.09,45.07,45.77,43.92,154449200.0
2019-05-21,46.31,47.0,46.17,46.65,44.76,113459200.0
2019-05-22,46.17,46.43,45.64,45.69,43.85,118994400.0
2019-05-23,44.95,45.13,44.45,44.92,43.1,146118800.0
2019-05-24,45.05,45.53,44.65,44.74,42.93,94858800.0
2019-05-28,44.73,45.15,44.48,44.56,42.75,111792800.0
2019-05-29,44.1,44.84,44.0,44.35,42.55,113924800.0
2019-05-30,44.49,44.81,44.17,44.58,42.77,84873600.0
2019-05-31,44.06,44.5,43.75,43.77,42.0,108174400.0
2019-06-03,43.9,44.48,42.57,43.33,41.57,161584400.0
2019-06-04,43.86,44.96,43.63,44.91,43.09,123872000.0
2019-06-05,46.07,46.25,45.28,45.63,43.79,119093600.0
2019-06-06,45.77,46.37,45.54,46.31,44.43,90105200.0
2019-06-07,46.63,47.98,46.44,47.54,45.61,122737600.0
2019-06-10,47.95,48.84,47.9,48.15,46.2,104883600.0
2019-06-11,48.72,49.0,48.4,48.7,46.73,107731600.0
2019-06-12,48.49,48.99,48.35,48.55,46.58,73012800.0
2019-06-13,48.67,49.2,48.4,48.54,46.57,86698400.0
2019-06-14,47.89,48.4,47.58,48.19,46.23,75046000.0
2019-06-17,48.22,48.74,48.04,48.47,46.51,58676400.0
2019-06-18,49.01,50.07,48.8,49.61,47.6,106204000.0
2019-06-19,49.92,49.97,49.33,49.47,47.46,84496800.0
2019-06-20,50.09,50.15,49.51,49.87,47.85,86056000.0
2019-06-21,49.7,50.21,49.54,49.69,47.68,191202400.0
2019-06-24,49.63,50.04,49.54,49.65,47.64,72881600.0
2019-06-25,49.61,49.81,48.82,48.89,46.91,84281200.0
2019-06-26,49.44,50.25,49.34,49.95,47.93,104270000.0
2019-06-27,50.07,50.39,49.89,49.94,47.91,83598800.0
2019-06-28,49.67,49.88,49.26,49.48,47.48,124442400.0
2019-07-01,50.79,51.12,50.16,50.39,48.35,109012000.0
2019-07-02,50.35,50.78,50.34,50.68,48.63,67740800.0
2019-07-03,50.82,51.11,50.67,51.1,49.03,45448000.0
2019-07-05,50.84,51.27,50.72,51.06,48.99,69062000.0
2019-07-08,50.2,50.35,49.6,50.01,47.98,101354400.0
2019-07-09,49.8,50.38,49.7,50.31,48.27,82312000.0
2019-07-10,50.46,50.93,50.39,50.81,48.75,71588400.0
2019-07-11,50.83,51.1,50.43,50.44,48.4,80767200.0
2019-07-12,50.61,51.0,50.55,50.83,48.77,70380800.0
2019-07-15,51.02,51.47,51.0,51.3,49.23,67789600.0
2019-07-16,51.15,51.53,50.88,51.13,49.06,67467200.0
2019-07-17,51.01,51.27,50.82,50.84,48.78,56430000.0
2019-07-18,51.0,51.47,50.92,51.42,49.33,74162400.0
2019-07-19,51.45,51.63,50.59,50.65,48.6,83717200.0
2019-07-22,50.91,51.81,50.9,51.81,49.71,89111600.0
2019-07-23,52.12,52.23,51.82,52.21,50.1,73420800.0
2019-07-24,51.92,52.29,51.79,52.17,50.06,59966400.0
2019-07-25,52.22,52.31,51.68,51.76,49.66,55638400.0
2019-07-26,51.87,52.43,51.78,51.94,49.83,70475600.0
2019-07-29,52.12,52.66,52.11,52.42,50.3,86693600.0
2019-07-30,52.19,52.54,51.83,52.19,50.08,135742800.0
2019-07-31,54.1,55.34,52.83,53.26,51.1,277125600.0
2019-08-01,53.47,54.51,51.69,52.11,50.0,216071600.0
2019-08-02,51.38,51.61,50.41,51.01,48.94,163448400.0
2019-08-05,49.5,49.66,48.15,48.33,46.38,209572000.0
2019-08-06,49.08,49.52,48.51,49.25,47.26,143299200.0
2019-08-07,48.85,49.89,48.46,49.76,47.75,133457600.0
2019-08-08,50.05,50.88,49.85,50.86,48.8,108038000.0
2019-08-09,50.33,50.69,49.82,50.25,48.4,98478800.0
2019-08-12,49.9,50.51,49.79,50.12,48.27,89927600.0
2019-08-13,50.26,53.03,50.12,52.24,50.32,188874000.0
2019-08-14,50.79,51.61,50.65,50.69,48.82,146189600.0
2019-08-15,50.87,51.28,49.92,50.44,48.58,108909600.0
2019-08-16,51.07,51.79,50.96,51.63,49.72,110481600.0
2019-08-19,52.65,53.18,52.51,52.59,50.65,97654400.0
2019-08-20,52.72,53.34,52.58,52.59,50.65,107537200.0
2019-08-21,53.25,53.41,52.9,53.16,51.2,86141600.0
2019-08-22,53.3,53.61,52.69,53.12,51.16,89014800.0
2019-08-23,52.36,53.01,50.25,50.66,48.79,187272000.0
2019-08-26,51.47,51.8,51.26,51.62,49.72,104174400.0
2019-08-27,51.97,52.14,50.88,51.04,49.16,103493200.0
2019-08-28,51.03,51.43,50.83,51.38,49.49,63755200.0
2019-08-29,52.13,52.33,51.67,52.25,50.33,83962000.0
2019-08-30,52.54,52.61,51.8,52.19,50.26,84573600.0
2019-09-03,51.61,51.74,51.06,51.42,49.53,80092000.0
2019-09-04,52.1,52.37,51.83,52.3,50.37,76752400.0
2019-09-05,53.0,53.49,52.88,53.32,51.36,95654800.0
2019-09-06,53.51,53.6,53.13,53.31,51.35,77449200.0
2019-09-09,53.71,54.11,52.77,53.54,51.57,109237600.0
2019-09-10,53.47,54.19,52.93,54.17,52.18,127111600.0
2019-09-11,54.52,55.93,54.43,55.9,53.84,177158400.0
2019-09-12,56.2,56.6,55.72,55.77,53.72,128906800.0
2019-09-13,55.0,55.2,54.26,54.69,52.67,159053200.0
2019-09-16,54.43,55.03,54.39,54.97,52.95,84632400.0
2019-09-17,54.99,55.21,54.78,55.17,53.14,73274800.0
2019-09-18,55.26,55.71,54.86,55.69,53.64,101360000.0
2019-09-19,55.5,55.94,55.09,55.24,53.21,88242400.0
2019-09-20,55.35,55.64,54.37,54.43,52.43,221652400.0
2019-09-23,54.74,54.96,54.41,54.68,52.67,76662000.0
2019-09-24,55.26,55.62,54.3,54.42,52.42,124763200.0
2019-09-25,54.64,55.38,54.28,55.26,53.22,87613600.0
2019-09-26,55.0,55.24,54.71,54.97,52.95,75334000.0
2019-09-27,55.13,55.24,54.32,54.71,52.69,101408000.0
2019-09-30,55.22,56.15,55.2,55.99,53.93,103909600.0
2019-10-01,56.27,57.06,56.05,56.15,54.08,139223200.0
2019-10-02,55.76,55.9,54.48,54.74,52.72,138449200.0
2019-10-03,54.61,55.24,53.78,55.21,53.17,114426000.0
2019-10-04,56.41,56.87,55.97,56.75,54.66,138478800.0
2019-10-07,56.57,57.48,56.46,56.76,54.67,122306000.0
2019-10-08,56.46,57.01,56.08,56.1,54.03,111820000.0
2019-10-09,56.76,56.95,56.41,56.76,54.67,74770400.0
2019-10-10,56.98,57.61,56.83,57.52,55.4,113013600.0
2019-10-11,58.24,59.41,58.08,59.05,56.88,166795600.0
2019-10-14,58.72,59.53,58.67,58.97,56.8,96427600.0
2019-10-15,59.1,59.41,58.72,58.83,56.66,87360000.0
2019-10-16,58.34,58.81,58.3,58.59,56.43,73903200.0
2019-10-17,58.77,59.04,58.38,58.82,56.65,67585200.0
2019-10-18,58.65,59.4,58.57,59.1,56.93,97433600.0
2019-10-21,59.38,60.25,59.33,60.13,57.91,87247200.0
2019-10-22,60.29,60.55,59.9,59.99,57.78,82293600.0
2019-10-23,60.53,60.81,60.31,60.79,58.56,75828800.0
2019-10-24,61.13,61.2,60.45,60.9,58.65,69275200.0
2019-10-25,60.79,61.68,60.72,61.65,59.37,73477200.0
2019-10-28,61.85,62.31,61.68,62.26,59.97,96572800.0
2019-10-29,62.24,62.44,60.64,60.82,58.58,142839600.0
2019-10-30,61.19,61.33,60.3,60.81,58.57,124522000.0
2019-10-31,61.81,62.29,59.31,62.19,59.9,139162000.0
2019-11-01,62.38,63.98,62.29,63.96,61.6,151125200.0
2019-11-04,64.33,64.46,63.85,64.38,62.0,103272000.0
2019-11-05,64.26,64.55,64.08,64.28,61.91,79897600.0
2019-11-06,64.19,64.37,63.84,64.31,61.94,75864400.0
2019-11-07,64.68,65.09,64.53,64.86,62.66,94940400.0
2019-11-08,64.67,65.11,64.21,65.04,62.83,69986400.0
2019-11-11,64.57,65.62,64.57,65.55,63.32,81821200.0
2019-11-12,65.39,65.7,65.23,65.49,63.27,87388800.0
2019-11-13,65.28,66.19,65.27,66.12,63.87,102734400.0
2019-11-14,65.94,66.22,65.53,65.66,63.43,89182800.0
2019-11-15,65.92,66.44,65.75,66.44,64.18,100206400.0
2019-11-18,66.45,66.86,66.06,66.78,64.51,86703200.0
2019-11-19,66.97,67.0,66.35,66.57,64.31,76167200.0
2019-11-20,66.39,66.52,65.1,65.8,63.56,106234400.0
2019-11-21,65.92,66.0,65.29,65.5,63.28,121395200.0
2019-11-22,65.65,65.79,65.21,65.44,63.22,65325200.0
2019-11-25,65.68,66.61,65.63,66.59,64.33,84020400.0
2019-11-26,66.74,66.79,65.63,66.07,63.83,105207600.0
2019-11-27,66.39,67.0,66.33,66.96,64.69,65235600.0
2019-11-29,66.65,67.0,66.47,66.81,64.54,46617600.0
2019-12-02,66.82,67.06,65.86,66.04,63.8,94487200.0
2019-12-03,64.58,64.88,64.07,64.86,62.66,114430400.0
2019-12-04,65.27,65.83,65.17,65.43,63.21,67181600.0
2019-12-05,65.95,66.47,65.68,66.39,64.14,74424400.0
2019-12-06,66.87,67.75,66.82,67.68,65.38,106075600.0
2019-12-09,67.5,67.7,66.23,66.73,64.46,128042400.0
2019-12-10,67.15,67.52,66.46,67.12,64.84,90420400.0
2019-12-11,67.2,67.78,67.13,67.69,65.39,78756800.0
2019-12-12,66.94,68.14,66.83,67.86,65.56,137310400.0
2019-12-13,67.86,68.82,67.73,68.79,66.45,133587600.0
2019-12-16,69.25,70.2,69.25,69.96,67.59,128186000.0
2019-12-17,69.89,70.44,69.7,70.1,67.72,114158400.0
2019-12-18,69.95,70.47,69.78,69.93,67.56,116028400.0
2019-12-19,69.88,70.29,69.74,70.0,67.63,98369200.0
2019-12-20,70.56,70.66,69.64,69.86,67.49,275978000.0
2019-12-23,70.13,71.06,70.09,71.0,68.59,98572000.0
2019-12-24,71.17,71.22,70.73,71.07,68.65,48478800.0
2019-12-26,71.21,72.5,71.18,72.48,70.02,93121200.0
2019-12-27,72.78,73.49,72.03,72.45,69.99,146266000.0
2019-12-30,72.36,73.17,71.31,72.88,70.41,144114400.0
2019-12-31,72.48,73.42,72.38,73.41,70.92,100805600.0
2020-01-02,74.06,75.15,73.8,75.09,72.54,135480400.0
2020-01-03,74.29,75.14,74.13,74.36,71.83,146322800.0
2020-01-06,73.45,74.99,73.19,74.95,72.41,118387200.0
2020-01-07,74.96,75.22,74.37,74.6,72.07,108872000.0
2020-01-08,74.29,76.11,74.29,75.8,73.22,132079200.0
2020-01-09,76.81,77.61,76.55,77.41,74.78,170108400.0
2020-01-10,77.65,78.17,77.06,77.58,74.95,140644800.0
2020-01-13,77.91,79.27,77.79,79.24,76.55,121532000.0
2020-01-14,79.18,79.39,78.04,78.17,75.52,161954400.0
2020-01-15,77.96,78.88,77.39,77.83,75.19,121923600.0
2020-01-16,78.4,78.93,78.02,78.81,76.13,108829200.0
2020-01-17,79.07,79.68,78.75,79.68,76.98,137816400.0
2020-01-21,79.3,79.75,79.0,79.14,76.46,110843200.0
2020-01-22,79.64,80.0,79.33,79.43,76.73,101832400.0
2020-01-23,79.48,79.89,78.91,79.81,77.1,104472000.0
2020-01-24,80.06,80.83,79.38,79.58,76.88,146537600.0
2020-01-27,77.51,77.94,76.22,77.24,74.62,161940000.0
2020-01-28,78.15,79.6,78.05,79.42,76.73,162234000.0
2020-01-29,81.11,81.96,80.35,81.08,78.33,216229200.0
2020-01-30,80.14,81.02,79.69,80.97,78.22,126743200.0
2020-01-31,80.23,80.67,77.07,77.38,74.75,199588400.0
2020-02-03,76.07,78.37,75.56,77.17,74.55,173788400.0
2020-02-04,78.83,79.91,78.41,79.71,77.01,136616400.0
2020-02-05,80.88,81.19,79.74,80.36,77.63,118826800.0
2020-02-06,80.64,81.31,80.07,81.3,78.54,105425600.0
2020-02-07,80.59,80.85,79.5,80.01,77.47,117684000.0
2020-02-10,78.54,80.39,78.46,80.39,77.84,109348800.0
2020-02-11,80.9,80.97,79.68,79.9,77.37,94323200.0
2020-02-12,80.37,81.81,80.37,81.8,79.21,113730400.0
2020-02-13,81.05,81.56,80.84,81.22,78.65,94747600.0
2020-02-14,81.18,81.5,80.71,81.24,78.67,80113600.0
2020-02-18,78.84,79.94,78.65,79.75,77.23,152531200.0
2020-02-19,80.0,81.14,80.0,80.9,78.34,93984000.0
2020-02-20,80.66,81.16,79.55,80.07,77.54,100566000.0
2020-02-21,79.65,80.11,77.63,78.26,75.79,129554000.0
2020-02-24,74.32,76.04,72.31,74.54,72.19,222195200.0
2020-02-25,75.24,75.63,71.53,72.02,69.74,230673600.0
2020-02-26,71.63,74.47,71.63,73.16,70.85,198054800.0
2020-02-27,70.28,71.5,68.24,68.38,66.22,320605600.0
2020-02-28,64.32,69.6,64.09,68.34,66.18,426510000.0
2020-03-02,70.57,75.36,69.43,74.7,72.34,341397200.0
2020-03-03,75.92,76.0,71.45,72.33,70.04,319475600.0
2020-03-04,74.11,75.85,73.28,75.68,73.29,219178400.0
2020-03-05,73.88,74.89,72.85,73.23,70.91,187572800.0
2020-03-06,70.5,72.71,70.31,72.26,69.97,226176800.0
2020-03-09,65.94,69.52,65.75,66.54,64.44,286744800.0
2020-03-10,69.29,71.61,67.34,71.33,69.08,285290000.0
2020-03-11,69.35,70.31,67.96,68.86,66.68,255598800.0
2020-03-12,63.99,67.5,62.0,62.06,60.09,418474000.0
2020-03-13,66.22,69.98,63.24,69.49,67.29,370732000.0
2020-03-16,60.49,64.77,60.0,60.55,58.64,322423600.0
2020-03-17,61.88,64.4,59.6,63.22,61.21,324056000.0
2020-03-18,59.94,62.5,59.28,61.67,59.72,300233600.0
2020-03-19,61.85,63.21,60.65,61.19,59.26,271857200.0
2020-03-20,61.79,62.96,57.0,57.31,55.5,401693200.0
2020-03-23,57.02,57.13,53.15,56.09,54.32,336752800.0
2020-03-24,59.09,61.92,58.58,61.72,59.77,287531200.0
2020-03-25,62.69,64.56,61.08,61.38,59.44,303602000.0
2020-03-26,61.63,64.67,61.59,64.61,62.56,252087200.0
2020-03-27,63.19,63.97,61.76,61.94,59.97,204216800.0
2020-03-30,62.69,63.88,62.35,63.7,61.69,167976400.0
2020-03-31,63.9,65.62,63.0,63.57,61.56,197002000.0
2020-04-01,61.63,62.18,59.78,60.23,58.32,176218400.0
2020-04-02,60.08,61.29,59.22,61.23,59.29,165934000.0
2020-04-03,60.7,61.42,59.74,60.35,58.44,129880000.0
2020-04-06,62.72,65.78,62.35,65.62,63.54,201820400.0
2020-04-07,67.7,67.93,64.75,64.86,62.8,202887200.0
2020-04-08,65.68,66.84,65.31,66.52,64.41,168895200.0
2020-04-09,67.18,67.52,66.18,67.0,64.88,161834800.0
2020-04-13,67.08,68.43,66.46,68.31,66.15,131022800.0
2020-04-14,70.0,72.06,69.51,71.76,69.49,194994800.0
2020-04-15,70.6,71.58,70.16,71.11,68.86,131154400.0
2020-04-16,71.85,72.05,70.59,71.67,69.4,157125200.0
2020-04-17,71.17,71.74,69.21,70.7,68.46,215250000.0
2020-04-20,69.49,70.42,69.21,69.23,67.04,130015200.0
2020-04-21,69.07,69.31,66.36,67.09,64.97,180991600.0
2020-04-22,68.4,69.47,68.05,69.03,66.84,116862400.0
2020-04-23,68.97,70.44,68.72,68.76,66.58,124814400.0
2020-04-24,69.3,70.75,69.25,70.74,68.5,126161200.0
2020-04-27,70.45,71.14,69.99,70.79,68.55,117087600.0
2020-04-28,71.27,71.46,69.55,69.64,67.44,112004800.0
2020-04-29,71.18,72.42,70.97,71.93,69.66,137280800.0
2020-04-30,72.49,73.63,72.09,73.45,71.13,183064000.0
2020-05-01,71.56,74.75,71.46,72.27,69.98,240616800.0
2020-05-04,72.29,73.42,71.58,73.29,70.97,133568000.0
2020-05-05,73.76,75.25,73.61,74.39,72.04,147751200.0
2020-05-06,75.11,75.81,74.72,75.16,72.78,142333600.0
2020-05-07,75.81,76.29,75.49,75.93,73.53,115215200.0
2020-05-08,76.41,77.59,76.07,77.53,75.28,133838400.0
2020-05-11,77.03,79.26,76.81,78.75,76.47,145946400.0
2020-05-12,79.46,79.92,77.73,77.85,75.59,162301200.0
2020-05-13,78.04,78.99,75.8,76.91,74.68,200622400.0
2020-05-14,76.13,77.45,75.38,77.39,75.14,158929200.0
2020-05-15,75.09,76.97,75.05,76.93,74.69,166348400.0
2020-05-18,78.29,79.13,77.58,78.74,76.45,135178400.0
2020-05-19,78.76,79.63,78.25,78.29,76.01,101729600.0
2020-05-20,79.17,79.88,79.13,79.81,77.49,111504800.0
2020-05-21,79.67,80.22,78.97,79.21,76.91,102688800.0
2020-05-22,78.94,79.81,78.84,79.72,77.41,81803200.0
2020-05-26,80.88,81.06,79.13,79.18,76.88,125522000.0
2020-05-27,79.04,79.68,78.27,79.53,77.22,112945200.0
2020-05-28,79.19,80.86,78.91,79.56,77.25,133560800.0
2020-05-29,79.81,80.29,79.12,79.49,77.18,153532400.0
2020-06-01,79.44,80.59,79.3,80.46,78.13,80791200.0
2020-06-02,80.19,80.86,79.73,80.83,78.49,87642800.0
2020-06-03,81.17,81.55,80.57,81.28,78.92,104491200.0
2020-06-04,81.1,81.4,80.19,80.58,78.24,87560400.0
2020-06-05,80.84,82.94,80.81,82.88,80.47,137250400.0
2020-06-08,82.56,83.4,81.83,83.36,80.94,95654400.0
2020-06-09,83.04,86.4,83.0,86.0,83.5,147712400.0
2020-06-10,86.97,88.69,86.52,88.21,85.65,166651600.0
2020-06-11,87.33,87.76,83.87,83.97,81.54,201662400.0
2020-06-12,86.18,86.95,83.56,84.7,82.24,200146000.0
2020-06-15,83.31,86.42,83.14,85.75,83.26,138808800.0
2020-06-16,87.86,88.3,86.18,88.02,85.46,165428800.0
2020-06-17,88.79,88.85,87.77,87.9,85.35,114406400.0
2020-06-18,87.85,88.36,87.31,87.93,85.38,96820400.0
2020-06-19,88.66,89.14,86.29,87.43,84.89,264476000.0
2020-06-22,87.83,89.86,87.79,89.72,87.11,135445200.0
2020-06-23,91.0,93.1,90.57,91.63,88.97,212155600.0
2020-06-24,91.25,92.2,89.63,90.01,87.4,192623200.0
2020-06-25,90.18,91.25,89.39,91.21,88.56,137522400.0
2020-06-26,91.1,91.33,88.25,88.41,85.84,205256800.0
2020-06-29,88.31,90.54,87.82,90.44,87.82,130646000.0
2020-06-30,90.02,91.5,90.0,91.2,88.55,140223200.0
2020-07-01,91.28,91.84,90.98,91.03,88.38,110737200.0
2020-07-02,91.96,92.62,90.91,91.03,88.38,114041600.0
2020-07-06,92.5,93.94,92.47,93.46,90.75,118655600.0
2020-07-07,93.85,94.65,93.06,93.17,90.47,112424400.0
2020-07-08,94.18,95.38,94.09,95.34,92.57,117092000.0
2020-07-09,96.26,96.32,94.67,95.75,92.97,125642800.0
2020-07-10,95.33,95.98,94.71,95.92,93.14,90257200.0
2020-07-13,97.26,99.96,95.26,95.48,92.71,191649200.0
2020-07-14,94.84,97.25,93.88,97.06,94.24,170989200.0
2020-07-15,98.99,99.25,96.49,97.72,94.89,153198000.0
2020-07-16,96.56,97.4,95.9,96.52,93.72,110577600.0
2020-07-17,96.99,97.15,95.84,96.33,93.53,92186800.0
2020-07-20,96.42,98.5,96.06,98.36,95.5,90318000.0
2020-07-21,99.17,99.25,96.74,97.0,94.18,103433200.0
2020-07-22,96.69,97.97,96.6,97.27,94.45,89001600.0
2020-07-23,97.0,97.08,92.01,92.85,90.15,197004400.0
2020-07-24,90.99,92.97,89.14,92.61,89.93,185438800.0
2020-07-27,93.71,94.9,93.48,94.81,92.06,121214000.0
2020-07-28,94.37,94.55,93.25,93.25,90.55,103625600.0
2020-07-29,93.75,95.23,93.71,95.04,92.28,90329200.0
2020-07-30,94.19,96.3,93.77,96.19,93.4,158130000.0
2020-07-31,102.89,106.42,100.82,106.26,103.17,374336800.0
2020-08-03,108.2,111.64,107.89,108.94,105.77,308151200.0
2020-08-04,109.13,110.79,108.39,109.67,106.48,173071600.0
2020-08-05,109.38,110.39,108.9,110.06,106.87,121776800.0
2020-08-06,110.4,114.41,109.8,113.9,110.6,202428800.0
2020-08-07,113.21,113.68,110.29,111.11,108.08,198045600.0
2020-08-10,112.6,113.78,110.0,112.73,109.65,212403600.0
2020-08-11,111.97,112.48,109.11,109.38,106.39,187902400.0
2020-08-12,110.5,113.28,110.3,113.01,109.93,165598000.0
2020-08-13,114.43,116.04,113.93,115.01,111.87,210082000.0
2020-08-14,114.83,115.0,113.04,114.91,111.77,165565200.0
2020-08-17,116.06,116.09,113.96,114.61,111.48,119561600.0
2020-08-18,114.35,116.0,114.01,115.56,112.41,105633600.0
2020-08-19,115.98,117.16,115.61,115.71,112.55,145538000.0
2020-08-20,115.75,118.39,115.73,118.28,115.05,126907200.0
2020-08-21,119.26,124.87,119.25,124.37,120.98,338054800.0
2020-08-24,128.7,128.79,123.94,125.86,122.42,345937600.0
2020-08-25,124.7,125.18,123.05,124.82,121.42,211495600.0
2020-08-26,126.18,126.99,125.08,126.52,123.07,163022400.0
2020-08-27,127.14,127.49,123.83,125.01,121.6,155552400.0
2020-08-28,126.01,126.44,124.58,124.81,121.4,187630000.0
2020-08-31,127.58,131.0,126.0,129.04,125.52,225702700.0
2020-09-01,132.76,134.8,130.53,134.18,130.52,151948100.0
2020-09-02,137.59,137.98,127.0,131.4,127.82,200119000.0
2020-09-03,126.91,128.84,120.5,120.88,117.58,257599600.0
2020-09-04,120.07,123.7,110.89,120.96,117.66,332607200.0
2020-09-08,113.95,118.99,112.68,112.82,109.74,231366600.0
2020-09-09,117.26,119.14,115.26,117.32,114.12,176940500.0
2020-09-10,120.36,120.5,112.5,113.49,110.39,182274400.0
2020-09-11,114.57,115.23,110.0,112.0,108.94,180860300.0
2020-09-14,114.72,115.93,112.8,115.36,112.21,140150100.0
2020-09-15,118.33,118.83,113.61,115.54,112.39,184642000.0
2020-09-16,115.23,116.0,112.04,112.13,109.07,154679000.0
2020-09-17,109.72,112.2,108.71,110.34,107.33,178011000.0
2020-09-18,110.4,110.88,106.09,106.84,103.93,287104900.0
2020-09-21,104.54,110.19,103.1,110.08,107.08,195713800.0
2020-09-22,112.68,112.86,109.16,111.81,108.76,183055400.0
2020-09-23,111.62,112.11,106.77,107.12,104.2,150718700.0
2020-09-24,105.17,110.25,105.0,108.22,105.27,167743300.0
2020-09-25,108.43,112.44,107.67,112.28,109.22,149981400.0
2020-09-28,115.01,115.32,112.78,114.96,111.82,137672400.0
2020-09-29,114.55,115.31,113.57,114.09,110.98,99382200.0
2020-09-30,113.79,117.26,113.62,115.81,112.65,142675200.0
2020-10-01,117.64,117.72,115.83,116.79,113.6,116120400.0
2020-10-02,112.89,115.37,112.22,113.02,109.94,144712000.0
2020-10-05,113.91,116.65,113.55,116.5,113.32,106243800.0
2020-10-06,115.7,116.12,112.25,113.16,110.07,161498200.0
2020-10-07,114.62,115.55,114.13,115.08,111.94,96849000.0
2020-10-08,116.25,116.4,114.59,114.97,111.83,83477200.0
2020-10-09,115.28,117.0,114.92,116.97,113.78,100506900.0
2020-10-12,120.06,125.18,119.28,124.4,121.01,240226800.0
2020-10-13,125.27,125.39,119.65,121.1,117.8,262330500.0
2020-10-14,121.0,123.03,119.62,121.19,117.88,150712000.0
2020-10-15,118.72,121.2,118.15,120.71,117.42,112559200.0
2020-10-16,121.28,121.55,118.81,119.02,115.77,115393800.0
2020-10-19,119.96,120.42,115.66,115.98,112.82,120639300.0
2020-10-20,116.2,118.98,115.63,117.51,114.3,124423700.0
2020-10-21,116.67,118.71,116.45,116.87,113.68,89946000.0
2020-10-22,117.45,118.04,114.59,115.75,112.59,101988000.0
2020-10-23,116.39,116.55,114.28,115.04,111.9,82572600.0
2020-10-26,114.01,116.55,112.88,115.05,111.91,111850700.0
2020-10-27,115.49,117.28,114.54,116.6,113.42,92276800.0
2020-10-28,115.05,115.43,111.1,111.2,108.17,143937800.0
2020-10-29,112.37,116.93,112.2,115.32,112.17,146129200.0
2020-10-30,111.06,111.99,107.72,108.86,105.89,190272600.0
2020-11-02,109.11,110.68,107.32,108.77,105.8,122866900.0
2020-11-03,109.66,111.49,108.73,110.44,107.43,107624400.0
2020-11-04,114.14,115.59,112.35,114.95,111.81,138235500.0
2020-11-05,117.95,119.62,116.87,119.03,115.78,126387100.0
2020-11-06,118.32,119.2,116.13,118.69,115.65,114457900.0
2020-11-09,120.5,121.99,116.05,116.32,113.34,154515300.0
2020-11-10,115.55,117.59,114.13,115.97,113.0,138023400.0
2020-11-11,117.19,119.63,116.44,119.49,116.43,112295000.0
2020-11-12,119.62,120.53,118.57,119.21,116.16,103162300.0
2020-11-13,119.44,119.67,117.87,119.26,116.21,81581900.0
2020-11-16,118.92,120.99,118.15,120.3,117.22,91183000.0
2020-11-17,119.55,120.67,118.96,119.39,116.33,74271000.0
2020-11-18,118.61,119.82,118.0,118.03,115.01,76322100.0
2020-11-19,117.59,119.06,116.81,118.64,115.6,74113000.0
2020-11-20,118.64,118.77,117.29,117.34,114.34,73604300.0
2020-11-23,117.18,117.62,113.75,113.85,110.93,127959300.0
2020-11-24,113.91,115.85,112.59,115.17,112.22,113874200.0
2020-11-25,115.55,116.75,115.17,116.03,113.06,76499200.0
2020-11-27,116.57,117.49,116.22,116.59,113.6,46691300.0
2020-11-30,116.97,120.97,116.81,119.05,116.0,169410200.0
2020-12-01,121.01,123.47,120.01,122.72,119.58,127728200.0
2020-12-02,122.02,123.37,120.89,123.08,119.93,89004200.0
2020-12-03,123.52,123.78,122.21,122.94,119.79,78967600.0
2020-12-04,122.6,122.86,121.52,122.25,119.12,78260400.0
2020-12-07,122.31,124.57,122.25,123.75,120.58,86712000.0
2020-12-08,124.37,124.98,123.09,124.38,121.2,82225500.0
2020-12-09,124.53,125.95,121.0,121.78,118.66,115089200.0
2020-12-10,120.5,123.87,120.15,123.24,120.08,81312200.0
2020-12-11,122.43,122.76,120.55,122.41,119.28,86939800.0
2020-12-14,122.6,123.35,121.54,121.78,118.66,79184500.0
2020-12-15,124.34,127.9,124.13,127.88,124.61,157243700.0
2020-12-16,127.41,128.37,126.56,127.81,124.54,98208600.0
2020-12-17,128.9,129.58,128.04,128.7,125.4,94359800.0
2020-12-18,128.96,129.1,126.12,126.66,123.42,192541500.0
2020-12-21,125.02,128.31,123.45,128.23,124.95,121251600.0
2020-12-22,131.61,134.41,129.65,131.88,128.5,168904800.0
2020-12-23,132.16,132.43,130.78,130.96,127.61,88223700.0
2020-12-24,131.32,133.46,131.1,131.97,128.59,54930100.0
2020-12-28,133.99,137.34,133.51,136.69,133.19,124486200.0
2020-12-29,138.05,138.79,134.34,134.87,131.42,121047300.0
2020-12-30,135.58,135.99,133.4,133.72,130.3,96452100.0
2020-12-31,134.08,134.74,131.72,132.69,129.29,99116600.0
2021-01-04,133.52,133.61,126.76,129.41,126.1,143301900.0
2021-01-05,128.89,131.74,128.43,131.01,127.66,97664900.0
2021-01-06,127.72,131.05,126.38,126.6,123.36,155088000.0
2021-01-07,128.36,131.63,127.86,130.92,127.57,109578200.0
2021-01-08,132.43,132.63,130.23,132.05,128.67,105158200.0
2021-01-11,129.19,130.17,128.5,128.98,125.68,100384500.0
2021-01-12,128.5,129.69,126.86,128.8,125.5,91951100.0
2021-01-13,128.76,131.45,128.49,130.89,127.54,88636800.0
2021-01-14,130.8,131.0,128.76,128.91,125.61,90221800.0
2021-01-15,128.78,130.22,127.0,127.14,123.88,111598500.0
2021-01-19,127.78,128.71,126.94,127.83,124.56,90757300.0
2021-01-20,128.66,132.49,128.55,132.03,128.65,104319500.0
2021-01-21,133.8,139.67,133.59,136.87,133.37,120150900.0
2021-01-22,136.28,139.85,135.02,139.07,135.51,114459400.0
2021-01-25,143.07,145.09,136.54,142.92,139.26,157611700.0
2021-01-26,143.6,144.3,141.37,143.16,139.49,98390600.0
2021-01-27,143.43,144.3,140.41,142.06,138.42,140843800.0
2021-01-28,139.52,141.99,136.7,137.09,133.58,142621100.0
2021-01-29,135.83,136.74,130.21,131.96,128.58,177523800.0
2021-02-01,133.75,135.38,130.93,134.14,130.71,106239800.0
2021-02-02,135.73,136.31,134.61,134.99,131.53,83305400.0
2021-02-03,135.76,135.77,133.61,133.94,130.51,89880900.0
2021-02-04,136.3,137.4,134.59,137.39,133.87,84183100.0
2021-02-05,137.35,137.42,135.86,136.76,133.46,75693800.0
2021-02-08,136.03,136.96,134.92,136.91,133.6,71297200.0
2021-02-09,136.62,137.88,135.85,136.01,132.73,76774200.0
2021-02-10,136.48,136.99,134.4,135.39,132.12,73046600.0
2021-02-11,135.9,136.39,133.77,135.13,131.87,64280000.0
2021-02-12,134.35,135.53,133.69,135.37,132.1,60145100.0
2021-02-16,135.49,136.01,132.79,133.19,129.97,80576300.0
2021-02-17,131.25,132.22,129.47,130.84,127.68,97918500.0
2021-02-18,129.2,130.0,127.41,129.71,126.58,96856700.0
2021-02-19,130.24,130.71,128.8,129.87,126.73,87668800.0
2021-02-22,128.01,129.72,125.6,126.0,122.96,103916400.0
2021-02-23,123.76,126.71,118.39,125.86,122.82,158273000.0
2021-02-24,124.94,125.56,122.23,125.35,122.32,111039900.0
2021-02-25,124.68,126.46,120.54,120.99,118.07,148199500.0
2021-02-26,122.59,124.85,121.2,121.26,118.33,164560400.0
2021-03-01,123.75,127.93,122.79,127.79,124.7,116307900.0
2021-03-02,128.41,128.72,125.01,125.12,122.1,102260900.0
2021-03-03,124.81,125.71,121.84,122.06,119.11,112966300.0
2021-03-04,121.75,123.6,118.62,120.13,117.23,178155000.0
2021-03-05,120.98,121.94,117.57,121.42,118.49,153766600.0
2021-03-08,120.93,121.0,116.21,116.36,113.55,154376600.0
2021-03-09,119.03,122.06,118.79,121.09,118.17,129525800.0
2021-03-10,121.69,122.17,119.45,119.98,117.08,111943300.0
2021-03-11,122.54,123.21,121.26,121.96,119.01,103026500.0
2021-03-12,120.4,121.17,119.16,121.03,118.11,88105100.0
2021-03-15,121.41,124.0,120.42,123.99,121.0,92403800.0
2021-03-16,125.7,127.22,124.72,125.57,122.54,115227900.0
2021-03-17,124.05,125.86,122.34,124.76,121.75,111932600.0
2021-03-18,122.88,123.18,120.32,120.53,117.62,121229700.0
2021-03-19,119.9,121.43,119.68,119.99,117.09,185549500.0
2021-03-22,120.33,123.87,120.26,123.39,120.41,111912300.0
2021-03-23,123.33,124.24,122.14,122.54,119.58,95467100.0
2021-03-24,122.82,122.9,120.07,120.09,117.19,88530500.0
2021-03-25,119.54,121.66,119.0,120.59,117.68,98844700.0
2021-03-26,120.35,121.48,118.92,121.21,118.28,94071200.0
2021-03-29,121.65,122.58,120.73,121.39,118.46,80819200.0
2021-03-30,120.11,120.4,118.86,119.9,117.0,85671900.0
2021-03-31,121.65,123.52,121.15,122.15,119.2,118323800.0
2021-04-01,123.66,124.18,122.49,123.0,120.03,75089100.0
2021-04-05,123.87,126.16,123.07,125.9,122.86,88651200.0
2021-04-06,126.5,127.13,125.65,126.21,123.16,80171300.0
2021-04-07,125.83,127.92,125.14,127.9,124.81,83466700.0
2021-04-08,128.95,130.39,128.52,130.36,127.21,88844600.0
2021-04-09,129.8,133.04,129.47,133.0,129.79,106686700.0
2021-04-12,132.52,132.85,130.63,131.24,128.07,91420000.0
2021-04-13,132.44,134.66,131.93,134.43,131.18,91266500.0
2021-04-14,134.94,135.0,131.66,132.03,128.84,87222800.0
2021-04-15,133.82,135.0,133.64,134.5,131.25,89347100.0
2021-04-16,134.3,134.67,133.28,134.16,130.92,84922400.0
2021-04-19,133.51,135.47,133.34,134.84,131.58,94264200.0
2021-04-20,135.02,135.53,131.81,133.11,129.9,94812300.0
2021-04-21,132.36,133.75,131.3,133.5,130.28,68847100.0
2021-04-22,133.04,134.15,131.41,131.94,128.75,84566500.0
2021-04-23,132.16,135.12,132.16,134.32,131.08,78657500.0
2021-04-26,134.83,135.06,133.56,134.72,131.47,66905100.0
2021-04-27,135.01,135.41,134.11,134.39,131.14,66015800.0
2021-04-28,134.31,135.02,133.08,133.58,130.35,107760100.0
2021-04-29,136.47,137.07,132.45,133.48,130.26,151101000.0
2021-04-30,131.78,133.56,131.07,131.46,128.29,109839500.0
2021-05-03,132.04,134.07,131.83,132.54,129.34,75135100.0
2021-05-04,131.19,131.49,126.7,127.85,124.76,137564700.0
2021-05-05,129.2,130.45,127.97,128.1,125.01,84000900.0
2021-05-06,127.89,129.75,127.13,129.74,126.61,78128300.0
2021-05-07,130.85,131.26,129.48,130.21,127.28,78973300.0
2021-05-10,129.41,129.54,126.81,126.85,124.0,88071200.0
2021-05-11,123.5,126.27,122.77,125.91,123.08,126142800.0
2021-05-12,123.4,124.64,122.25,122.77,120.01,112172300.0
2021-05-13,124.58,126.15,124.26,124.97,122.16,105861300.0
2021-05-14,126.25,127.89,125.85,127.45,124.58,81918000.0
2021-05-17,126.82,126.93,125.17,126.27,123.43,74244600.0
2021-05-18,126.56,126.99,124.78,124.85,122.04,63342900.0
2021-05-19,123.16,124.92,122.86,124.69,121.89,92612000.0
2021-05-20,125.23,127.72,125.1,127.31,124.45,76857100.0
2021-05-21,127.82,128.0,125.21,125.43,122.61,79295400.0
2021-05-24,126.01,127.94,125.94,127.1,124.24,63092900.0
2021-05-25,127.82,128.32,126.32,126.9,124.05,72009500.0
2021-05-26,126.96,127.39,126.42,126.85,124.0,56575900.0
2021-05-27,126.44,127.64,125.08,125.28,122.46,94625600.0
2021-05-28,125.57,125.8,124.55,124.61,121.81,71311100.0
2021-06-01,125.08,125.35,123.94,124.28,121.48,67637100.0
2021-06-02,124.28,125.24,124.05,125.06,122.25,59278900.0
2021-06-03,124.68,124.85,123.13,123.54,120.76,76229200.0
2021-06-04,124.07,126.16,123.85,125.89,123.06,75169300.0
2021-06-07,126.17,126.32,124.83,125.9,123.07,71057600.0
2021-06-08,126.6,128.46,126.21,126.74,123.89,74403800.0
2021-06-09,127.21,127.75,126.52,127.13,124.27,56877900.0
2021-06-10,127.02,128.19,125.94,126.11,123.27,71186400.0
2021-06-11,126.53,127.44,126.1,127.35,124.49,53522400.0
2021-06-14,127.82,130.54,127.07,130.48,127.55,96906500.0
2021-06-15,129.94,130.6,129.39,129.64,126.72,62746300.0
2021-06-16,130.37,130.89,128.46,130.15,127.22,91815000.0
2021-06-17,129.8,132.55,129.65,131.79,128.83,96721700.0
2021-06-18,130.71,131.51,130.24,130.46,127.53,108953300.0
2021-06-21,130.3,132.41,129.21,132.3,129.32,79663300.0
2021-06-22,132.13,134.08,131.62,133.98,130.97,74783600.0
2021-06-23,133.77,134.32,133.23,133.7,130.69,60214200.0
2021-06-24,134.45,134.64,132.93,133.41,130.41,68711000.0
2021-06-25,133.46,133.89,132.81,133.11,130.12,70783700.0
2021-06-28,133.41,135.25,133.35,134.78,131.75,62111300.0
2021-06-29,134.8,136.49,134.35,136.33,133.26,64556100.0
2021-06-30,136.17,137.41,135.87,136.96,133.88,63261400.0
2021-07-01,136.6,137.33,135.76,137.27,134.18,52485800.0
2021-07-02,137.9,140.0,137.75,139.96,136.81,78852600.0
2021-07-06,140.07,143.15,140.07,142.02,138.83,108181800.0
2021-07-07,143.54,144.89,142.66,144.57,141.32,104911600.0
2021-07-08,141.58,144.06,140.67,143.24,140.02,105575500.0
2021-07-09,142.75,145.65,142.65,145.11,141.85,99890800.0
2021-07-12,146.21,146.32,144.0,144.5,141.25,76299700.0
2021-07-13,144.03,147.46,143.63,145.64,142.36,100827100.0
2021-07-14,148.1,149.57,147.68,149.15,145.8,127050800.0
2021-07-15,149.24,150.0,147.09,148.48,145.14,106820300.0
2021-07-16,148.46,149.76,145.88,146.39,143.1,93251400.0
2021-07-19,143.75,144.07,141.67,142.45,139.25,121434600.0
2021-07-20,143.46,147.1,142.96,146.15,142.86,96350000.0
2021-07-21,145.53,146.13,144.63,145.4,142.13,74993500.0
2021-07-22,145.94,148.2,145.81,146.8,143.5,77338200.0
2021-07-23,147.55,148.72,146.92,148.56,145.22,71447400.0
2021-07-26,148.27,149.83,147.7,148.99,145.64,72434100.0
2021-07-27,149.12,149.21,145.55,146.77,143.47,104818600.0
2021-07-28,144.81,146.97,142.54,144.98,141.72,118931200.0
2021-07-29,144.69,146.55,144.58,145.64,142.36,56699500.0
2021-07-30,144.38,146.33,144.11,145.86,142.58,70440600.0
2021-08-02,146.36,146.95,145.25,145.52,142.25,62880000.0
2021-08-03,145.81,148.04,145.18,147.36,144.05,64786600.0
2021-08-04,147.27,147.79,146.28,146.95,143.65,56368300.0
2021-08-05,146.98,147.84,146.17,147.06,143.75,46397700.0
2021-08-06,146.35,147.11,145.63,146.14,143.07,54126800.0
2021-08-09,146.2,146.7,145.52,146.09,143.02,48908700.0
2021-08-10,146.44,147.71,145.3,145.6,142.54,69023100.0
2021-08-11,146.05,146.72,145.53,145.86,142.79,48493500.0
2021-08-12,146.19,149.05,145.84,148.89,145.76,72282600.0
2021-08-13,148.97,149.44,148.27,149.1,145.97,59375000.0
2021-08-16,148.54,151.19,146.47,151.12,147.94,103296000.0
2021-08-17,150.23,151.68,149.09,150.19,147.03,92229700.0
2021-08-18,149.8,150.72,146.15,146.36,143.28,86326000.0
2021-08-19,145.03,148.0,144.5,146.7,143.62,86960300.0
2021-08-20,147.44,148.5,146.78,148.19,145.07,60549600.0
2021-08-23,148.31,150.19,147.89,149.71,146.56,60131800.0
2021-08-24,149.45,150.86,149.15,149.62,146.47,48606400.0
2021-08-25,149.81,150.32,147.8,148.36,145.24,58991300.0
2021-08-26,148.35,149.12,147.51,147.54,144.44,48597200.0
2021-08-27,147.48,148.75,146.83,148.6,145.48,55802400.0
2021-08-30,149.0,153.49,148.61,153.12,149.9,90956700.0
2021-08-31,152.66,152.8,151.29,151.83,148.64,86453100.0
2021-09-01,152.83,154.98,152.34,152.51,149.3,80313700.0
2021-09-02,153.87,154.72,152.4,153.65,150.42,71115500.0
2021-09-03,153.76,154.63,153.09,154.3,151.06,57808700.0
2021-09-07,154.97,157.26,154.39,156.69,153.4,82278300.0
2021-09-08,156.98,157.04,153.98,155.11,151.85,74420200.0
2021-09-09,155.49,156.11,153.95,154.07,150.83,57305700.0
2021-09-10,155.0,155.48,148.7,148.97,145.84,140893200.0
2021-09-13,150.63,151.42,148.75,149.55,146.41,102404300.0
2021-09-14,150.35,151.07,146.91,148.12,145.01,109296300.0
2021-09-15,148.56,149.44,146.37,149.03,145.9,83281300.0
2021-09-16,148.44,148.97,147.22,148.79,145.66,68034100.0
2021-09-17,148.82,148.82,145.76,146.06,142.99,129868800.0
2021-09-20,143.8,144.84,141.27,142.94,139.93,123478900.0
2021-09-21,143.93,144.6,142.78,143.43,140.41,75834000.0
2021-09-22,144.45,146.43,143.7,145.85,142.78,76404300.0
2021-09-23,146.65,147.08,145.64,146.83,143.74,64838200.0
2021-09-24,145.66,147.47,145.56,146.92,143.83,53477900.0
2021-09-27,145.47,145.96,143.82,145.37,142.31,74150700.0
2021-09-28,143.25,144.75,141.69,141.91,138.93,108972300.0
2021-09-29,142.47,144.45,142.03,142.83,139.83,74602000.0
2021-09-30,143.66,144.38,141.28,141.5,138.52,89056700.0
2021-10-01,141.9,142.92,139.11,142.65,139.65,94639600.0
2021-10-04,141.76,142.21,138.27,139.14,136.21,98322000.0
2021-10-05,139.49,142.24,139.36,141.11,138.14,80861100.0
2021-10-06,139.47,142.15,138.37,142.0,139.01,83221100.0
2021-10-07,143.06,144.22,142.72,143.29,140.28,61732700.0
2021-10-08,144.03,144.18,142.56,142.9,139.9,58773200.0
2021-10-11,142.27,144.81,141.81,142.81,139.81,64452200.0
2021-10-12,143.23,143.25,141.04,141.51,138.53,73035900.0
2021-10-13,141.24,141.4,139.2,140.91,137.95,78762700.0
2021-10-14,142.11,143.88,141.51,143.76,140.74,69907100.0
2021-10-15,143.77,144.9,143.51,144.84,141.79,67940300.0
2021-10-18,143.45,146.84,143.16,146.55,143.47,85589200.0
2021-10-19,147.01,149.17,146.55,148.76,145.63,76378900.0
2021-10-20,148.7,149.75,148.12,149.26,146.12,58418800.0
2021-10-21,148.81,149.64,147.87,149.48,146.34,61421000.0
2021-10-22,149.69,150.18,148.64,148.69,145.56,58883400.0
2021-10-25,148.68,149.37,147.62,148.64,145.51,50720600.0
2021-10-26,149.33,150.84,149.01,149.32,146.18,60893400.0
2021-10-27,149.36,149.73,148.49,148.85,145.72,56094900.0
2021-10-28,149.82,153.17,149.72,152.57,149.36,100077900.0
2021-10-29,147.22,149.94,146.41,149.8,146.65,124953200.0
2021-11-01,148.99,149.7,147.8,148.96,145.83,74588300.0
2021-11-02,148.66,151.57,148.65,150.02,146.87,69122000.0
2021-11-03,150.39,151.97,149.82,151.49,148.3,54511500.0
2021-11-04,151.58,152.43,150.64,150.96,147.79,60394600.0
2021-11-05,151.89,152.2,150.06,151.28,148.32,65463900.0
2021-11-08,151.41,151.57,150.16,150.44,147.49,55020900.0
2021-11-09,150.2,151.43,150.06,150.81,147.85,56787900.0
2021-11-10,150.02,150.13,147.85,147.92,145.02,65187100.0
2021-11-11,148.96,149.43,147.68,147.87,144.97,41000000.0
2021-11-12,148.43,150.4,147.48,149.99,147.05,63804000.0
2021-11-15,150.37,151.88,149.43,150.0,147.06,59222800.0
2021-11-16,149.94,151.49,149.34,151.0,148.04,59256200.0
2021-11-17,151.0,155.0,150.99,153.49,150.48,88807000.0
2021-11-18,153.71,158.67,153.05,157.87,154.78,137827700.0
2021-11-19,157.65,161.02,156.53,160.55,157.4,117305600.0
2021-11-22,161.68,165.7,161.0,161.02,157.86,117467900.0
2021-11-23,161.12,161.8,159.06,161.41,158.25,96041900.0
2021-11-24,160.75,162.14,159.64,161.94,158.77,69463600.0
2021-11-26,159.57,160.45,156.36,156.81,153.74,76959800.0
2021-11-29,159.37,161.19,158.79,160.24,157.1,88748200.0
2021-11-30,159.99,165.52,159.92,165.3,162.06,174048100.0
2021-12-01,167.48,170.3,164.53,164.77,161.54,152052500.0
2021-12-02,158.74,164.2,157.8,163.76,160.55,136739200.0
2021-12-03,164.02,164.96,159.72,161.84,158.67,118023100.0
2021-12-06,164.29,167.88,164.28,165.32,162.08,107497000.0
2021-12-07,169.08,171.58,168.34,171.18,167.83,120405400.0
2021-12-08,172.13,175.96,170.7,175.08,171.65,116998900.0
2021-12-09,174.91,176.75,173.92,174.56,171.14,108923700.0
2021-12-10,175.21,179.63,174.69,179.45,175.93,115402700.0
2021-12-13,181.12,182.13,175.53,175.74,172.3,153237000.0
2021-12-14,175.25,177.74,172.21,174.33,170.91,139380400.0
2021-12-15,175.11,179.5,172.31,179.3,175.79,131063300.0
2021-12-16,179.28,181.14,170.75,172.26,168.88,150185800.0
2021-12-17,169.93,173.47,169.69,171.14,167.79,195432700.0
2021-12-20,168.28,170.58,167.46,169.75,166.42,107499100.0
2021-12-21,171.56,173.2,169.12,172.99,169.6,91185900.0
2021-12-22,173.04,175.86,172.15,175.64,172.2,92135300.0
2021-12-23,175.85,176.85,175.27,176.28,172.83,68356600.0
2021-12-27,177.09,180.42,177.07,180.33,176.8,74919600.0
2021-12-28,180.16,181.33,178.53,179.29,175.78,79144300.0
2021-12-29,179.33,180.63,178.14,179.38,175.86,62348900.0
2021-12-30,179.47,180.57,178.09,178.2,174.71,59773000.0
2021-12-31,178.09,179.23,177.26,177.57,174.09,64062300.0
2022-01-03,177.83,182.88,177.71,182.01,178.44,104487900.0
2022-01-04,182.63,182.94,179.12,179.7,176.18,99310400.0
2022-01-05,179.61,180.17,174.64,174.92,171.49,94537600.0
2022-01-06,172.7,175.3,171.64,172.0,168.63,96904000.0
2022-01-07,172.89,174.14,171.03,172.17,168.8,86709100.0
2022-01-10,169.08,172.5,168.17,172.19,168.82,106765600.0
2022-01-11,172.32,175.18,170.82,175.08,171.65,76138300.0
2022-01-12,176.12,177.18,174.82,175.53,172.09,74805200.0
2022-01-13,175.78,176.62,171.79,172.19,168.82,84505800.0
2022-01-14,171.34,173.78,171.09,173.07,169.68,80440800.0
2022-01-18,171.51,172.54,169.41,169.8,166.47,90956700.0
2022-01-19,170.0,171.08,165.94,166.23,162.97,94815000.0
2022-01-20,166.98,169.68,164.18,164.51,161.29,91420500.0
2022-01-21,164.42,166.33,162.3,162.41,159.23,122848900.0
2022-01-24,160.02,162.3,154.7,161.62,158.45,162294600.0
2022-01-25,158.98,162.76,157.02,159.78,156.65,115798400.0
2022-01-26,163.5,164.39,157.82,159.69,156.56,108275300.0
2022-01-27,162.45,163.84,158.28,159.22,156.1,121954600.0
2022-01-28,165.71,170.35,162.8,170.33,166.99,179935700.0
2022-01-31,170.16,175.0,169.51,174.78,171.35,115541600.0
2022-02-01,174.01,174.84,172.31,174.61,171.19,86213900.0
2022-02-02,174.75,175.88,173.33,175.84,172.39,84914300.0
2022-02-03,174.48,176.24,172.12,172.9,169.51,89418100.0
2022-02-04,171.68,174.1,170.68,172.39,169.23,82465400.0
2022-02-07,172.86,173.95,170.95,171.66,168.51,77251200.0
2022-02-08,171.73,175.35,171.43,174.83,171.62,74829200.0
2022-02-09,176.05,176.65,174.9,176.28,173.05,71285000.0
2022-02-10,174.14,175.48,171.55,172.12,168.96,90865900.0
2022-02-11,172.33,173.08,168.04,168.64,165.55,98670700.0
2022-02-14,167.37,169.58,166.56,168.88,165.78,86185500.0
2022-02-15,170.97,172.95,170.25,172.79,169.62,62527400.0
2022-02-16,171.85,173.34,170.05,172.55,169.38,61177400.0
2022-02-17,171.03,171.91,168.47,168.88,165.78,69589300.0
2022-02-18,169.82,170.54,166.19,167.3,164.23,82772700.0
2022-02-22,164.98,166.69,162.15,164.32,161.31,91162800.0
2022-02-23,165.54,166.15,159.75,160.07,157.13,90009200.0
2022-02-24,152.58,162.85,152.0,162.74,159.75,141147500.0
2022-02-25,163.84,165.12,160.87,164.85,161.83,91974200.0
2022-02-28,163.06,165.42,162.43,165.12,162.09,95056600.0
2022-03-01,164.7,166.6,161.97,163.2,160.21,83474400.0
2022-03-02,164.39,167.36,162.95,166.56,163.5,79724800.0
2022-03-03,168.47,168.91,165.55,166.23,163.18,76678400.0
2022-03-04,164.49,165.55,162.1,163.17,160.18,83737200.0
2022-03-07,163.36,165.02,159.04,159.3,156.38,96418800.0
2022-03-08,158.82,162.88,155.8,157.44,154.55,131148300.0
2022-03-09,161.48,163.41,159.41,162.95,159.96,91454900.0
2022-03-10,160.2,160.39,155.98,158.52,155.61,105342000.0
2022-03-11,158.93,159.28,154.5,154.73,151.89,96970100.0
2022-03-14,151.45,154.12,150.1,150.62,147.86,108732100.0
2022-03-15,150.9,155.57,150.38,155.09,152.24,92964300.0
2022-03-16,157.05,160.0,154.46,159.59,156.66,102300200.0
2022-03-17,158.61,161.0,157.63,160.62,157.67,75615400.0
2022-03-18,160.51,164.48,159.76,163.98,160.97,123511700.0
2022-03-21,163.51,166.35,163.01,165.38,162.35,95811400.0
2022-03-22,165.51,169.42,164.91,168.82,165.72,81532000.0
2022-03-23,167.99,172.64,167.65,170.21,167.09,98062700.0
2022-03-24,171.06,174.14,170.21,174.07,170.88,90131400.0
2022-03-25,173.88,175.28,172.75,174.72,171.51,80546200.0
2022-03-28,172.17,175.73,172.0,175.6,172.38,90371900.0
2022-03-29,176.69,179.01,176.34,178.96,175.68,100589400.0
2022-03-30,178.55,179.61,176.7,177.77,174.51,92633200.0
2022-03-31,177.84,178.03,174.4,174.61,171.41,103049300.0
2022-04-01,174.03,174.88,171.94,174.31,171.11,78751300.0
2022-04-04,174.57,178.49,174.44,178.44,175.17,76468400.0
2022-04-05,177.5,178.3,174.42,175.06,171.85,73401800.0
2022-04-06,172.36,173.63,170.13,171.83,168.68,89058800.0
2022-04-07,171.16,173.36,169.85,172.14,168.98,77594700.0
2022-04-08,171.78,171.78,169.2,170.09,166.97,76575500.0
2022-04-11,168.71,169.03,165.5,165.75,162.71,72246700.0
2022-04-12,168.02,169.87,166.64,167.66,164.58,79265200.0
2022-04-13,167.39,171.04,166.77,170.4,167.27,70618900.0
2022-04-14,170.62,171.27,165.04,165.29,162.26,75329400.0
2022-04-18,163.92,166.6,163.57,165.07,162.04,69023900.0
2022-04-19,165.02,167.82,163.91,167.4,164.33,67723800.0
2022-04-20,168.76,168.88,166.1,167.23,164.16,67929800.0
2022-04-21,168.91,171.53,165.91,166.42,163.37,87227800.0
2022-04-22,166.46,167.87,161.5,161.79,158.82,84882400.0
2022-04-25,161.12,163.17,158.46,162.88,159.89,96046400.0
2022-04-26,162.25,162.34,156.72,156.8,153.92,95623200.0
2022-04-27,155.91,159.79,155.38,156.57,153.7,88063200.0
2022-04-28,159.25,164.52,158.93,163.64,160.64,130216800.0
2022-04-29,161.84,166.2,157.25,157.65,154.76,131747600.0
2022-05-02,156.71,158.23,153.27,157.96,155.06,123055300.0
2022-05-03,158.15,160.71,156.32,159.48,156.55,88966500.0
2022-05-04,159.67,166.48,159.26,166.02,162.97,108256500.0
2022-05-05,163.85,164.08,154.95,156.77,153.89,130525300.0
2022-05-06,156.01,159.44,154.18,157.28,154.62,116124600.0
2022-05-09,154.93,155.83,151.49,152.06,149.49,131577900.0
2022-05-10,155.52,156.74,152.93,154.51,151.9,115366700.0
2022-05-11,153.5,155.45,145.81,146.5,144.02,142689800.0
2022-05-12,142.77,146.2,138.8,142.56,140.15,182602000.0
2022-05-13,144.59,148.1,143.11,147.11,144.62,113990900.0
2022-05-16,145.55,147.52,144.18,145.54,143.08,86643800.0
2022-05-17,148.86,149.77,146.68,149.24,146.72,78336300.0
2022-05-18,146.85,147.36,139.9,140.82,138.44,109742900.0
2022-05-19,139.88,141.66,136.6,137.35,135.03,136095600.0
2022-05-20,139.09,140.7,132.61,137.59,135.26,137426100.0
2022-05-23,137.79,143.26,137.65,143.11,140.69,117726300.0
2022-05-24,140.81,141.97,137.33,140.36,137.99,104132700.0
2022-05-25,138.43,141.79,138.34,140.52,138.14,92482700.0
2022-05-26,137.39,144.34,137.14,143.78,141.35,90601500.0
2022-05-27,145.39,149.68,145.26,149.64,147.11,90978500.0
2022-05-31,149.07,150.66,146.84,148.84,146.32,103718400.0
2022-06-01,149.9,151.74,147.68,148.71,146.2,74286600.0
2022-06-02,147.83,151.27,146.86,151.21,148.65,72348100.0
2022-06-03,146.9,147.97,144.46,145.38,142.92,88570300.0
2022-06-06,147.03,148.57,144.9,146.14,143.67,71598400.0
2022-06-07,144.35,149.0,144.1,148.71,146.2,67808200.0
2022-06-08,148.58,149.87,147.46,147.96,145.46,53950200.0
2022-06-09,147.08,147.95,142.53,142.64,140.23,69473000.0
2022-06-10,140.28,140.76,137.06,137.13,134.81,91437900.0
2022-06-13,132.87,135.2,131.44,131.88,129.65,122207100.0
2022-06-14,133.13,133.89,131.48,132.76,130.52,84784300.0
2022-06-15,134.29,137.34,132.16,135.43,133.14,91533000.0
2022-06-16,132.08,132.39,129.04,130.06,127.86,108123900.0
2022-06-17,130.07,133.08,129.81,131.56,129.34,134520300.0
2022-06-21,133.42,137.06,133.32,135.87,133.57,81000500.0
2022-06-22,134.79,137.76,133.91,135.35,133.06,73409200.0
2022-06-23,136.82,138.59,135.63,138.27,135.93,72433800.0
2022-06-24,139.9,141.91,139.77,141.66,139.27,89116800.0
2022-06-27,142.7,143.49,140.97,141.66,139.27,70207900.0
2022-06-28,142.13,143.42,137.32,137.44,135.12,67083400.0
2022-06-29,137.46,140.67,136.67,139.23,136.88,66242400.0
2022-06-30,137.25,138.37,133.77,136.72,134.41,98964500.0
2022-07-01,136.04,139.04,135.66,138.93,136.58,71051600.0
2022-07-05,137.77,141.61,136.93,141.56,139.17,73353800.0
2022-07-06,141.35,144.12,141.08,142.92,140.5,74064300.0
2022-07-07,143.29,146.55,143.28,146.35,143.88,66253700.0
2022-07-08,145.26,147.55,145.0,147.04,144.55,64547800.0
2022-07-11,145.67,146.64,143.78,144.87,142.42,63141600.0
2022-07-12,145.76,148.45,145.05,145.86,143.39,77588800.0
2022-07-13,142.99,146.45,142.12,145.49,143.03,71185600.0
2022-07-14,144.08,148.95,143.25,148.47,145.96,78140700.0
2022-07-15,149.78,150.86,148.2,150.17,147.63,76259900.0
2022-07-18,150.74,151.57,146.7,147.07,144.58,81420900.0
2022-07-19,147.92,151.23,146.91,151.0,148.45,82982400.0
2022-07-20,151.12,153.72,150.37,153.04,150.45,64823400.0
2022-07-21,154.5,155.57,151.94,155.35,152.72,65086600.0
2022-07-22,155.39,156.28,153.41,154.09,151.48,66675400.0
2022-07-25,154.01,155.04,152.28,152.95,150.36,53623900.0
2022-07-26,152.26,153.09,150.8,151.6,149.04,55138700.0
2022-07-27,152.58,157.33,152.16,156.79,154.14,78620700.0
2022-07-28,156.98,157.64,154.41,157.35,154.69,81378700.0
2022-07-29,161.24,163.63,159.5,162.51,159.76,101786900.0
2022-08-01,161.01,163.59,160.89,161.51,158.78,67829400.0
2022-08-02,160.1,162.41,159.63,160.01,157.3,59907000.0
2022-08-03,160.84,166.59,160.75,166.13,163.32,82507500.0
2022-08-04,166.01,167.19,164.43,165.81,163.01,55474100.0
2022-08-05,163.21,165.85,163.0,165.35,162.78,56697000.0
2022-08-08,166.37,167.81,164.2,164.87,162.31,60276900.0
2022-08-09,164.02,165.82,163.25,164.92,162.36,63135500.0
2022-08-10,167.68,169.34,166.9,169.24,166.61,70170500.0
2022-08-11,170.06,170.99,168.19,168.49,165.87,57149200.0
2022-08-12,169.82,172.17,169.4,172.1,169.43,68039400.0
2022-08-15,171.52,173.39,171.35,173.19,170.5,54091700.0
2022-08-16,172.78,173.71,171.66,173.03,170.34,56377100.0
2022-08-17,172.77,176.15,172.57,174.55,171.84,79542000.0
2022-08-18,173.75,174.9,173.12,174.15,171.44,62290100.0
2022-08-19,173.03,173.74,171.31,171.52,168.85,70346300.0
2022-08-22,169.69,169.86,167.14,167.57,164.97,69026800.0
2022-08-23,167.08,168.71,166.65,167.23,164.63,54147100.0
2022-08-24,167.32,168.11,166.25,167.53,164.93,53841500.0
2022-08-25,168.78,170.14,168.35,170.03,167.39,51218200.0
2022-08-26,170.57,171.05,163.56,163.62,161.08,78961000.0
2022-08-29,161.15,162.9,159.82,161.38,158.87,73314000.0
2022-08-30,162.13,162.56,157.72,158.91,156.44,77906200.0
2022-08-31,160.31,160.58,157.14,157.22,154.78,87991100.0
2022-09-01,156.64,158.42,154.67,157.96,155.51,74229900.0
2022-09-02,159.75,160.36,154.97,155.81,153.39,76957800.0
2022-09-06,156.47,157.09,153.69,154.53,152.13,73714800.0
2022-09-07,154.82,156.67,153.61,155.96,153.54,87449600.0
2022-09-08,154.64,156.36,152.68,154.46,152.06,84923800.0
2022-09-09,155.47,157.82,154.75,157.37,154.92,68028800.0
2022-09-12,159.59,164.26,159.3,163.43,160.89,104956000.0
2022-09-13,159.9,160.54,153.37,153.84,151.45,122656600.0
2022-09-14,154.79,157.1,153.61,155.31,152.9,87965400.0
2022-09-15,154.65,155.24,151.38,152.37,150.0,90481100.0
2022-09-16,151.21,151.35,148.37,150.7,148.36,162278800.0
2022-09-19,149.31,154.56,149.1,154.48,152.08,81474200.0
2022-09-20,153.4,158.08,153.08,156.9,154.46,107689800.0
2022-09-21,157.34,158.74,153.6,153.72,151.33,101696800.0
2022-09-22,152.38,154.47,150.91,152.74,150.37,86652500.0
2022-09-23,151.19,151.47,148.56,150.43,148.09,96029900.0
2022-09-26,149.66,153.77,149.64,150.77,148.43,93339400.0
2022-09-27,152.74,154.72,149.95,151.76,149.4,84442700.0
2022-09-28,147.64,150.64,144.84,149.84,147.51,146691400.0
2022-09-29,146.1,146.72,140.68,142.48,140.27,128138200.0
2022-09-30,141.28,143.1,138.0,138.2,136.05,124925300.0
2022-10-03,138.21,143.07,137.69,142.45,140.24,114311700.0
2022-10-04,145.03,146.22,144.26,146.1,143.83,87830100.0
2022-10-05,144.07,147.38,143.01,146.4,144.12,79471000.0
2022-10-06,145.81,147.54,145.22,145.43,143.17,68402200.0
2022-10-07,142.54,143.1,139.45,140.09,137.91,85925600.0
2022-10-10,140.42,141.89,138.57,140.42,138.24,74899000.0
2022-10-11,139.9,141.35,138.22,138.98,136.82,77033700.0
2022-10-12,139.13,140.36,138.16,138.34,136.19,70433700.0
2022-10-13,134.99,143.59,134.37,142.99,140.77,113224000.0
2022-10-14,144.31,144.52,138.19,138.38,136.23,88598000.0
2022-10-17,141.07,142.9,140.27,142.41,140.2,85250900.0
2022-10-18,145.49,146.7,140.61,143.75,141.52,99136600.0
2022-10-19,141.69,144.95,141.5,143.86,141.62,61758300.0
2022-10-20,143.02,145.89,142.65,143.39,141.16,64522000.0
2022-10-21,142.87,147.85,142.65,147.27,144.98,86548600.0
2022-10-24,147.19,150.23,146.0,149.45,147.13,75981900.0
2022-10-25,150.09,152.49,149.36,152.34,149.97,74732300.0
2022-10-26,150.96,151.99,148.04,149.35,147.03,88194300.0
2022-10-27,148.07,149.05,144.13,144.8,142.55,109180200.0
2022-10-28,148.2,157.5,147.82,155.74,153.32,164762400.0
2022-10-31,153.16,154.24,151.92,153.34,150.96,97943200.0
2022-11-01,155.08,155.45,149.13,150.65,148.31,80379300.0
2022-11-02,148.95,152.17,145.0,145.03,142.78,93604600.0
2022-11-03,142.06,142.8,138.75,138.88,136.72,97918500.0
2022-11-04,142.09,142.67,134.38,138.38,136.46,140814800.0
2022-11-07,137.11,139.15,135.67,138.92,136.99,83374600.0
2022-11-08,140.41,141.43,137.49,139.5,137.56,89908500.0
2022-11-09,138.5,138.55,134.59,134.87,132.99,74917800.0
2022-11-10,141.24,146.87,139.5,146.87,144.83,118854000.0
2022-11-11,145.82,150.01,144.37,149.7,147.62,93979700.0
2022-11-14,148.97,150.28,147.43,148.28,146.22,73374100.0
2022-11-15,152.22,153.59,148.56,150.04,147.95,89868300.0
2022-11-16,149.13,149.87,147.29,148.79,146.72,64218300.0
2022-11-17,146.43,151.48,146.15,150.72,148.62,80389400.0
2022-11-18,152.31,152.7,149.97,151.29,149.19,74829600.0
2022-11-21,150.16,150.37,147.72,148.01,145.95,58724100.0
2022-11-22,148.13,150.42,146.93,150.18,148.09,51804100.0
2022-11-23,149.45,151.83,149.34,151.07,148.97,58301400.0
2022-11-25,148.31,148.88,147.12,148.11,146.05,35195900.0
2022-11-28,145.14,146.64,143.38,144.22,142.21,69246000.0
2022-11-29,144.29,144.81,140.35,141.17,139.21,83763800.0
2022-11-30,141.4,148.72,140.55,148.03,145.97,111380900.0
2022-12-01,148.21,149.13,146.61,148.31,146.25,71250400.0
2022-12-02,145.96,148.0,145.65,147.81,145.75,65447400.0
2022-12-05,147.77,150.92,145.77,146.63,144.59,68826400.0
2022-12-06,147.07,147.3,141.92,142.91,140.92,64727200.0
2022-12-07,142.19,143.37,140.0,140.94,138.98,69721100.0
2022-12-08,142.36,143.52,141.1,142.65,140.67,62128300.0
2022-12-09,142.34,145.57,140.9,142.16,140.18,76097000.0
2022-12-12,142.7,144.5,141.06,144.49,142.48,70462700.0
2022-12-13,149.5,149.97,144.24,145.47,143.45,93886200.0
2022-12-14,145.35,146.66,141.16,143.21,141.22,82291200.0
2022-12-15,141.11,141.8,136.03,136.5,134.6,98931900.0
2022-12-16,136.69,137.65,133.73,134.51,132.64,160156900.0
2022-12-19,135.11,135.2,131.32,132.37,130.53,79592600.0
2022-12-20,131.39,133.25,129.89,132.3,130.46,77432800.0
2022-12-21,132.98,136.81,132.75,135.45,133.57,85928000.0
2022-12-22,134.35,134.56,130.3,132.23,130.39,77852100.0
2022-12-23,130.92,132.42,129.64,131.86,130.03,63814900.0
2022-12-27,131.38,131.41,128.72,130.03,128.22,69007800.0
2022-12-28,129.67,131.03,125.87,126.04,124.29,85438400.0
2022-12-29,127.99,130.48,127.73,129.61,127.81,75703700.0
2022-12-30,128.41,129.95,127.43,129.93,128.12,77034200.0
2023-01-03,130.28,130.9,124.17,125.07,123.33,112117500.0
2023-01-04,126.89,128.66,125.08,126.36,124.6,89113600.0
2023-01-05,127.13,127.77,124.76,125.02,123.28,80962700.0
2023-01-06,126.01,130.29,124.89,129.62,127.82,87754700.0
2023-01-09,130.47,133.41,129.89,130.15,128.34,70790800.0
2023-01-10,130.26,131.26,128.12,130.73,128.91,63896200.0
2023-01-11,131.25,133.51,130.46,133.49,131.63,69458900.0
2023-01-12,133.88,134.26,131.44,133.41,131.55,71379600.0
2023-01-13,132.03,134.92,131.66,134.76,132.89,57809700.0
2023-01-17,134.83,137.29,134.13,135.94,134.05,63646600.0
2023-01-18,136.82,138.61,135.03,135.21,133.33,69672800.0
2023-01-19,134.08,136.25,133.77,135.27,133.39,58280400.0
2023-01-20,135.28,138.02,134.22,137.87,135.95,80223600.0
2023-01-23,138.12,143.32,137.9,141.11,139.15,81760300.0
2023-01-24,140.31,143.16,140.3,142.53,140.55,66435100.0
2023-01-25,140.89,142.43,138.81,141.86,139.89,65799300.0
2023-01-26,143.17,144.25,141.9,143.96,141.96,54105100.0
2023-01-27,143.16,147.23,143.08,145.93,143.9,70555800.0
2023-01-30,144.96,145.55,142.85,143.0,141.01,64015300.0
2023-01-31,142.7,144.34,142.28,144.29,142.28,65874500.0
2023-02-01,143.97,146.61,141.32,145.43,143.41,77663600.0
2023-02-02,148.9,151.18,148.17,150.82,148.72,118339000.0
2023-02-03,148.03,157.38,147.83,154.5,152.35,154357300.0
2023-02-06,152.57,153.1,150.78,151.73,149.62,69858300.0
2023-02-07,150.64,155.23,150.64,154.65,152.5,83322600.0
2023-02-08,153.88,154.58,151.17,151.92,149.81,64120100.0
2023-02-09,153.78,154.33,150.42,150.87,148.77,56007100.0
2023-02-10,149.46,151.34,149.22,151.01,149.14,57450700.0
2023-02-13,150.95,154.26,150.92,153.85,151.94,62199000.0
2023-02-14,152.12,153.77,150.86,153.2,151.3,61707600.0
2023-02-15,153.11,155.5,152.88,155.33,153.4,65573800.0
2023-02-16,153.51,156.33,153.35,153.71,151.8,68167900.0
2023-02-17,152.35,153.0,150.85,152.55,150.66,59144100.0
2023-02-21,150.2,151.3,148.41,148.48,146.64,58867200.0
2023-02-22,148.87,149.95,147.16,148.91,147.06,51011300.0
2023-02-23,150.09,150.34,147.24,149.4,147.55,48394200.0
2023-02-24,147.11,147.19,145.72,146.71,144.89,55469600.0
2023-02-27,147.71,149.17,147.45,147.92,146.09,44998500.0
2023-02-28,147.05,149.08,146.83,147.41,145.58,50547000.0
2023-03-01,146.83,147.23,145.01,145.31,143.51,55479000.0
2023-03-02,144.38,146.71,143.9,145.91,144.1,52238100.0
2023-03-03,148.04,151.11,147.33,151.03,149.16,70732300.0
2023-03-06,153.79,156.3,153.46,153.83,151.92,87558000.0
2023-03-07,153.7,154.03,151.13,151.6,149.72,56182000.0
2023-03-08,152.81,153.47,151.83,152.87,150.97,47204800.0
2023-03-09,153.56,154.54,150.23,150.59,148.72,53833600.0
2023-03-10,150.21,150.94,147.61,148.5,146.66,68572400.0
2023-03-13,147.81,153.14,147.7,150.47,148.6,84457100.0
2023-03-14,151.28,153.4,150.1,152.59,150.7,73695900.0
2023-03-15,151.19,153.25,149.92,152.99,151.09,77167900.0
2023-03-16,152.16,156.46,151.64,155.85,153.92,76161100.0
2023-03-17,156.08,156.74,154.28,155.0,153.08,98944600.0
2023-03-20,155.07,157.82,154.15,157.4,155.45,73641400.0
2023-03-21,157.32,159.4,156.54,159.28,157.3,73938300.0
2023-03-22,159.3,162.14,157.81,157.83,155.87,75701800.0
2023-03-23,158.83,161.55,157.68,158.93,156.96,67622100.0
2023-03-24,158.86,160.34,157.85,160.25,158.26,59196500.0
2023-03-27,159.94,160.77,157.87,158.28,156.32,52390300.0
2023-03-28,157.97,158.49,155.98,157.65,155.69,45992200.0
2023-03-29,159.37,161.05,159.35,160.77,158.78,51305700.0
2023-03-30,161.53,162.47,161.27,162.36,160.35,49501700.0
2023-03-31,162.44,165.0,161.91,164.9,162.86,68749800.0
2023-04-03,164.27,166.29,164.22,166.17,164.11,56976200.0
2023-04-04,166.6,166.84,165.11,165.63,163.58,46278300.0
2023-04-05,164.74,165.05,161.8,163.76,161.73,51511700.0
2023-04-06,162.43,164.96,162.0,164.66,162.62,45390100.0
2023-04-10,161.42,162.03,160.08,162.03,160.02,47716900.0
2023-04-11,162.35,162.36,160.51,160.8,158.81,47644200.0
2023-04-12,161.22,162.06,159.78,160.1,158.11,50133100.0
2023-04-13,161.63,165.8,161.42,165.56,163.51,68445600.0
2023-04-14,164.59,166.32,163.82,165.21,163.16,49386500.0
2023-04-17,165.09,165.39,164.03,165.23,163.18,41516200.0
2023-04-18,166.1,167.41,165.65,166.47,164.41,49923000.0
2023-04-19,165.8,168.16,165.54,167.63,165.55,47720200.0
2023-04-20,166.09,167.87,165.56,166.65,164.58,52456400.0
2023-04-21,165.05,166.45,164.49,165.02,162.97,58337300.0
2023-04-24,165.0,165.6,163.89,165.33,163.28,41949600.0
2023-04-25,165.19,166.31,163.73,163.77,161.74,48714100.0
2023-04-26,163.06,165.28,162.8,163.76,161.73,45498800.0
2023-04-27,165.19,168.56,165.19,168.41,166.32,64902300.0
2023-04-28,168.49,169.85,167.88,169.68,167.58,55275900.0
2023-05-01,169.28,170.45,168.64,169.59,167.49,52472900.0
2023-05-02,170.09,170.35,167.54,168.54,166.45,48425700.0
2023-05-03,169.5,170.92,167.16,167.45,165.37,65136000.0
2023-05-04,164.89,167.04,164.31,165.79,163.73,81235400.0
2023-05-05,170.98,174.3,170.76,173.57,171.42,113453200.0
2023-05-08,172.48,173.85,172.11,173.5,171.35,55962800.0
2023-05-09,173.05,173.54,171.6,171.77,169.64,45326900.0
2023-05-10,173.02,174.03,171.9,173.56,171.41,53724500.0
2023-05-11,173.85,174.59,172.17,173.75,171.6,49514700.0
2023-05-12,173.62,174.06,171.0,172.57,170.67,45533100.0
2023-05-15,173.16,173.21,171.47,172.07,170.17,37266700.0
2023-05-16,171.99,173.14,171.8,172.07,170.17,42110300.0
2023-05-17,171.71,172.93,170.42,172.69,170.78,57951600.0
2023-05-18,173.0,175.24,172.58,175.05,173.12,65496700.0
2023-05-19,176.39,176.39,174.94,175.16,173.23,55809500.0
2023-05-22,173.98,174.71,173.45,174.2,172.28,43570900.0
2023-05-23,173.13,173.38,171.28,171.56,169.67,50747300.0
2023-05-24,171.09,172.42,170.52,171.84,169.94,45143500.0
2023-05-25,172.41,173.9,171.69,172.99,171.08,56058300.0
2023-05-26,173.32,175.77,173.11,175.43,173.49,54835000.0
2023-05-30,176.96,178.99,176.57,177.3,175.34,55964400.0
2023-05-31,177.33,179.35,176.76,177.25,175.29,99625300.0
2023-06-01,177.7,180.12,176.93,180.09,178.1,68901800.0
2023-06-02,181.03,181.78,179.26,180.95,178.95,61996900.0
2023-06-05,182.63,184.95,178.04,179.58,177.6,121946500.0
2023-06-06,179.97,180.12,177.43,179.21,177.23,64848400.0
2023-06-07,178.44,181.21,177.32,177.82,175.86,61944600.0
2023-06-08,177.9,180.84,177.46,180.57,178.58,50214900.0
2023-06-09,181.5,182.23,180.63,180.96,178.96,48900000.0
2023-06-12,181.27,183.89,180.97,183.79,181.76,54274900.0
2023-06-13,182.8,184.15,182.44,183.31,181.29,54929100.0
2023-06-14,183.37,184.39,182.02,183.95,181.92,57462900.0
2023-06-15,183.96,186.52,183.78,186.01,183.96,65433200.0
2023-06-16,186.73,186.99,184.27,184.92,182.88,101256200.0
2023-06-20,184.41,186.1,184.41,185.01,182.97,49799100.0
2023-06-21,184.9,185.41,182.59,183.96,181.93,49515700.0
2023-06-22,183.74,187.05,183.67,187.0,184.94,51245300.0
2023-06-23,185.55,187.56,185.01,186.68,184.62,53117000.0
2023-06-26,186.83,188.05,185.23,185.27,183.23,48088700.0
2023-06-27,185.89,188.39,185.67,188.06,185.98,50730800.0
2023-06-28,187.93,189.9,187.6,189.25,187.16,51216800.0
2023-06-29,189.08,190.07,188.94,189.59,187.5,46347300.0
2023-06-30,191.63,194.48,191.26,193.97,191.83,85213200.0
2023-07-03,193.78,193.88,191.76,192.46,190.34,31458200.0
2023-07-05,191.57,192.98,190.62,191.33,189.22,46920300.0
2023-07-06,189.84,192.02,189.2,191.81,189.69,45094300.0
2023-07-07,191.41,192.67,190.24,190.68,188.58,46815000.0
2023-07-10,189.26,189.99,187.04,188.61,186.53,59922200.0
2023-07-11,189.16,189.3,186.6,188.08,186.0,46638100.0
2023-07-12,189.68,191.7,188.47,189.77,187.68,60750200.0
2023-07-13,190.5,191.19,189.78,190.54,188.44,41342300.0
2023-07-14,190.23,191.18,189.63,190.69,188.59,41616200.0
2023-07-17,191.9,194.32,191.81,193.99,191.85,50520200.0
2023-07-18,193.35,194.33,192.42,193.73,191.59,48288200.0
2023-07-19,193.1,198.23,192.65,195.1,192.95,80507300.0
2023-07-20,195.09,196.47,192.5,193.13,191.0,59581200.0
2023-07-21,194.1,194.97,191.23,191.94,189.82,71951700.0
2023-07-24,193.41,194.91,192.25,192.75,190.62,45377800.0
2023-07-25,193.33,194.44,192.92,193.62,191.48,37283200.0
2023-07-26,193.67,195.64,193.32,194.5,192.35,47471900.0
2023-07-27,196.02,197.2,192.55,193.22,191.09,47460200.0
2023-07-28,194.67,196.63,194.14,195.83,193.67,48291400.0
2023-07-31,196.06,196.49,195.26,196.45,194.28,38824100.0
2023-08-01,196.24,196.73,195.28,195.61,193.45,35175100.0
2023-08-02,195.04,195.18,191.85,192.58,190.45,50389300.0
2023-08-03,191.57,192.37,190.69,191.17,189.06,61235200.0
2023-08-04,185.52,187.38,181.92,181.99,179.98,115956800.0
2023-08-07,182.13,183.13,177.35,178.85,176.88,97576100.0
2023-08-08,179.69,180.27,177.58,179.8,177.82,67823000.0
2023-08-09,180.87,180.93,177.01,178.19,176.22,60378500.0
2023-08-10,179.48,180.75,177.6,177.97,176.01,54686900.0
2023-08-11,177.32,178.62,176.55,177.79,176.07,52036700.0
2023-08-14,177.97,179.69,177.31,179.46,177.72,43675600.0
2023-08-15,178.88,179.48,177.05,177.45,175.73,43622600.0
2023-08-16,177.13,178.54,176.5,176.57,174.86,46964900.0
2023-08-17,177.14,177.51,173.48,174.0,172.31,66062900.0
2023-08-18,172.3,175.1,171.96,174.49,172.8,61172200.0
2023-08-21,175.07,176.13,173.74,175.84,174.13,46311900.0
2023-08-22,177.06,177.68,176.25,177.23,175.51,42038900.0
2023-08-23,178.52,181.55,178.33,181.12,179.36,52722800.0
2023-08-24,180.67,181.1,176.01,176.38,174.67,54945800.0
2023-08-25,177.38,179.15,175.82,178.61,176.88,51449600.0
2023-08-28,180.09,180.59,178.55,180.19,178.44,43820700.0
2023-08-29,179.7,184.9,179.5,184.12,182.33,53003900.0
2023-08-30,184.94,187.85,184.74,187.65,185.83,60813900.0
2023-08-31,187.84,189.12,187.48,187.87,186.05,60794500.0
2023-09-01,189.49,189.92,188.28,189.46,187.62,45766500.0
2023-09-05,188.28,189.98,187.61,189.7,187.86,45280000.0
2023-09-06,188.4,188.85,181.47,182.91,181.14,81755800.0
2023-09-07,175.18,178.21,173.54,177.56,175.84,112488800.0
2023-09-08,178.35,180.24,177.79,178.18,176.45,65551300.0
2023-09-11,180.07,180.3,177.34,179.36,177.62,58953100.0
2023-09-12,179.49,180.13,174.82,176.3,174.59,90370200.0
2023-09-13,176.51,177.3,173.98,174.21,172.52,84267900.0
2023-09-14,174.0,176.1,173.58,175.74,174.04,60895800.0
2023-09-15,176.48,176.5,173.82,175.01,173.31,109259500.0
2023-09-18,176.48,179.38,176.17,177.97,176.24,67257600.0
2023-09-19,177.52,179.63,177.13,179.07,177.33,51826900.0
2023-09-20,179.26,179.7,175.4,175.49,173.79,58436200.0
2023-09-21,174.55,176.3,173.86,173.93,172.24,63149100.0
2023-09-22,174.67,177.08,174.05,174.79,173.09,56725400.0
2023-09-25,174.2,176.97,174.15,176.08,174.37,46172700.0
2023-09-26,174.82,175.2,171.66,171.96,170.29,64588900.0
2023-09-27,172.62,173.04,169.05,170.43,168.78,66921800.0
2023-09-28,169.34,172.03,167.62,170.69,169.03,56294400.0
2023-09-29,172.02,173.07,170.34,171.21,169.55,51861100.0
2023-10-02,171.22,174.3,170.93,173.75,172.06,52164500.0
2023-10-03,172.26,173.63,170.82,172.4,170.73,49594600.0
2023-10-04,171.09,174.21,170.97,173.66,171.98,53020300.0
2023-10-05,173.79,175.45,172.68,174.91,173.21,48527900.0
2023-10-06,173.8,177.99,173.18,177.49,175.77,57266700.0
2023-10-09,176.81,179.05,175.8,178.99,177.25,42390800.0
2023-10-10,178.1,179.72,177.95,178.39,176.66,43698000.0
2023-10-11,178.2,179.85,177.6,179.8,178.06,47551100.0
2023-10-12,180.07,182.34,179.04,180.71,178.96,56743100.0
2023-10-13,181.42,181.93,178.14,178.85,177.12,51427100.0
2023-10-16,176.75,179.08,176.51,178.72,176.99,52517000.0
2023-10-17,176.65,178.42,174.8,177.15,175.43,57549400.0
2023-10-18,175.58,177.58,175.11,175.84,174.13,54764400.0
2023-10-19,176.04,177.84,175.19,175.46,173.76,59302900.0
2023-10-20,175.31,175.42,172.64,172.88,171.2,64244000.0
2023-10-23,170.91,174.01,169.93,173.0,171.32,55980100.0
2023-10-24,173.05,173.67,171.45,173.44,171.76,43816600.0
2023-10-25,171.88,173.06,170.65,171.1,169.44,57157000.0
2023-10-26,170.37,171.38,165.67,166.89,165.27,70625300.0
2023-10-27,166.91,168.96,166.83,168.22,166.59,58499100.0
2023-10-30,169.02,171.17,168.87,170.29,168.64,51131000.0
2023-10-31,169.35,170.9,167.9,170.77,169.11,44846000.0
2023-11-01,171.0,174.23,170.12,173.97,172.28,56934900.0
2023-11-02,175.52,177.78,175.46,177.57,175.85,77334800.0
2023-11-03,174.24,176.82,173.35,176.65,174.94,79829200.0
2023-11-06,176.38,179.43,176.21,179.23,177.49,63841300.0
2023-11-07,179.18,182.44,178.97,181.82,180.06,70530000.0
2023-11-08,182.35,183.45,181.59,182.89,181.12,49340300.0
2023-11-09,182.96,184.12,181.81,182.41,180.64,53763500.0
2023-11-10,183.97,186.57,183.53,186.4,184.84,66133400.0
2023-11-13,185.82,186.03,184.21,184.8,183.25,43627500.0
2023-11-14,187.7,188.11,186.3,187.44,185.87,60108400.0
2023-11-15,187.85,189.5,187.78,188.01,186.43,53790500.0
2023-11-16,189.57,190.96,188.65,189.71,188.12,54412900.0
2023-11-17,190.25,190.38,188.57,189.69,188.1,50922700.0
2023-11-20,189.89,191.91,189.88,191.45,189.84,46505100.0
2023-11-21,191.41,191.52,189.74,190.64,189.04,38134500.0
2023-11-22,191.49,192.93,190.83,191.31,189.7,39617700.0
2023-11-24,190.87,190.9,189.25,189.97,188.38,24048300.0
2023-11-27,189.92,190.67,188.9,189.79,188.2,40552600.0
2023-11-28,189.78,191.08,189.4,190.4,188.8,38415400.0
2023-11-29,190.9,192.09,188.97,189.37,187.78,43014200.0
2023-11-30,189.84,190.32,188.19,189.95,188.36,48794400.0
2023-12-01,190.33,191.56,189.23,191.24,189.63,45704800.0
2023-12-04,189.98,190.05,187.45,189.43,187.84,43389500.0
2023-12-05,190.21,194.4,190.18,193.42,191.8,66628400.0
2023-12-06,194.45,194.76,192.11,192.32,190.71,41089700.0
2023-12-07,193.63,195.0,193.59,194.27,192.64,47477700.0
2023-12-08,194.2,195.99,193.67,195.71,194.07,53406400.0
2023-12-11,193.11,193.49,191.42,193.18,191.56,60943700.0
2023-12-12,193.08,194.72,191.72,194.71,193.08,52696900.0
2023-12-13,195.09,198.0,194.85,197.96,196.3,70404200.0
2023-12-14,198.02,199.62,196.16,198.11,196.45,66831600.0
2023-12-15,197.53,198.4,197.0,197.57,195.91,128538400.0
2023-12-18,196.09,196.63,194.39,195.89,194.25,55751900.0
2023-12-19,196.16,196.95,195.89,196.94,195.29,40714100.0
2023-12-20,196.9,197.68,194.83,194.83,193.19,52242800.0
2023-12-21,196.1,197.08,193.5,194.68,193.05,46482500.0
2023-12-22,195.18,195.41,192.97,193.6,191.97,37149600.0
2023-12-26,193.61,193.89,192.83,193.05,191.43,28919300.0
2023-12-27,192.49,193.5,191.09,193.15,191.53,48087700.0
2023-12-28,194.14,194.66,193.17,193.58,191.95,34049900.0
2023-12-29,193.9,194.4,191.73,192.53,190.91,42672100.0
2024-01-02,187.15,188.44,183.89,185.64,184.08,82488700.0
2024-01-03,184.22,185.88,183.43,184.25,182.7,58414500.0
2024-01-04,182.15,183.09,180.88,181.91,180.38,71983600.0
2024-01-05,181.99,182.76,180.17,181.18,179.66,62379700.0
2024-01-08,182.09,185.6,181.5,185.56,184.0,59144500.0
2024-01-09,183.92,185.15,182.73,185.14,183.59,42841800.0
2024-01-10,184.35,186.4,183.92,186.19,184.63,46792900.0
2024-01-11,186.54,187.05,183.62,185.59,184.03,49128400.0
2024-01-12,186.06,186.74,185.19,185.92,184.36,40477800.0
2024-01-16,182.16,184.26,180.93,183.63,182.09,65603000.0
2024-01-17,181.27,182.93,180.3,182.68,181.15,47317400.0
2024-01-18,186.09,189.14,185.83,188.63,187.05,78005800.0
2024-01-19,189.33,191.95,188.82,191.56,189.95,68903000.0
2024-01-22,192.3,195.33,192.26,193.89,192.26,60133900.0
2024-01-23,195.02,195.75,193.83,195.18,193.54,42355600.0
2024-01-24,195.42,196.38,194.34,194.5,192.87,53631300.0
2024-01-25,195.22,196.27,193.11,194.17,192.54,54822100.0
2024-01-26,194.27,194.76,191.94,192.42,190.8,44594000.0
2024-01-29,192.01,192.2,189.58,191.73,190.12,47145600.0
2024-01-30,190.94,191.8,187.47,188.04,186.46,55859400.0
2024-01-31,187.04,187.1,184.35,184.4,182.85,55467800.0
2024-02-01,183.99,186.95,183.82,186.86,185.29,64885400.0
2024-02-02,179.86,187.33,179.25,185.85,184.29,102551700.0
2024-02-05,188.15,189.25,185.84,187.68,186.1,69668800.0
2024-02-06,186.86,189.31,186.77,189.3,187.71,43490800.0
2024-02-07,190.64,191.05,188.61,189.41,187.82,53439000.0
2024-02-08,189.39,189.54,187.35,188.32,186.74,40962000.0
2024-02-09,188.65,189.99,188.0,188.85,187.5,45155200.0
2024-02-12,188.42,188.67,186.79,187.15,185.82,41781900.0
2024-02-13,185.77,186.21,183.51,185.04,183.72,56529500.0
2024-02-14,185.32,185.53,182.44,184.15,182.84,54630500.0
2024-02-15,183.55,184.49,181.35,183.86,182.55,65434500.0
2024-02-16,183.42,184.85,181.67,182.31,181.01,49752500.0
2024-02-20,181.79,182.43,180.0,181.56,180.27,53665600.0
2024-02-21,181.94,182.89,180.66,182.32,181.02,41371400.0
2024-02-22,183.48,184.96,182.46,184.37,183.06,52292200.0
2024-02-23,185.01,185.04,182.23,182.52,181.22,45119700.0
2024-02-26,182.24,182.76,180.65,181.16,179.87,40867400.0
2024-02-27,181.1,183.92,179.56,182.63,181.33,54318900.0
2024-02-28,182.51,183.12,180.13,181.42,180.13,48953900.0
2024-02-29,181.27,182.57,179.53,180.75,179.46,136682600.0
2024-03-01,179.55,180.53,177.38,179.66,178.38,73563100.0
2024-03-04,176.15,176.9,173.79,175.1,173.85,81510100.0
2024-03-05,170.76,172.04,169.62,170.12,168.91,95132400.0
2024-03-06,171.06,171.24,168.68,169.12,167.91,68587700.0
2024-03-07,169.15,170.73,168.49,169.0,167.8,71765100.0
2024-03-08,169.0,173.7,168.94,170.73,169.51,76267000.0
2024-03-11,172.94,174.38,172.05,172.75,171.52,60139500.0
2024-03-12,173.15,174.03,171.01,173.23,171.99,59825400.0
2024-03-13,172.77,173.19,170.76,171.13,169.91,52488700.0
2024-03-14,172.91,174.31,172.05,173.0,171.77,72913500.0
2024-03-15,171.17,172.62,170.29,172.62,171.39,121752700.0
2024-03-18,175.57,177.71,173.52,173.72,172.48,75604200.0
2024-03-19,174.34,176.61,173.03,176.08,174.82,55215200.0
2024-03-20,175.72,178.67,175.09,178.67,177.4,53423100.0
2024-03-21,177.05,177.49,170.84,171.37,170.15,106181300.0
2024-03-22,171.76,173.05,170.06,172.28,171.05,71160100.0
2024-03-25,170.57,171.94,169.45,170.85,169.63,54288300.0
2024-03-26,170.0,171.42,169.58,169.71,168.5,57388400.0
2024-03-27,170.41,173.6,170.11,173.31,172.07,60273300.0
2024-03-28,171.75,172.23,170.51,171.48,170.26,65672700.0
2024-04-01,171.19,171.25,169.48,170.03,168.82,46240500.0
2024-04-02,169.08,169.34,168.23,168.84,167.64,49329500.0
2024-04-03,168.79,170.68,168.58,169.65,168.44,47691700.0
2024-04-04,170.29,171.92,168.82,168.82,167.62,53704400.0
2024-04-05,169.59,170.39,168.95,169.58,168.37,42104800.0
2024-04-08,169.03,169.2,168.24,168.45,167.25,37425500.0
2024-04-09,168.7,170.08,168.35,169.67,168.46,42373800.0
2024-04-10,168.8,169.09,167.11,167.78,166.58,49709300.0
2024-04-11,168.34,175.46,168.16,175.04,173.79,91070300.0
2024-04-12,174.26,178.36,174.21,176.55,175.29,101670900.0
2024-04-15,175.36,176.63,172.5,172.69,171.46,73531800.0
2024-04-16,171.75,173.76,168.27,169.38,168.17,73711200.0
2024-04-17,169.61,170.65,168.0,168.0,166.8,50901200.0
2024-04-18,168.03,168.64,166.55,167.04,165.85,43122900.0
2024-04-19,166.21,166.4,164.08,165.0,163.82,68149400.0
2024-04-22,165.52,167.26,164.77,165.84,164.66,48116400.0
2024-04-23,165.35,167.05,164.92,166.9,165.71,49537800.0
2024-04-24,166.54,169.3,166.21,169.02,167.81,48251800.0
2024-04-25,169.53,170.61,168.15,169.89,168.68,50558300.0
2024-04-26,169.88,171.34,169.18,169.3,168.09,44838400.0
2024-04-29,173.37,176.03,173.1,173.5,172.26,68169400.0
2024-04-30,173.33,174.99,170.0,170.33,169.12,65934800.0
2024-05-01,169.58,172.71,169.11,169.3,168.09,50383100.0
2024-05-02,172.51,173.42,170.89,173.03,171.8,94214900.0
2024-05-03,186.65,187.0,182.66,183.38,182.07,163224100.0
2024-05-06,182.35,184.2,180.42,181.71,180.41,78569700.0
2024-05-07,183.45,184.9,181.32,182.4,181.1,77305800.0
2024-05-08,182.85,183.07,181.45,182.74,181.44,45057100.0
2024-05-09,182.56,184.66,182.11,184.57,183.25,48983000.0
2024-05-10,184.9,185.09,182.13,183.05,181.99,50759500.0
2024-05-13,185.44,187.1,184.62,186.28,185.2,72044800.0
2024-05-14,187.51,188.3,186.29,187.43,186.35,52393600.0
2024-05-15,187.91,190.65,187.37,189.72,188.62,70400000.0
2024-05-16,190.47,191.1,189.66,189.84,188.74,52845200.0
2024-05-17,189.51,190.81,189.18,189.87,188.77,41282900.0
2024-05-20,189.33,191.92,189.01,191.04,189.94,44361300.0
2024-05-21,191.09,192.73,190.92,192.35,191.24,42309400.0
2024-05-22,192.27,192.82,190.27,190.9,189.8,34648500.0
2024-05-23,190.98,191.0,186.63,186.88,185.8,51005900.0
2024-05-24,188.82,190.58,188.04,189.98,188.88,36327000.0
2024-05-28,191.51,193.0,189.1,189.99,188.89,52280100.0
2024-05-29,189.61,192.25,189.51,190.29,189.19,53068000.0
2024-05-30,190.76,192.18,190.63,191.29,190.18,49889100.0
2024-05-31,191.44,192.57,189.91,192.25,191.14,75158300.0
2024-06-03,192.9,194.99,192.52,194.03,192.91,50080500.0
2024-06-04,194.64,195.32,193.03,194.35,193.23,47471400.0
2024-06-05,195.4,196.9,194.87,195.87,194.74,54156800.0
2024-06-06,195.69,196.5,194.17,194.48,193.36,41181800.0
2024-06-07,194.65,196.94,194.14,196.89,195.75,53103900.0
2024-06-10,196.9,197.3,192.15,193.12,192.0,97010200.0
2024-06-11,193.65,207.16,193.63,207.15,205.95,172373300.0
2024-06-12,207.37,220.2,206.9,213.07,211.84,198134300.0
2024-06-13,214.74,216.75,211.6,214.24,213.0,97862700.0
2024-06-14,213.85,215.17,211.3,212.49,211.26,70122700.0
2024-06-17,213.37,218.95,212.72,216.67,215.42,93728300.0
2024-06-18,217.59,218.63,213.0,214.29,213.05,79943300.0
2024-06-20,213.93,214.24,208.85,209.68,208.47,86172500.0
2024-06-21,210.39,211.89,207.11,207.49,206.29,241805100.0
2024-06-24,207.72,212.7,206.59,208.14,206.94,80727000.0
2024-06-25,209.15,211.38,208.61,209.07,207.86,55549700.0
2024-06-26,211.5,214.86,210.64,213.25,212.02,66213200.0
2024-06-27,214.69,215.74,212.35,214.1,212.86,49772700.0
2024-06-28,215.77,216.07,210.3,210.62,209.4,82542700.0
2024-07-01,212.09,217.51,211.92,216.75,215.5,60402900.0
2024-07-02,216.15,220.38,215.1,220.27,219.0,58046200.0
2024-07-03,220.0,221.55,219.03,221.55,220.27,37369800.0
2024-07-05,221.65,226.45,221.65,226.34,225.03,60412400.0
2024-07-08,227.09,227.85,223.25,227.82,226.5,59085900.0
2024-07-09,227.93,229.4,226.37,228.68,227.36,48076100.0
2024-07-10,229.3,233.08,229.25,232.98,231.63,62627700.0
2024-07-11,231.39,232.39,225.77,227.57,226.25,64710600.0
2024-07-12,228.92,232.64,228.68,230.54,229.21,53046500.0
2024-07-15,236.48,237.23,233.09,234.4,233.04,62631300.0
2024-07-16,235.0,236.27,232.33,234.82,233.46,43234300.0
2024-07-17,229.45,231.46,226.64,228.88,227.56,57345900.0
2024-07-18,230.28,230.44,222.27,224.18,222.88,66034600.0
2024-07-19,224.82,226.8,223.28,224.31,223.01,49151500.0
2024-07-22,227.01,227.78,223.09,223.96,222.66,48201800.0
2024-07-23,224.37,226.94,222.68,225.01,223.71,39960300.0
2024-07-24,224.0,224.8,217.13,218.54,217.28,61777600.0
2024-07-25,218.93,220.85,214.62,217.49,216.23,51391200.0
2024-07-26,218.7,219.49,216.01,217.96,216.7,41601300.0
2024-07-29,216.96,219.3,215.75,218.24,216.98,36311800.0
2024-07-30,219.19,220.33,216.12,218.8,217.53,41643800.0
2024-07-31,221.44,223.82,220.63,222.08,220.8,50036300.0
2024-08-01,224.37,224.48,217.02,218.36,217.1,62501000.0
2024-08-02,219.15,225.6,217.71,219.86,218.59,105568600.0
2024-08-05,199.09,213.5,196.0,209.27,208.06,119548600.0
2024-08-06,205.3,209.99,201.07,207.23,206.03,69660500.0
2024-08-07,206.9,213.64,206.39,209.82,208.61,63516400.0
2024-08-08,213.11,214.2,208.83,213.31,212.08,47161100.0
2024-08-09,212.1,216.78,211.97,216.24,214.99,42201600.0
2024-08-12,216.07,219.51,215.6,217.53,216.52,38028100.0
2024-08-13,219.01,221.89,219.01,221.27,220.24,44155300.0
2024-08-14,220.57,223.03,219.7,221.72,220.69,41960600.0
2024-08-15,224.6,225.35,222.76,224.72,223.68,46414000.0
2024-08-16,223.92,226.83,223.65,226.05,225.0,44340200.0
2024-08-19,225.72,225.99,223.04,225.89,224.84,40687800.0
2024-08-20,225.77,227.17,225.45,226.51,225.46,30299000.0
2024-08-21,226.52,227.98,225.05,226.4,225.35,34765500.0
2024-08-22,227.79,228.34,223.9,224.53,223.49,43695300.0
2024-08-23,225.66,228.22,224.33,226.84,225.79,38677300.0
2024-08-26,226.76,227.28,223.89,227.18,226.13,30602200.0
2024-08-27,226.0,228.85,224.89,228.03,226.97,35934600.0
2024-08-28,227.92,229.86,225.68,226.49,225.44,38052200.0
2024-08-29,230.1,232.92,228.88,229.79,228.73,51906300.0
2024-08-30,230.19,230.4,227.48,229.0,227.94,52990800.0
2024-09-03,228.55,229.0,221.17,222.77,221.74,50190600.0
2024-09-04,221.66,221.78,217.48,220.85,219.83,43840200.0
2024-09-05,221.63,225.48,221.52,222.38,221.35,36615400.0
2024-09-06,223.95,225.24,219.77,220.82,219.8,48423000.0
2024-09-09,220.82,221.27,216.71,220.91,219.89,67180000.0
2024-09-10,218.92,221.48,216.73,220.11,219.09,51591000.0
2024-09-11,221.46,223.09,217.89,222.66,221.63,44587100.0
2024-09-12,222.5,223.55,219.82,222.77,221.74,37455600.0
2024-09-13,223.58,224.04,221.91,222.5,221.47,36766600.0
2024-09-16,216.54,217.22,213.92,216.32,215.32,59357400.0
2024-09-17,215.75,216.9,214.5,216.79,215.79,45519300.0
2024-09-18,217.55,222.71,217.54,220.69,219.67,59894900.0
2024-09-19,224.99,229.82,224.63,228.87,227.81,66781300.0
2024-09-20,229.97,233.09,227.62,228.2,227.14,318679900.0
2024-09-23,227.34,229.45,225.81,226.47,225.42,54146000.0
2024-09-24,228.65,229.35,225.73,227.37,226.32,43556100.0
2024-09-25,224.93,227.29,224.02,226.37,225.32,42308700.0
2024-09-26,227.3,228.5,225.41,227.52,226.47,36636700.0
2024-09-27,228.46,229.52,227.3,227.79,226.73,34026000.0
2024-09-30,230.04,233.0,229.65,233.0,231.92,54541900.0
2024-10-01,229.52,229.65,223.74,226.21,225.16,63285000.0
2024-10-02,225.89,227.37,223.02,226.78,225.73,32880600.0
2024-10-03,225.14,226.81,223.32,225.67,224.62,34044200.0
2024-10-04,227.9,228.0,224.13,226.8,225.75,37245100.0
2024-10-07,224.5,225.69,221.33,221.69,220.66,39505400.0
2024-10-08,224.3,225.98,223.25,225.77,224.72,31855700.0
2024-10-09,225.23,229.75,224.83,229.54,228.48,33591100.0
2024-10-10,227.78,229.5,227.17,229.04,227.98,28183500.0
2024-10-11,229.3,229.41,227.34,227.55,226.5,31759200.0
2024-10-14,228.7,231.73,228.6,231.3,230.23,39882100.0
2024-10-15,233.61,237.49,232.37,233.85,232.77,64751400.0
2024-10-16,231.6,232.12,229.84,231.78,230.71,34082200.0
2024-10-17,233.43,233.85,230.52,232.15,231.07,32993800.0
2024-10-18,236.18,236.18,234.01,235.0,233.91,46431500.0
2024-10-21,234.45,236.85,234.45,236.48,235.38,36254500.0
2024-10-22,233.89,236.22,232.6,235.86,234.77,38846600.0
2024-10-23,234.08,235.14,227.76,230.76,229.69,52287000.0
2024-10-24,229.98,230.82,228.41,230.57,229.5,31109500.0
2024-10-25,229.74,233.22,229.57,231.41,230.34,38802300.0
2024-10-28,233.32,234.73,232.55,233.4,232.32,36087100.0
2024-10-29,233.1,234.33,232.32,233.67,232.59,35417200.0
2024-10-30,232.61,233.47,229.55,230.1,229.03,47070900.0
2024-10-31,229.34,229.83,225.37,225.91,224.86,64370100.0
2024-11-01,220.97,225.35,220.27,222.91,221.88,65276700.0
2024-11-04,220.99,222.79,219.71,222.01,220.98,44944500.0
2024-11-05,221.8,223.95,221.14,223.45,222.41,28111300.0
2024-11-06,222.61,226.07,221.19,222.72,221.69,54561100.0
2024-11-07,224.63,227.88,224.57,227.48,226.43,42137700.0
2024-11-08,227.17,228.66,226.41,226.96,226.16,38328800.0
2024-11-11,225.0,225.7,221.5,224.23,223.44,42005600.0
2024-11-12,224.55,225.59,223.36,224.23,223.44,40398300.0
2024-11-13,224.01,226.65,222.76,225.12,224.32,48566200.0
2024-11-14,225.02,228.87,225.0,228.22,227.41,44923900.0
2024-11-15,226.4,226.92,224.27,225.0,224.2,47923700.0
2024-11-18,225.25,229.74,225.17,228.02,227.21,44633700.0
2024-11-19,226.98,230.16,226.66,228.28,227.47,36211800.0
2024-11-20,228.06,229.93,225.89,229.0,228.19,35169600.0
2024-11-21,228.88,230.16,225.71,228.52,227.71,42108300.0
2024-11-22,228.06,230.72,228.06,229.87,229.06,38168300.0
2024-11-25,231.46,233.25,229.74,232.87,232.05,90152800.0
2024-11-26,233.33,235.57,233.33,235.06,234.23,45986200.0
2024-11-27,234.47,235.69,233.81,234.93,234.1,33498400.0
2024-11-29,234.81,237.81,233.97,237.33,236.49,28481400.0
2024-12-02,237.27,240.79,237.16,239.59,238.74,48137100.0
2024-12-03,239.81,242.76,238.9,242.65,241.79,38861000.0
2024-12-04,242.87,244.11,241.25,243.01,242.15,44383900.0
2024-12-05,243.99,244.54,242.13,243.04,242.18,40033900.0
2024-12-06,242.91,244.63,242.08,242.84,241.98,36870600.0
2024-12-09,241.83,247.24,241.75,246.75,245.88,44649200.0
2024-12-10,246.89,248.21,245.34,247.77,246.89,36914800.0
2024-12-11,247.96,250.8,246.26,246.49,245.62,45205800.0
2024-12-12,246.89,248.74,245.68,247.96,247.08,32777500.0
2024-12-13,247.82,249.29,246.24,248.13,247.25,33155300.0
2024-12-16,247.99,251.38,247.65,251.04,250.15,51694800.0
2024-12-17,250.08,253.83,249.78,253.48,252.58,51356400.0
2024-12-18,252.16,254.28,247.74,248.05,247.17,56774100.0
2024-12-19,247.5,252.0,247.09,249.79,248.91,60882300.0
2024-12-20,248.04,255.0,245.69,254.49,253.59,147495300.0
2024-12-23,254.77,255.65,253.45,255.27,254.37,40858800.0
2024-12-24,255.49,258.21,255.29,258.2,257.29,23234700.0
2024-12-26,258.19,260.1,257.63,259.02,258.1,27237100.0
2024-12-27,257.83,258.7,253.06,255.59,254.69,42355300.0
2024-12-30,252.23,253.5,250.75,252.2,251.31,35557500.0
2024-12-31,252.44,253.28,249.43,250.42,249.53,39480700.0
2025-01-02,248.93,249.1,241.82,243.85,242.99,55740700.0
2025-01-03,243.36,244.18,241.89,243.36,242.5,40244100.0
2025-01-06,244.31,247.33,243.2,245.0,244.13,45045600.0
2025-01-07,242.98,245.55,241.35,242.21,241.35,40856000.0
2025-01-08,241.92,243.71,240.05,242.7,241.84,37628900.0
2025-01-10,240.01,240.16,233.0,236.85,236.01,61710900.0
2025-01-13,233.53,234.67,229.72,234.4,233.57,49630700.0
2025-01-14,234.75,236.12,232.47,233.28,232.45,39435300.0
2025-01-15,234.64,238.96,234.43,237.87,237.03,39832000.0
2025-01-16,237.35,238.01,228.03,228.26,227.45,71759100.0
2025-01-17,232.12,232.29,228.48,229.98,229.17,68488300.0
2025-01-21,224.0,224.42,219.38,222.64,221.85,98070400.0
2025-01-22,219.79,224.12,219.79,223.83,223.04,64126500.0
2025-01-23,224.74,227.03,222.3,223.66,222.87,60234800.0
2025-01-24,224.78,225.63,221.41,222.78,221.99,54697900.0
2025-01-27,224.02,232.15,223.98,229.86,229.05,94863400.0
2025-01-28,230.85,240.19,230.81,238.26,237.42,75707600.0
2025-01-29,234.12,239.86,234.01,239.36,238.51,45486100.0
2025-01-30,238.67,240.79,237.21,237.59,236.75,55658300.0
2025-01-31,247.19,247.19,233.44,236.0,235.17,100959800.0
2025-02-03,229.99,231.83,225.7,228.01,227.2,73063300.0
2025-02-04,227.25,233.13,226.65,232.8,231.98,45067300.0
2025-02-05,228.53,232.67,228.27,232.47,231.65,39620300.0
2025-02-06,231.29,233.8,230.43,233.22,232.4,29925300.0
2025-02-07,232.6,234.0,227.26,227.63,226.82,39707200.0
2025-02-10,229.57,230.59,227.2,227.65,227.09,33115600.0
2025-02-11,228.2,235.23,228.13,232.62,232.05,53718400.0
2025-02-12,231.2,236.96,230.68,236.87,236.29,45243300.0
2025-02-13,236.91,242.34,235.57,241.53,240.94,53614100.0
2025-02-14,241.25,245.55,240.99,244.6,244.0,40896200.0
2025-02-18,244.15,245.18,241.84,244.47,243.87,48822500.0
2025-02-19,244.66,246.01,243.16,244.87,244.27,32204200.0
2025-02-20,244.94,246.78,244.29,245.83,245.23,32316900.0
2025-02-21,245.95,248.69,245.22,245.55,244.95,53197400.0
2025-02-24,244.93,248.86,244.42,247.1,246.5,51326400.0
2025-02-25,248.0,250.0,244.91,247.04,246.44,48013300.0
2025-02-26,244.33,244.98,239.13,240.36,239.77,44433600.0
2025-02-27,239.41,242.46,237.06,237.3,236.72,41153600.0
2025-02-28,236.95,242.09,230.2,241.84,241.25,56833400.0
2025-03-03,241.79,244.03,236.11,238.03,237.45,47184000.0
2025-03-04,237.71,240.07,234.68,235.93,235.35,53798100.0
2025-03-05,235.42,236.55,229.23,235.74,235.16,47227600.0
2025-03-06,234.44,237.86,233.16,235.33,234.76,45170400.0
2025-03-07,235.11,241.37,234.76,239.07,238.49,46273600.0
2025-03-10,235.54,236.16,224.22,227.48,226.92,72071200.0
2025-03-11,223.81,225.84,217.45,220.84,220.3,76137400.0
2025-03-12,220.14,221.75,214.91,216.98,216.45,62547500.0
2025-03-13,215.95,216.84,208.42,209.68,209.17,61368300.0
2025-03-14,211.25,213.95,209.58,213.49,212.97,60107600.0
2025-03-17,213.31,215.22,209.97,214.0,213.48,48073400.0
2025-03-18,214.16,215.15,211.49,212.69,212.17,42432400.0
2025-03-19,214.22,218.76,213.75,215.24,214.71,54385400.0
2025-03-20,213.99,217.49,212.22,214.1,213.58,48862900.0
2025-03-21,211.56,218.84,211.28,218.27,217.74,94127800.0
2025-03-24,221.0,221.48,218.58,220.73,220.19,44299500.0
2025-03-25,220.77,224.1,220.08,223.75,223.2,34493600.0
2025-03-26,223.51,225.02,220.47,221.53,220.99,34466100.0
2025-03-27,221.39,224.99,220.56,223.85,223.3,37094800.0
2025-03-28,221.67,223.81,217.68,217.9,217.37,39818600.0
2025-03-31,217.01,225.62,216.23,222.13,221.59,65299300.0
2025-04-01,219.81,223.68,218.9,223.19,222.65,36412700.0
2025-04-02,221.32,225.19,221.02,223.89,223.34,35905900.0
2025-04-03,205.54,207.49,201.25,203.19,202.69,103419000.0
2025-04-04,193.89,199.88,187.34,188.38,187.92,125910900.0
2025-04-07,177.2,194.15,174.62,181.46,181.02,160466300.0
2025-04-08,186.7,190.34,169.21,172.42,172.0,120859500.0
2025-04-09,171.95,200.61,171.89,198.85,198.36,184395900.0
2025-04-10,189.07,194.78,183.0,190.42,189.96,121880000.0
2025-04-11,186.1,199.54,186.06,198.15,197.67,87435900.0
2025-04-14,211.44,212.94,201.16,202.52,202.03,101352900.0
2025-04-15,201.86,203.51,199.8,202.14,201.65,51343900.0
2025-04-16,198.36,200.7,192.37,194.27,193.8,59732400.0
2025-04-17,197.2,198.83,194.42,196.98,196.5,52164700.0
2025-04-21,193.27,193.8,189.81,193.16,192.69,46742500.0
2025-04-22,196.12,201.59,195.97,199.74,199.25,52976400.0
2025-04-23,206.0,208.0,202.8,204.6,204.1,52929200.0
2025-04-24,204.89,208.83,202.94,208.37,207.86,47311000.0
2025-04-25,206.37,209.75,206.2,209.28,208.77,38222300.0
2025-04-28,210.0,211.5,207.46,210.14,209.63,38743100.0
2025-04-29,208.69,212.24,208.37,211.21,210.69,36827600.0
2025-04-30,209.3,213.58,206.67,212.5,211.98,52286500.0
2025-05-01,209.08,214.56,208.9,213.32,212.8,57365700.0
2025-05-02,206.09,206.99,202.16,205.35,204.85,101010600.0
2025-05-05,203.1,204.1,198.21,198.89,198.4,69018500.0
2025-05-06,198.21,200.65,197.02,198.51,198.03,51216500.0
2025-05-07,199.17,199.44,193.25,196.25,195.77,68536700.0
2025-05-08,197.72,200.05,194.68,197.49,197.01,50478900.0
2025-05-09,199.0,200.54,197.54,198.53,198.05,36453900.0
2025-05-12,210.97,211.27,206.75,210.79,210.55,63775800.0
2025-05-13,210.43,213.4,209.0,212.93,212.69,51909300.0
2025-05-14,212.43,213.94,210.58,212.33,212.09,49325800.0
2025-05-15,210.95,212.96,209.54,211.45,211.21,45029500.0
2025-05-16,212.36,212.57,209.77,211.26,211.02,54737900.0
2025-05-19,207.91,209.48,204.26,208.78,208.54,46140500.0
2025-05-20,207.67,208.47,205.03,206.86,206.63,42496600.0
2025-05-21,205.17,207.04,200.71,202.09,201.86,59211800.0
2025-05-22,200.71,202.75,199.7,201.36,201.13,46742400.0
2025-05-23,193.67,197.7,193.46,195.27,195.05,78432900.0
2025-05-27,198.3,200.74,197.43,200.21,199.98,56288500.0
2025-05-28,200.59,202.73,199.9,200.42,200.19,45339700.0
2025-05-29,203.58,203.81,198.51,199.95,199.72,51396800.0
2025-05-30,199.37,201.96,196.78,200.85,200.62,70819900.0
2025-06-02,200.28,202.13,200.12,201.7,201.47,35423300.0
2025-06-03,201.35,203.77,200.96,203.27,203.04,46381600.0
2025-06-04,202.91,206.24,202.1,202.82,202.59,43604000.0
2025-06-05,203.5,204.75,200.15,200.63,200.4,55126100.0
2025-06-06,203.0,205.7,202.05,203.92,203.69,46607700.0
2025-06-09,204.39,206.0,200.02,201.45,201.22,72862600.0
2025-06-10,200.6,204.35,200.57,202.67,202.44,54672600.0
2025-06-11,203.5,204.5,198.41,198.78,198.55,60989900.0
2025-06-12,199.08,199.68,197.36,199.2,198.97,43904600.0
2025-06-13,199.73,200.37,195.7,196.45,196.23,51447300.0
2025-06-16,197.3,198.69,196.56,198.42,198.2,43020700.0
2025-06-17,197.2,198.39,195.21,195.64,195.42,38856200.0
2025-06-18,195.94,197.57,195.07,196.58,196.36,45394700.0
2025-06-20,198.24,201.7,196.86,201.0,200.77,96813500.0
2025-06-23,201.63,202.3,198.96,201.5,201.27,55814300.0
2025-06-24,202.59,203.44,200.2,200.3,200.07,54064000.0
2025-06-25,201.45,203.67,200.62,201.56,201.33,39525700.0
2025-06-26,201.43,202.64,199.46,201.0,200.77,50799100.0
2025-06-27,201.89,203.22,200.0,201.08,200.85,73188600.0
2025-06-30,202.01,207.39,199.26,205.17,204.94,91912800.0
2025-07-01,206.67,210.19,206.14,207.82,207.58,78788900.0
2025-07-02,208.91,213.34,208.14,212.44,212.2,67941800.0
2025-07-03,212.15,214.65,211.81,213.55,213.31,34955800.0
2025-07-07,212.68,216.23,208.8,209.95,209.71,50229000.0
2025-07-08,210.1,211.43,208.45,210.01,209.77,42848900.0
2025-07-09,209.53,211.33,207.22,211.14,210.9,48749400.0
2025-07-10,210.51,213.48,210.03,212.41,212.17,44443600.0
2025-07-11,210.57,212.13,209.86,211.16,210.92,39765800.0
2025-07-14,209.93,210.91,207.54,208.62,208.38,38840100.0
2025-07-15,209.22,211.89,208.92,209.11,208.87,42296300.0
2025-07-16,210.3,212.4,208.64,210.16,209.92,47490500.0
2025-07-17,210.57,211.8,209.59,210.02,209.78,48068100.0
2025-07-18,210.87,211.79,209.7,211.18,210.94,48974600.0
2025-07-21,212.1,215.78,211.63,212.48,212.24,51377400.0
2025-07-22,213.14,214.95,212.23,214.4,214.16,46404100.0
2025-07-23,215.0,215.15,212.41,214.15,213.91,46989300.0
2025-07-24,213.9,215.69,213.53,213.76,213.52,46022600.0
2025-07-25,214.7,215.24,213.4,213.88,213.64,40268800.0
2025-07-28,214.03,214.85,213.06,214.05,213.81,37858000.0
2025-07-29,214.18,214.81,210.82,211.27,211.03,51411700.0
2025-07-30,211.9,212.39,207.72,209.05,208.81,45512500.0
2025-07-31,208.49,209.84,207.16,207.57,207.33,80698400.0
2025-08-01,210.87,213.58,201.5,202.38,202.15,104434500.0
2025-08-04,204.51,207.88,201.68,203.35,203.12,75109300.0
2025-08-05,203.4,205.34,202.16,202.92,202.69,44155100.0
2025-08-06,205.63,215.38,205.59,213.25,213.01,108483100.0
2025-08-07,218.88,220.85,216.58,220.03,219.78,90224800.0
2025-08-08,220.83,231.0,219.25,229.35,229.09,113854000.0
2025-08-11,227.92,229.56,224.76,227.18,227.18,61806100.0
2025-08-12,228.01,230.8,227.07,229.65,229.65,55626200.0
2025-08-13,231.07,235.0,230.43,233.33,233.33,69878500.0
2025-08-14,234.06,235.12,230.85,232.78,232.78,51916300.0
2025-08-15,234.0,234.28,229.34,231.59,231.59,56038700.0
2025-08-18,231.7,233.12,230.11,230.89,230.89,37476200.0
2025-08-19,231.28,232.87,229.35,230.56,230.56,39402600.0
2025-08-20,229.98,230.47,225.77,226.01,226.01,42263900.0
2025-08-21,226.27,226.52,223.78,224.9,224.9,30621200.0
2025-08-22,226.17,229.09,225.41,227.76,227.76,42477800.0
2025-08-25,226.48,229.3,226.23,227.16,227.16,30983100.0
2025-08-26,226.87,229.49,224.69,229.31,229.31,54575100.0
2025-08-27,228.61,230.9,228.26,230.49,230.49,31259500.0
